Pos,ID,Name,BV,SV,Team,1_xMins,1_Pts,2_xMins,2_Pts,3_xMins,3_Pts,4_xMins,4_Pts,5_xMins,5_Pts,6_xMins,6_Pts,7_xMins,7_Pts,8_xMins,8_Pts,9_xMins,9_Pts,10_xMins,10_Pts,11_xMins,11_Pts,12_xMins,12_Pts,Elite%
F,1,Balogun,4.5,4.5,Arsenal,2,0.15,4,0.25,3,0.27,4,0.24,2,0.15,3,0.21,3,0.23,3,0.18,3,0.19,4,0.29,3,0.15,3,0.25,0.01
D,2,Cédric,4.0,4.0,Arsenal,0,0.00,0,0.00,0,0.00,0,0.00,0,0.00,0,0.00,0,0.00,0,0.00,0,0.00,0,0.00,0,0.00,0,0.00,0.00
M,3,M.Elneny,4.5,4.5,Arsenal,0,0.00,0,0.00,0,0.00,1,0.04,0,0.00,0,0.00,1,0.05,1,0.04,0,0.00,1,0.04,2,0.06,2,0.07,0.00
M,4,Fábio Vieira,5.5,5.5,Arsenal,8,0.62,9,0.57,10,0.73,9,0.57,8,0.51,9,0.60,8,0.55,9,0.51,10,0.55,9,0.67,9,0.51,10,0.65,0.00
D,5,Gabriel,5.0,5.0,Arsenal,88,4.59,86,3.85,84,4.05,84,2.99,81,3.57,81,3.18,79,3.44,80,2.25,80,2.60,78,4.27,79,2.40,78,3.98,0.28
M,6,Havertz,7.5,7.5,Arsenal,76,5.83,70,4.24,70,5.42,64,3.92,54,3.38,54,3.55,53,3.47,52,2.73,50,2.77,55,4.27,53,2.80,53,3.86,0.05
D,7,Holding,4.5,4.5,Arsenal,0,0.00,0,0.00,0,0.00,0,0.00,0,0.00,0,0.00,0,0.00,0,0.00,0,0.00,0,0.00,0,0.00,0,0.00,0.00
F,8,G.Jesus,8.0,8.0,Arsenal,0,0.00,0,0.00,0,0.00,24,1.38,70,3.79,72,4.11,72,4.09,72,3.28,74,3.53,71,4.81,73,3.35,72,4.56,0.07
M,9,Jorginho,5.5,5.5,Arsenal,15,0.67,20,0.81,20,0.89,19,0.75,18,0.75,20,0.81,22,0.88,23,0.81,22,0.83,21,0.98,22,0.81,23,0.99,0.00
D,10,Kiwior,4.5,4.5,Arsenal,9,0.37,13,0.51,13,0.53,14,0.46,13,0.53,14,0.48,16,0.64,15,0.43,15,0.49,18,0.87,17,0.53,17,0.79,0.00
M,11,Marquinhos,4.5,4.5,Arsenal,0,0.00,0,0.00,0,0.00,0,0.00,0,0.00,0,0.00,0,0.00,0,0.00,0,0.00,0,0.00,0,0.00,0,0.00,0.00
M,12,Martinelli,8.0,8.0,Arsenal,75,5.64,73,4.38,71,5.38,70,4.22,68,4.20,67,4.25,67,4.27,66,3.34,65,3.50,65,4.95,64,3.32,64,4.57,0.14
F,13,Nketiah,5.5,5.5,Arsenal,15,1.19,16,1.00,19,1.52,16,1.02,9,0.56,10,0.68,9,0.63,10,0.55,11,0.64,10,0.77,10,0.56,12,0.85,0.03
M,14,Ødegaard,8.5,8.5,Arsenal,85,5.76,83,4.45,82,5.55,83,4.41,80,4.36,79,4.41,79,4.45,79,3.45,79,3.69,78,5.33,80,3.60,77,4.93,0.22
M,15,Thomas,5.0,5.0,Arsenal,71,2.78,69,2.33,69,2.67,64,2.11,65,2.20,62,2.10,61,2.09,60,1.75,61,1.85,62,2.46,60,1.78,59,2.25,0.00
M,16,Pepe,5.0,5.0,Arsenal,0,0.00,0,0.00,0,0.00,0,0.00,0,0.00,0,0.00,0,0.00,0,0.00,0,0.00,0,0.00,0,0.00,0,0.00,0.00
G,17,Ramsdale,5.0,5.0,Arsenal,75,3.46,74,3.20,73,3.19,72,2.78,72,3.08,71,2.82,71,2.98,71,2.56,70,2.64,70,3.36,70,2.59,70,3.21,0.20
G,18,Rúnarsson,4.0,4.0,Arsenal,0,0.00,0,0.00,0,0.00,0,0.00,0,0.00,0,0.00,0,0.00,0,0.00,0,0.00,0,0.00,0,0.00,0,0.00,0.00
M,19,Saka,8.5,8.5,Arsenal,88,6.80,87,5.22,84,6.56,83,5.03,81,5.06,79,5.05,79,5.06,79,3.90,78,4.15,76,6.00,77,3.87,76,5.59,0.57
D,20,Saliba,5.0,5.0,Arsenal,90,4.42,88,3.73,85,3.80,81,2.70,81,3.37,82,2.98,81,3.29,82,2.16,80,2.42,80,4.13,80,2.30,80,3.85,0.17
M,21,Sambi,5.0,5.0,Arsenal,0,0.00,0,0.00,0,0.00,0,0.00,0,0.00,0,0.00,1,0.07,1,0.06,1,0.06,1,0.06,0,0.00,1,0.07,0.00
M,22,Smith Rowe,5.5,5.5,Arsenal,12,0.92,13,0.83,14,1.07,13,0.86,10,0.68,11,0.76,11,0.72,11,0.66,12,0.72,12,0.91,14,0.80,14,0.99,0.00
D,23,Tavares,4.0,4.0,Arsenal,0,0.00,0,0.00,0,0.00,0,0.00,0,0.00,0,0.00,0,0.00,0,0.00,0,0.00,0,0.00,0,0.00,0,0.00,0.00
D,24,Tierney,4.5,4.5,Arsenal,9,0.45,8,0.37,9,0.49,8,0.31,5,0.24,6,0.24,7,0.33,7,0.26,7,0.26,6,0.33,7,0.27,7,0.36,0.00
D,25,Tomiyasu,4.5,4.5,Arsenal,14,0.73,15,0.72,16,0.81,16,0.66,15,0.71,15,0.64,16,0.72,17,0.58,18,0.69,17,0.95,17,0.60,17,0.91,0.00
M,26,Trossard,7.0,7.0,Arsenal,49,3.76,49,3.01,51,3.91,46,2.84,39,2.47,40,2.63,40,2.59,40,2.12,41,2.28,42,3.20,40,2.14,41,2.96,0.06
D,27,Trusty,4.0,4.0,Sheffield Utd,30,1.08,27,0.92,29,0.49,28,1.07,30,0.59,34,0.84,34,0.86,37,1.00,36,0.80,37,0.52,35,1.33,36,0.75,0.01
G,28,Turner,4.0,4.0,Nott'm Forest,85,3.01,85,3.83,85,2.97,82,2.68,82,2.54,80,1.85,80,1.99,80,1.88,50,2.19,80,1.66,80,1.95,80,1.84,0.03
D,29,White,5.5,5.5,Arsenal,85,4.53,82,3.77,79,3.96,77,2.86,72,3.29,74,3.01,73,3.28,73,2.16,71,2.42,68,3.85,70,2.24,68,3.59,0.10
M,30,Xhaka,6.0,6.0,Arsenal,0,0.00,0,0.00,0,0.00,0,0.00,0,0.00,0,0.00,0,0.00,0,0.00,0,0.00,0,0.00,0,0.00,0,0.00,0.00
D,31,Zinchenko,5.0,5.0,Arsenal,15,0.85,24,1.19,39,2.15,51,2.16,66,3.28,65,2.94,62,3.10,63,2.07,62,2.35,63,3.92,62,2.20,65,3.75,0.08
D,32,Alex Moreno,5.0,5.0,Aston Villa,0,0.00,0,0.00,0,0.00,9,0.27,48,2.54,58,1.92,54,2.42,56,2.62,54,2.67,54,3.45,55,2.67,55,2.91,0.00
F,33,Archer,4.5,4.5,Aston Villa,14,0.79,16,1.04,18,1.11,18,0.94,17,1.16,17,0.92,15,0.98,15,0.94,15,1.00,15,1.13,16,1.02,15,1.08,0.08
M,34,Bailey,5.5,5.5,Aston Villa,47,2.13,45,2.65,44,2.40,42,1.86,41,2.53,40,1.90,36,2.10,36,1.99,37,2.22,37,2.57,37,2.13,39,2.51,0.01
M,35,Buendia,6.0,6.0,Aston Villa,57,2.40,57,3.12,57,2.90,55,2.21,54,3.08,51,2.24,50,2.71,50,2.50,52,2.90,50,3.20,48,2.51,50,2.98,0.01
D,36,Cash,4.5,4.5,Aston Villa,65,1.69,63,2.87,61,2.48,60,1.29,59,2.69,58,1.60,58,2.14,57,2.26,56,2.33,56,3.03,56,2.30,55,2.46,0.06
D,37,Chambers,4.0,4.0,Aston Villa,9,0.27,12,0.54,14,0.57,16,0.42,11,0.50,12,0.38,10,0.40,12,0.48,13,0.54,14,0.70,14,0.57,13,0.59,0.01
M,38,Coutinho,6.0,6.0,Aston Villa,10,0.56,13,0.80,15,0.92,18,0.91,15,0.99,11,0.62,12,0.73,10,0.64,10,0.68,11,0.79,11,0.68,10,0.74,0.01
F,39,Davis,5.0,5.0,Aston Villa,0,0.00,0,0.00,0,0.00,0,0.00,0,0.00,0,0.00,0,0.00,0,0.00,0,0.00,0,0.00,0,0.00,0,0.00,0.00
M,40,Dendoncker,5.0,5.0,Aston Villa,13,0.50,15,0.63,16,0.65,17,0.62,15,0.65,12,0.46,12,0.51,13,0.52,12,0.52,13,0.59,13,0.56,12,0.55,0.00
D,41,Diego Carlos,4.5,4.5,Aston Villa,21,0.55,21,0.92,24,0.94,23,0.52,22,0.96,21,0.60,19,0.69,20,0.80,23,0.93,19,0.94,23,0.91,22,0.92,0.01
D,42,Digne,4.5,4.5,Aston Villa,60,1.88,58,2.97,57,2.66,56,1.52,55,2.84,54,1.82,53,2.32,53,2.45,52,2.50,52,3.13,51,2.42,51,2.62,0.01
M,43,Douglas Luiz,5.5,5.5,Aston Villa,80,2.61,76,3.17,75,2.89,75,2.33,74,3.18,72,2.41,71,2.84,68,2.59,68,2.85,65,3.17,68,2.70,69,3.12,0.03
F,44,Duran,5.0,5.0,Aston Villa,2,0.12,2,0.16,4,0.24,4,0.21,4,0.30,3,0.20,3,0.20,3,0.23,3,0.24,4,0.30,4,0.25,4,0.33,0.00
D,45,Hause,4.0,4.0,Aston Villa,0,0.00,0,0.00,0,0.00,0,0.00,0,0.00,0,0.00,0,0.00,0,0.00,0,0.00,1,0.06,0,0.00,0,0.00,0.00
M,46,Iroegbunam,4.5,4.5,Aston Villa,0,0.00,0,0.00,0,0.00,0,0.00,0,0.00,0,0.00,0,0.00,0,0.00,0,0.00,0,0.00,0,0.00,0,0.00,0.00
M,47,Kamara,5.0,5.0,Aston Villa,77,1.98,73,2.24,69,2.01,67,1.70,67,2.09,65,1.73,65,1.90,60,1.76,64,1.93,62,2.09,63,1.86,63,1.96,0.00
D,48,Konsa,4.5,4.5,Aston Villa,66,1.63,65,2.82,63,2.44,60,1.23,56,2.43,56,1.49,57,2.02,55,2.12,58,2.29,58,2.98,55,2.16,58,2.44,0.01
G,49,Martinez,5.0,5.0,Aston Villa,94,3.32,93,3.99,91,3.77,91,3.10,92,3.93,92,3.28,91,3.56,91,3.75,91,3.71,90,4.22,90,3.68,90,3.76,0.08
M,50,McGinn,5.5,5.5,Aston Villa,73,2.14,71,2.56,69,2.33,69,1.95,66,2.43,64,1.91,60,2.07,59,1.97,57,2.06,58,2.42,60,2.07,58,2.22,0.01
D,51,Mings,4.5,4.5,Aston Villa,81,1.91,78,3.32,77,2.89,75,1.43,74,3.13,73,1.85,72,2.46,71,2.64,70,2.70,70,3.55,69,2.65,69,2.85,0.15
M,52,Nakamba,4.5,4.5,Luton,83,1.86,0,0.00,78,1.72,79,1.90,77,2.19,75,1.89,74,2.50,75,1.72,76,1.83,75,1.68,73,1.62,73,1.57,0.02
G,53,Olsen,4.0,4.0,Aston Villa,0,0.00,2,0.10,4,0.15,3,0.12,2,0.10,3,0.11,4,0.16,3,0.14,4,0.17,5,0.23,5,0.20,5,0.19,0.01
M,54,Philogene,4.5,4.5,Aston Villa,9,0.50,9,0.58,7,0.45,5,0.29,4,0.33,4,0.22,3,0.20,3,0.22,3,0.20,3,0.24,4,0.25,3,0.24,0.00
M,55,J.Ramsey,6.0,6.0,Aston Villa,0,0.00,0,0.00,0,0.00,0,0.00,9,0.42,25,0.95,41,1.80,50,2.06,49,2.21,49,2.52,51,2.17,48,2.33,0.00
M,56,Sanson,4.5,4.5,Aston Villa,0,0.00,0,0.00,0,0.00,0,0.00,0,0.00,0,0.00,0,0.00,0,0.00,0,0.00,0,0.00,0,0.00,0,0.00,0.00
G,57,Sinisalo,4.0,4.0,Aston Villa,0,0.00,0,0.00,0,0.00,0,0.00,0,0.00,0,0.00,0,0.00,0,0.00,0,0.00,0,0.00,0,0.00,0,0.00,0.00
M,58,Tielemans,6.0,6.0,Aston Villa,19,0.79,26,1.30,33,1.50,38,1.42,43,2.05,48,1.82,44,2.00,46,1.97,44,2.05,45,2.42,42,1.90,45,2.25,0.01
M,59,Bertrand Traoré,5.0,5.0,Aston Villa,5,0.33,7,0.49,7,0.49,9,0.51,7,0.52,7,0.44,6,0.46,5,0.35,5,0.41,6,0.52,6,0.41,5,0.41,0.00
F,60,Watkins,8.0,8.0,Aston Villa,87,3.76,85,4.86,84,4.39,82,3.37,81,4.92,81,3.61,81,4.56,82,4.14,81,4.72,79,5.27,80,4.35,80,5.13,0.24
F,61,Wesley,5.0,5.0,Aston Villa,0,0.00,0,0.00,0,0.00,0,0.00,0,0.00,0,0.00,0,0.00,0,0.00,0,0.00,0,0.00,0,0.00,0,0.00,0.00
M,62,Anthony,5.0,5.0,Bournemouth,64,2.85,45,1.66,30,1.42,31,1.42,31,1.44,32,1.41,32,1.40,33,1.52,33,1.66,34,1.74,33,1.25,33,1.46,0.00
M,63,Billing,5.5,5.5,Bournemouth,81,2.94,79,2.24,76,2.61,77,2.51,74,2.50,74,2.36,74,2.33,74,2.50,76,2.84,75,2.85,75,2.01,74,2.40,0.01
M,64,Brooks,5.0,5.0,Bournemouth,25,1.30,18,0.79,16,0.83,16,0.80,18,0.89,18,0.86,20,0.95,18,0.92,17,0.94,21,1.13,20,0.84,20,0.96,0.00
M,65,Christie,5.0,5.0,Bournemouth,46,2.02,51,1.78,46,1.98,43,1.79,44,1.86,44,1.78,44,1.76,44,1.89,44,2.08,42,2.06,43,1.51,43,1.78,0.00
M,66,L.Cook,5.0,5.0,Bournemouth,73,2.21,69,1.77,67,1.93,66,1.86,66,1.90,65,1.81,64,1.76,65,1.90,65,2.05,63,2.03,65,1.61,63,1.77,0.00
M,67,Siriki,4.5,4.5,Bournemouth,0,0.00,0,0.00,0,0.00,0,0.00,0,0.00,0,0.00,0,0.00,0,0.00,0,0.00,0,0.00,0,0.00,0,0.00,0.00
D,68,Fredericks,4.5,4.5,Bournemouth,17,0.60,23,0.45,24,0.74,25,0.79,25,0.82,27,0.74,28,0.74,29,1.03,30,1.24,28,1.15,29,0.50,28,0.84,0.00
D,69,Hill,4.0,4.0,Bournemouth,3,0.10,3,0.07,2,0.08,3,0.09,4,0.12,3,0.10,4,0.10,4,0.14,4,0.16,4,0.16,4,0.08,5,0.14,0.00
D,70,Kelly,4.5,4.5,Bournemouth,24,0.77,55,0.70,77,1.92,75,1.86,75,1.96,73,1.52,74,1.47,73,2.21,73,2.74,73,2.73,71,0.72,72,1.76,0.00
M,71,Kilkenny,4.5,4.5,Bournemouth,5,0.22,5,0.22,5,0.24,7,0.28,7,0.30,8,0.31,8,0.30,7,0.28,9,0.35,8,0.33,8,0.31,9,0.35,0.00
M,72,Kluivert,5.0,5.0,Bournemouth,34,1.86,38,1.55,45,2.15,46,2.12,43,2.06,45,1.99,44,1.93,45,2.14,46,2.48,46,2.54,45,1.66,45,2.07,0.01
M,73,Lowe,5.0,5.0,Bournemouth,0,0.00,0,0.00,0,0.00,0,0.00,0,0.00,0,0.00,0,0.00,0,0.00,0,0.00,1,0.07,0,0.00,1,0.06,0.00
M,74,Marcondes,4.5,4.5,Bournemouth,5,0.29,5,0.25,4,0.24,5,0.26,6,0.31,6,0.29,6,0.33,7,0.35,6,0.36,7,0.37,8,0.35,8,0.38,0.00
D,75,Mepham,4.5,4.5,Bournemouth,67,2.05,64,0.78,61,1.50,59,1.41,58,1.47,57,1.15,58,1.12,56,1.65,57,2.07,57,2.10,56,0.54,56,1.33,0.00
F,76,Moore,5.0,5.0,Bournemouth,14,0.80,16,0.70,17,0.89,17,0.85,16,0.81,19,0.92,19,0.93,19,0.99,19,1.08,19,1.12,19,0.78,18,0.90,0.01
G,77,Neto,4.5,4.5,Bournemouth,94,3.55,93,3.02,92,3.22,92,3.20,90,3.22,90,3.04,89,2.96,90,3.37,90,3.67,91,3.73,90,2.92,90,3.14,0.01
M,78,O.Dango,5.0,5.0,Bournemouth,61,2.87,53,1.94,45,2.05,47,2.02,47,2.07,46,1.95,43,1.82,46,2.04,43,2.22,46,2.37,45,1.60,45,1.95,0.00
M,79,Pearson,4.5,4.5,Bournemouth,0,0.00,0,0.00,0,0.00,0,0.00,0,0.00,0,0.00,0,0.00,0,0.00,0,0.00,0,0.00,0,0.00,0,0.00,0.00
G,80,Randolph,4.0,4.0,Bournemouth,0,0.00,0,0.00,1,0.05,1,0.05,2,0.08,3,0.10,2,0.09,3,0.10,2,0.10,2,0.10,3,0.08,2,0.08,0.01
M,81,Rothwell,5.0,5.0,Bournemouth,41,1.65,39,1.35,41,1.60,40,1.52,41,1.56,40,1.48,41,1.50,41,1.55,39,1.64,42,1.74,40,1.31,41,1.50,0.00
F,82,Semenyo,4.5,4.5,Bournemouth,1,0.08,3,0.15,5,0.31,6,0.34,6,0.36,6,0.34,7,0.38,8,0.44,8,0.48,7,0.47,8,0.36,8,0.42,0.01
D,83,Senesi,4.5,4.5,Bournemouth,88,2.77,82,1.07,80,2.08,80,2.03,77,2.07,76,1.61,76,1.54,75,2.33,76,2.92,76,2.94,75,0.78,73,1.84,0.00
D,84,Smith,4.5,4.5,Bournemouth,25,0.84,47,0.72,65,1.82,66,1.80,65,1.89,63,1.48,62,1.41,59,1.95,60,2.42,61,2.49,61,0.77,61,1.67,0.00
F,85,Solanke,6.5,6.5,Bournemouth,85,4.24,82,2.92,76,3.52,75,3.25,76,3.41,74,3.11,73,3.00,72,3.19,72,3.69,71,3.74,72,2.42,73,3.14,0.03
M,86,Tavernier,5.5,5.5,Bournemouth,19,0.86,33,1.18,51,2.13,50,2.01,52,2.14,50,1.97,50,1.93,51,2.10,51,2.40,48,2.34,49,1.62,49,1.97,0.00
M,87,Hamed Traorè,5.0,5.0,Bournemouth,52,2.52,48,1.81,41,1.91,41,1.80,41,1.86,40,1.73,41,1.74,40,1.83,42,2.15,41,2.13,38,1.41,39,1.74,0.00
G,88,Travers,4.0,4.0,Bournemouth,0,0.00,0,0.00,0,0.00,0,0.00,0,0.00,0,0.00,0,0.00,0,0.00,0,0.00,0,0.00,0,0.00,0,0.00,0.01
D,89,Zabarnyi,4.5,4.5,Bournemouth,48,1.46,44,0.59,43,1.08,42,1.04,45,1.16,49,0.99,46,0.91,49,1.43,45,1.61,46,1.66,47,0.49,48,1.14,0.00
D,90,Ajer,4.5,4.5,Brentford,22,0.69,22,0.74,24,1.01,25,1.06,27,0.69,28,1.24,28,1.08,29,0.66,29,1.30,29,0.78,29,1.10,30,0.64,0.00
G,91,Balcombe,4.0,4.0,Brentford,0,0.00,0,0.00,0,0.00,0,0.00,0,0.00,0,0.00,0,0.00,0,0.00,0,0.00,0,0.00,0,0.00,0,0.00,0.00
M,92,Baptiste,4.5,4.5,Brentford,17,0.74,18,0.77,19,0.85,23,1.01,21,0.81,22,0.95,25,1.01,25,0.94,24,1.07,26,0.96,24,1.03,26,0.94,0.05
D,93,Bech,4.0,4.0,Brentford,5,0.18,5,0.16,6,0.23,6,0.26,6,0.17,8,0.33,8,0.28,8,0.20,9,0.36,8,0.22,8,0.30,8,0.18,0.00
M,94,Bidstrup,4.5,4.5,Brentford,0,0.00,0,0.00,0,0.00,0,0.00,0,0.00,0,0.00,0,0.00,0,0.00,0,0.00,0,0.00,0,0.00,0,0.00,0.00
M,95,Canós,5.0,5.0,Brentford,0,0.00,0,0.00,0,0.00,0,0.00,0,0.00,0,0.00,0,0.00,0,0.00,0,0.00,0,0.00,0,0.00,0,0.00,0.00
D,96,Collins,4.5,4.5,Brentford,58,1.75,57,1.85,57,2.33,57,2.37,55,1.24,57,2.44,57,2.09,57,1.16,56,2.43,56,1.35,55,2.01,55,0.99,0.00
G,97,Cox,4.0,4.0,Brentford,0,0.00,0,0.00,0,0.00,0,0.00,0,0.00,0,0.00,0,0.00,0,0.00,0,0.00,0,0.00,0,0.00,0,0.00,0.00
M,98,Damsgaard,5.0,5.0,Brentford,43,2.07,43,2.04,42,2.26,45,2.39,44,1.78,45,2.32,45,2.17,44,1.77,45,2.39,44,1.80,43,2.20,45,1.72,0.00
M,99,Dasilva,5.0,5.0,Brentford,25,1.17,31,1.38,32,1.57,32,1.59,34,1.35,33,1.58,33,1.48,34,1.36,34,1.67,34,1.36,35,1.64,34,1.32,0.00
F,100,Dervişoğlu,4.5,4.5,Brentford,0,0.00,0,0.00,0,0.00,0,0.00,0,0.00,0,0.00,0,0.00,0,0.00,0,0.00,0,0.00,0,0.00,0,0.00,0.00
G,101,Flekken,4.5,4.5,Brentford,93,3.40,91,3.44,91,3.73,90,3.75,89,3.05,89,3.76,88,3.50,88,2.98,87,3.70,87,3.02,87,3.44,87,2.91,0.02
D,102,Goode,4.0,4.0,Brentford,0,0.00,0,0.00,0,0.00,0,0.00,0,0.00,1,0.04,2,0.05,2,0.04,1,0.05,2,0.04,1,0.05,1,0.03,0.00
D,103,Henry,4.5,4.5,Brentford,76,2.36,86,2.83,85,3.51,84,3.57,84,1.90,81,3.53,82,3.05,81,1.67,79,3.49,80,1.96,80,2.98,80,1.45,0.04
D,104,Hickey,4.5,4.5,Brentford,81,2.55,77,2.60,76,3.17,76,3.29,74,1.78,72,3.18,71,2.72,72,1.55,70,3.17,71,1.83,71,2.72,72,1.39,0.00
M,105,Janelt,5.5,5.5,Brentford,63,2.06,61,2.00,60,2.17,58,2.11,59,1.76,59,2.13,57,1.94,55,1.65,56,2.05,59,1.76,58,2.02,58,1.65,0.00
M,106,Jensen,5.5,5.5,Brentford,67,2.76,63,2.60,62,2.83,59,2.77,59,2.13,59,2.70,58,2.52,58,2.08,57,2.71,57,2.10,58,2.58,56,1.95,0.01
M,107,Lewis-Potter,5.0,5.0,Brentford,44,2.39,36,2.01,34,2.17,34,2.18,35,1.64,35,2.18,35,2.02,36,1.68,37,2.34,38,1.78,37,2.22,36,1.63,0.00
M,108,Mbeumo,6.5,6.5,Brentford,63,3.74,81,4.63,78,5.29,77,5.34,77,3.52,75,5.01,74,4.58,73,3.39,74,5.10,74,3.49,75,4.88,73,3.18,0.12
D,109,Mee,5.0,5.0,Brentford,78,2.46,73,2.49,72,3.08,72,3.21,70,1.63,71,3.22,70,2.71,71,1.49,70,3.23,69,1.73,71,2.77,71,1.33,0.08
M,110,Nørgaard,5.5,5.5,Brentford,78,2.34,72,2.21,73,2.45,71,2.44,70,1.92,69,2.32,66,2.11,67,1.83,66,2.27,65,1.81,65,2.12,66,1.75,0.00
M,111,Onyeka,5.0,5.0,Brentford,11,0.48,15,0.66,17,0.80,19,0.90,20,0.84,21,0.99,22,0.97,22,0.88,23,1.05,23,0.92,22,0.99,23,0.89,0.00
D,112,Pinnock,4.5,4.5,Brentford,75,2.37,74,2.52,72,3.01,70,3.06,71,1.67,69,3.08,70,2.66,69,1.46,69,3.10,70,1.77,71,2.72,71,1.34,0.02
G,113,Raya,5.0,5.0,Brentford,0,0.00,0,0.00,0,0.00,0,0.00,0,0.00,0,0.00,0,0.00,0,0.00,0,0.00,0,0.00,0,0.00,0,0.00,0.07
D,114,Roerslev,4.5,4.5,Brentford,9,0.33,11,0.44,11,0.52,12,0.58,14,0.43,15,0.71,17,0.73,17,0.48,17,0.81,16,0.53,16,0.72,16,0.42,0.00
M,115,Schade,5.5,5.5,Brentford,57,2.67,52,2.42,54,2.81,54,2.86,54,2.13,54,2.73,56,2.65,55,2.15,56,2.88,55,2.22,53,2.65,54,2.04,0.00
G,116,Strakosha,4.0,4.0,Brentford,1,0.04,2,0.08,4,0.15,4,0.15,4,0.13,3,0.12,4,0.14,4,0.13,4,0.16,4,0.14,5,0.18,5,0.15,0.01
F,117,Toney,8.0,8.0,Brentford,0,0.00,0,0.00,0,0.00,0,0.00,0,0.00,0,0.00,0,0.00,0,0.00,0,0.00,0,0.00,0,0.00,0,0.00,0.00
M,118,Trevitt,4.5,4.5,Brentford,0,0.00,0,0.00,0,0.00,0,0.00,0,0.00,0,0.00,0,0.00,0,0.00,0,0.00,0,0.00,0,0.00,0,0.00,0.00
F,119,Wissa,6.0,6.0,Brentford,80,3.75,77,3.58,76,3.95,74,3.94,73,2.84,72,3.70,71,3.41,70,2.77,70,3.70,69,2.77,69,3.53,68,2.58,0.05
M,120,Yarmolyuk,4.5,4.5,Brentford,3,0.16,2,0.14,3,0.22,4,0.26,4,0.21,5,0.30,4,0.26,4,0.25,6,0.36,5,0.29,5,0.31,6,0.29,0.01
D,121,Zanka,4.5,4.5,Brentford,0,0.00,1,0.05,2,0.11,3,0.14,3,0.10,3,0.15,3,0.14,5,0.13,5,0.22,4,0.13,6,0.22,5,0.13,0.00
M,122,Adingra,5.0,5.0,Brighton,4,0.33,4,0.32,5,0.40,5,0.37,4,0.30,5,0.44,6,0.40,7,0.45,6,0.35,6,0.49,6,0.42,6,0.49,0.00
M,123,Alzate,4.5,4.5,Brighton,0,0.00,0,0.00,0,0.00,1,0.07,1,0.07,2,0.10,2,0.12,2,0.10,2,0.12,3,0.16,2,0.14,2,0.13,0.00
M,124,Ayari,4.5,4.5,Brighton,0,0.00,0,0.00,0,0.00,0,0.00,0,0.00,0,0.00,0,0.00,0,0.00,0,0.00,0,0.00,0,0.00,0,0.00,0.00
M,125,Buonanotte,5.0,5.0,Brighton,31,1.79,30,1.53,33,1.71,32,1.47,33,1.41,33,1.79,31,1.40,32,1.44,33,1.27,33,1.82,31,1.46,32,1.78,0.00
M,126,Caicedo,5.0,5.0,Brighton,45,1.59,66,1.97,79,2.49,72,2.15,67,1.86,69,2.06,66,1.89,66,1.87,69,1.78,68,2.10,64,1.74,66,1.87,0.03
F,127,Connolly,4.5,4.5,Brighton,0,0.00,0,0.00,0,0.00,0,0.00,0,0.00,0,0.00,0,0.00,0,0.00,0,0.00,0,0.00,0,0.00,0,0.00,0.00
M,128,Dahoud,5.0,5.0,Brighton,79,3.21,74,2.63,73,2.64,72,2.34,74,2.16,71,2.70,70,2.18,70,2.19,71,1.91,70,2.66,70,2.35,70,2.79,0.00
D,129,Dunk,5.0,5.0,Brighton,92,4.54,90,3.50,87,3.24,88,2.56,86,1.72,86,3.61,86,2.27,86,2.10,85,1.18,85,3.39,86,3.04,87,4.11,0.04
M,130,Enciso,5.5,5.5,Brighton,35,2.72,36,2.31,36,2.48,34,2.01,35,1.82,35,2.51,34,1.87,35,1.95,35,1.59,35,2.57,35,2.11,37,2.72,0.06
D,131,Estupiñan,5.0,5.0,Brighton,87,4.95,85,3.80,83,3.59,83,2.80,81,1.92,81,3.94,81,2.45,80,2.29,80,1.31,79,3.67,80,3.24,80,4.36,0.52
F,132,Ferguson,6.0,6.0,Brighton,36,2.57,34,2.08,32,2.07,33,1.89,34,1.71,34,2.27,35,1.84,34,1.82,35,1.52,35,2.39,34,1.94,33,2.29,0.09
M,133,Gilmour,5.0,5.0,Brighton,37,1.59,36,1.40,36,1.42,41,1.47,43,1.44,42,1.66,44,1.50,42,1.46,41,1.30,42,1.66,44,1.59,43,1.76,0.00
M,134,Gross,6.5,6.5,Brighton,80,4.68,77,3.72,76,3.86,74,3.19,73,2.74,72,3.85,71,2.87,70,2.87,70,2.29,69,3.79,69,3.09,68,3.84,0.05
F,135,João Pedro,5.5,5.5,Brighton,65,4.84,63,3.82,61,3.95,60,3.32,59,2.85,58,3.96,58,2.99,57,3.02,56,2.33,56,3.99,56,3.17,55,3.92,0.14
D,136,Karbownik,4.0,4.0,Brighton,0,0.00,0,0.00,0,0.00,0,0.00,0,0.00,0,0.00,0,0.00,0,0.00,0,0.00,0,0.00,0,0.00,0,0.00,0.00
M,137,Kozłowski,4.5,4.5,Brighton,0,0.00,0,0.00,0,0.00,0,0.00,0,0.00,0,0.00,0,0.00,0,0.00,0,0.00,0,0.00,0,0.00,0,0.00,0.00
M,138,Lallana,5.0,5.0,Brighton,22,1.26,22,1.11,23,1.21,26,1.20,27,1.16,28,1.44,28,1.25,27,1.19,28,1.11,29,1.51,29,1.33,28,1.52,0.00
D,139,Lamptey,4.0,4.0,Brighton,8,0.42,9,0.41,10,0.47,11,0.44,13,0.45,14,0.66,15,0.55,15,0.53,13,0.37,15,0.72,15,0.67,15,0.79,0.08
M,140,March,6.5,6.5,Brighton,75,4.36,71,3.54,65,3.37,66,2.97,65,2.54,64,3.53,64,2.68,65,2.73,63,2.21,64,3.57,65,3.01,63,3.63,0.03
G,141,McGill,4.0,4.0,Brighton,0,0.00,0,0.00,0,0.00,0,0.00,0,0.00,0,0.00,0,0.00,0,0.00,0,0.00,0,0.00,0,0.00,0,0.00,0.00
M,142,Milner,5.0,5.0,Brighton,19,0.94,22,0.96,23,1.02,26,1.07,27,1.02,26,1.19,28,1.07,30,1.13,28,0.99,30,1.35,30,1.21,30,1.38,0.00
M,143,Mitoma,6.5,6.5,Brighton,74,4.29,73,3.54,70,3.56,67,2.92,68,2.62,66,3.55,67,2.75,65,2.72,65,2.22,64,3.52,65,2.98,66,3.69,0.38
M,144,Moder,4.5,4.5,Brighton,5,0.32,6,0.34,8,0.40,8,0.40,12,0.55,12,0.65,14,0.64,13,0.59,13,0.56,14,0.73,14,0.66,13,0.68,0.00
G,145,Sanchez,4.5,4.5,Chelsea,1,0.05,8,0.31,16,0.73,23,1.01,28,1.13,31,1.21,31,1.19,27,1.09,30,1.06,29,1.16,30,1.06,31,1.07,0.04
M,146,Sarmiento,4.5,4.5,Brighton,0,0.00,0,0.00,0,0.00,0,0.00,0,0.00,0,0.00,0,0.00,0,0.00,0,0.00,0,0.00,0,0.00,0,0.00,0.00
G,147,Scherpen,4.0,4.0,Brighton,0,0.00,0,0.00,0,0.00,0,0.00,0,0.00,0,0.00,0,0.00,0,0.00,0,0.00,0,0.00,0,0.00,0,0.00,0.00
G,148,Steele,4.5,4.5,Brighton,74,3.45,73,3.04,72,2.93,71,2.66,71,2.47,70,2.98,70,2.56,70,2.50,69,2.30,69,2.84,69,2.79,69,3.16,0.07
F,149,Undav,5.5,5.5,Brighton,0,0.00,0,0.00,0,0.00,0,0.00,0,0.00,0,0.00,0,0.00,0,0.00,0,0.00,0,0.00,0,0.00,0,0.00,0.00
D,150,Van Hecke,4.0,4.0,Brighton,3,0.17,6,0.24,8,0.30,8,0.25,8,0.20,10,0.43,9,0.27,10,0.27,11,0.20,11,0.43,11,0.39,9,0.44,0.01
D,151,Veltman,4.5,4.5,Brighton,33,1.78,34,1.52,33,1.43,38,1.36,37,1.02,39,1.89,39,1.31,41,1.29,38,0.81,38,1.75,38,1.58,39,2.08,0.01
G,152,Verbruggen,4.5,4.5,Brighton,3,0.12,5,0.23,11,0.46,19,0.69,24,0.81,36,1.53,37,1.35,34,1.22,37,1.18,36,1.51,37,1.48,37,1.68,0.01
D,153,Webster,4.5,4.5,Brighton,74,3.89,71,2.97,70,2.77,67,2.15,67,1.51,65,2.90,64,1.88,64,1.75,64,1.05,65,2.74,62,2.38,60,3.02,0.01
F,154,Welbeck,6.0,6.0,Brighton,35,2.50,35,2.12,34,2.20,34,1.93,32,1.64,33,2.18,32,1.72,33,1.78,33,1.48,33,2.28,33,1.90,33,2.25,0.02
F,155,Zeqiri,4.5,4.5,Brighton,0,0.00,0,0.00,0,0.00,2,0.11,1,0.10,2,0.15,2,0.15,2,0.16,2,0.15,2,0.16,2,0.17,2,0.19,0.01
M,156,Agyei,4.5,4.5,Burnley,0,0.00,0,0.00,0,0.00,0,0.00,0,0.00,0,0.00,0,0.00,0,0.00,0,0.00,0,0.00,0,0.00,0,0.00,0.00
D,157,Al-Dakhil,4.0,4.0,Burnley,35,0.67,0,0.00,36,1.13,35,0.97,39,1.61,39,0.96,40,1.44,42,1.17,37,1.00,40,1.25,40,1.46,38,0.62,0.01
M,158,Bastien,5.0,5.0,Burnley,0,0.00,0,0.00,1,0.08,2,0.14,2,0.15,2,0.14,3,0.25,3,0.22,2,0.17,3,0.20,3,0.19,2,0.15,0.00
M,159,Benson,5.5,5.5,Burnley,48,1.92,0,0.00,44,2.10,43,2.07,43,2.57,41,1.86,41,2.57,39,1.86,39,1.81,40,1.95,41,2.21,40,1.61,0.00
D,160,Beyer,4.0,4.0,Burnley,89,1.41,0,0.00,83,2.37,82,2.08,81,3.17,82,1.81,81,2.67,80,2.11,79,1.97,78,2.31,77,2.70,79,1.09,0.06
M,161,Brownhill,5.0,5.0,Burnley,75,2.08,0,0.00,72,2.36,69,2.24,70,2.84,70,2.17,67,2.87,67,2.13,66,2.05,66,2.17,67,2.43,68,1.86,0.00
M,162,Churlinov,4.5,4.5,Burnley,3,0.23,0,0.00,5,0.36,6,0.40,7,0.53,7,0.42,8,0.63,9,0.49,8,0.45,9,0.52,8,0.49,8,0.41,0.00
M,163,Cork,5.0,5.0,Burnley,46,1.26,0,0.00,42,1.26,41,1.23,41,1.52,39,1.16,38,1.58,43,1.25,41,1.20,40,1.21,40,1.28,38,1.05,0.00
M,164,Costelloe,4.5,4.5,Burnley,0,0.00,0,0.00,0,0.00,0,0.00,0,0.00,0,0.00,0,0.00,0,0.00,0,0.00,0,0.00,0,0.00,0,0.00,0.00
M,165,Cullen,5.0,5.0,Burnley,71,1.78,0,0.00,64,1.82,62,1.72,60,2.13,61,1.67,61,2.31,61,1.71,61,1.66,61,1.73,57,1.75,62,1.54,0.00
D,166,Egan-Riley,4.0,4.0,Burnley,1,0.04,0,0.00,4,0.13,4,0.13,5,0.23,6,0.17,5,0.22,5,0.17,6,0.19,4,0.14,6,0.23,6,0.13,0.00
D,167,Ekdal,4.0,4.0,Burnley,34,0.68,0,0.00,35,1.11,38,1.07,40,1.66,41,1.01,42,1.52,41,1.17,42,1.13,44,1.37,44,1.62,42,0.69,0.00
F,168,Foster,5.0,5.0,Burnley,31,1.36,0,0.00,18,0.97,14,0.79,14,0.95,15,0.81,16,1.15,17,0.92,15,0.80,17,0.95,16,0.94,15,0.72,0.00
G,169,Franchi,4.0,4.0,Burnley,0,0.00,0,0.00,0,0.00,0,0.00,0,0.00,0,0.00,0,0.00,0,0.00,0,0.00,0,0.00,0,0.00,0,0.00,0.00
M,170,Gudmundsson,5.0,5.0,Burnley,29,1.26,0,0.00,31,1.51,30,1.46,30,1.84,32,1.49,31,1.98,30,1.43,29,1.36,30,1.46,29,1.58,31,1.29,0.00
D,171,McNally,4.0,4.0,Burnley,0,0.00,0,0.00,0,0.00,0,0.00,0,0.00,0,0.00,0,0.00,0,0.00,0,0.00,0,0.00,0,0.00,0,0.00,0.00
G,172,Muric,4.5,4.5,Burnley,14,0.47,0,0.00,15,0.55,17,0.61,20,0.90,19,0.64,20,0.99,24,0.85,21,0.75,22,0.80,22,0.86,24,0.78,0.00
D,173,O'Shea,4.5,4.5,Burnley,67,1.11,0,0.00,69,2.03,67,1.75,66,2.63,65,1.48,64,2.16,64,1.71,66,1.68,63,1.89,62,2.23,64,0.92,0.00
F,174,Obafemi,5.0,5.0,Burnley,0,0.00,0,0.00,0,0.00,0,0.00,0,0.00,0,0.00,0,0.00,0,0.00,0,0.00,0,0.00,0,0.00,0,0.00,0.00
G,175,Peacock-Farrell,4.0,4.0,Burnley,0,0.00,0,0.00,0,0.00,0,0.00,0,0.00,0,0.00,0,0.00,0,0.00,0,0.00,0,0.00,0,0.00,0,0.00,0.00
D,176,Roberts,4.5,4.5,Burnley,85,1.63,0,0.00,79,2.64,75,2.26,73,3.29,71,1.90,73,2.87,73,2.25,72,2.10,74,2.54,72,3.00,74,1.26,0.00
F,177,Rodriguez,5.5,5.5,Burnley,49,2.05,0,0.00,50,2.53,51,2.48,52,3.15,49,2.32,49,3.09,48,2.31,50,2.31,47,2.36,49,2.71,50,1.98,0.00
D,178,Taylor,4.0,4.0,Burnley,36,0.68,0,0.00,41,1.26,42,1.16,42,1.72,40,0.98,40,1.45,43,1.20,42,1.12,41,1.29,41,1.52,41,0.65,0.01
D,179,Thomas,4.0,4.0,Burnley,0,0.00,0,0.00,0,0.00,0,0.00,0,0.00,0,0.00,0,0.00,0,0.00,0,0.00,0,0.00,0,0.00,0,0.00,0.00
M,180,Twine,5.0,5.0,Burnley,19,0.86,0,0.00,21,1.12,22,1.11,23,1.45,23,1.13,24,1.62,23,1.16,24,1.17,25,1.26,25,1.40,24,1.05,0.00
G,181,Vigouroux,4.0,4.0,Burnley,0,0.00,0,0.00,0,0.00,0,0.00,0,0.00,0,0.00,0,0.00,0,0.00,0,0.00,0,0.00,0,0.00,0,0.00,0.00
D,182,Vitinho,4.5,4.5,Burnley,36,0.90,0,0.00,36,1.33,39,1.34,38,1.87,40,1.22,38,1.71,37,1.28,42,1.37,40,1.49,41,1.80,39,0.85,0.00
F,183,Weghorst,5.5,5.5,Burnley,0,0.00,0,0.00,0,0.00,0,0.00,0,0.00,0,0.00,0,0.00,0,0.00,0,0.00,0,0.00,0,0.00,0,0.00,0.01
M,184,Zaroury,5.0,5.0,Burnley,64,2.23,0,0.00,59,2.44,57,2.34,57,2.91,54,2.17,53,2.90,54,2.19,53,2.11,53,2.22,55,2.50,54,1.88,0.00
D,185,Ampadu,4.0,4.0,Chelsea,0,0.00,0,0.00,0,0.00,0,0.00,0,0.00,0,0.00,0,0.00,0,0.00,0,0.00,0,0.00,0,0.00,0,0.00,0.00
M,186,Andrey,4.5,4.5,Chelsea,0,0.00,0,0.00,0,0.00,0,0.00,0,0.00,1,0.04,0,0.00,0,0.00,0,0.00,1,0.04,1,0.05,0,0.00,0.00
G,187,Arrizabalaga,5.0,5.0,Chelsea,87,3.23,86,3.59,85,4.11,84,3.82,83,3.44,83,3.39,82,3.28,82,3.47,82,3.03,82,3.45,81,2.94,81,2.89,0.01
F,188,Aubameyang,6.5,6.5,Chelsea,0,0.00,0,0.00,0,0.00,0,0.00,0,0.00,0,0.00,0,0.00,0,0.00,0,0.00,0,0.00,0,0.00,0,0.00,0.00
D,189,Azpilicueta,4.5,4.5,Chelsea,0,0.00,0,0.00,0,0.00,0,0.00,0,0.00,0,0.00,0,0.00,0,0.00,0,0.00,0,0.00,0,0.00,0,0.00,0.00
D,190,Baba,4.0,4.0,Chelsea,0,0.00,0,0.00,0,0.00,0,0.00,0,0.00,0,0.00,0,0.00,0,0.00,0,0.00,0,0.00,0,0.00,0,0.00,0.00
D,191,B.Badiashile,4.5,4.5,Chelsea,4,0.12,13,0.50,31,1.76,44,2.20,44,1.80,48,1.88,46,1.75,45,1.89,45,1.34,46,1.97,45,1.30,47,1.19,0.00
G,192,Bettinelli,4.0,4.0,Chelsea,0,0.00,0,0.00,0,0.00,0,0.00,0,0.00,0,0.00,0,0.00,0,0.00,0,0.00,0,0.00,0,0.00,0,0.00,0.00
F,193,Broja,5.0,5.0,Chelsea,0,0.00,0,0.00,0,0.00,0,0.00,0,0.00,0,0.00,0,0.00,0,0.00,0,0.00,0,0.00,0,0.00,0,0.00,0.00
D,194,Chalobah,4.5,4.5,Chelsea,13,0.37,16,0.60,13,0.62,13,0.56,11,0.42,13,0.48,14,0.51,13,0.52,13,0.38,12,0.49,15,0.46,16,0.42,0.00
D,195,Chilwell,5.5,5.5,Chelsea,80,2.91,78,3.72,74,4.93,71,4.30,72,3.50,70,3.36,67,3.13,69,3.46,67,2.44,66,3.43,66,2.31,66,2.03,0.12
M,196,Chukwuemeka,4.5,4.5,Chelsea,56,2.12,41,1.73,24,1.28,15,0.80,12,0.61,13,0.64,13,0.63,16,0.79,14,0.67,15,0.73,14,0.63,16,0.68,0.03
D,197,Colwill,4.5,4.5,Chelsea,80,2.40,74,3.03,66,3.60,65,3.19,64,2.59,63,2.50,62,2.34,61,2.56,61,1.84,60,2.58,60,1.72,60,1.53,0.03
D,198,Cucurella,5.0,5.0,Chelsea,12,0.43,15,0.62,18,0.98,21,1.08,19,0.85,21,0.92,22,0.95,22,0.99,22,0.79,23,1.07,23,0.78,24,0.75,0.01
M,199,Enzo,5.0,5.0,Chelsea,90,2.86,85,2.95,84,3.70,81,3.37,82,2.95,80,2.91,79,2.89,79,2.87,79,2.55,78,2.96,78,2.47,78,2.33,0.04
F,200,D.D.Fofana,5.0,5.0,Chelsea,0,0.00,0,0.00,0,0.00,0,0.00,0,0.00,0,0.00,0,0.00,0,0.00,0,0.00,0,0.00,0,0.00,0,0.00,0.00
D,201,W.Fofana,4.5,4.5,Chelsea,0,0.00,0,0.00,0,0.00,0,0.00,0,0.00,0,0.00,0,0.00,0,0.00,0,0.00,0,0.00,0,0.00,0,0.00,0.00
M,202,Gallagher,5.5,5.5,Chelsea,74,2.70,69,2.72,66,3.38,63,3.08,60,2.52,60,2.51,60,2.57,57,2.39,60,2.26,59,2.65,61,2.21,62,2.11,0.01
D,203,Gusto,4.0,4.0,Chelsea,14,0.52,20,0.86,22,1.22,23,1.20,25,1.09,25,1.12,25,1.08,26,1.17,24,0.86,25,1.19,25,0.88,24,0.78,0.01
D,204,Hall,4.5,4.5,Chelsea,3,0.13,4,0.19,4,0.20,5,0.25,6,0.26,5,0.22,4,0.20,5,0.25,6,0.24,6,0.28,7,0.25,6,0.20,0.00
M,205,Hudson-Odoi,5.0,5.0,Chelsea,17,0.92,21,1.14,26,1.28,35,1.45,38,2.06,36,1.64,37,1.65,38,2.04,35,1.47,36,1.55,36,1.57,37,1.55,0.00
D,206,James,5.5,5.5,Chelsea,72,2.87,70,3.65,66,4.81,65,4.32,64,3.40,63,3.30,62,3.21,61,3.30,60,2.43,59,3.42,59,2.26,59,2.01,0.15
F,207,Lukaku,7.0,7.0,Chelsea,1,0.09,1,0.08,1,0.09,0,0.00,0,0.00,0,0.00,0,0.00,0,0.00,0,0.00,0,0.00,0,0.00,0,0.00,0.01
M,208,Madueke,5.5,5.5,Chelsea,15,0.88,31,1.69,37,2.53,44,2.77,44,2.39,44,2.45,45,2.51,43,2.35,44,2.18,44,2.53,44,2.08,43,1.91,0.00
M,209,Mount,7.0,7.0,Man Utd,75,4.49,73,3.32,71,4.49,70,2.86,68,3.79,67,3.59,67,4.05,66,3.79,65,3.68,65,2.77,64,3.53,64,4.29,0.05
M,210,Mudryk,6.5,6.5,Chelsea,64,2.86,63,3.02,62,3.78,62,3.52,58,2.91,59,2.95,57,2.93,60,2.98,59,2.67,59,3.12,58,2.52,59,2.38,0.03
F,211,N.Jackson,7.0,7.0,Chelsea,85,3.90,77,3.77,75,4.82,71,4.31,68,3.61,65,3.52,68,3.73,66,3.46,66,3.16,67,3.81,68,3.09,67,2.84,0.15
F,212,Nkunku,7.5,7.5,Chelsea,30,1.38,60,2.74,65,3.83,0,0.00,0,0.00,0,0.00,0,0.00,0,0.00,0,0.00,0,0.00,0,0.00,0,0.00,0.05
M,213,Pulisic,5.5,5.5,Chelsea,0,0.00,0,0.00,0,0.00,0,0.00,0,0.00,0,0.00,0,0.00,0,0.00,0,0.00,0,0.00,0,0.00,0,0.00,0.00
D,214,M.Sarr,4.5,4.5,Chelsea,1,0.04,2,0.07,2,0.08,3,0.11,4,0.13,4,0.12,5,0.15,5,0.17,5,0.13,6,0.18,6,0.14,6,0.15,0.00
G,215,Slonina,4.0,4.0,Chelsea,0,0.00,0,0.00,0,0.00,0,0.00,0,0.00,0,0.00,0,0.00,2,0.07,2,0.06,2,0.06,0,0.00,2,0.06,0.00
M,216,Sterling,7.0,7.0,Chelsea,75,3.77,73,3.90,69,4.97,68,4.58,66,3.78,65,3.77,66,3.88,64,3.64,66,3.32,66,4.03,64,3.12,65,2.92,0.02
D,217,T.Silva,5.0,5.0,Chelsea,70,2.05,68,2.69,66,3.53,65,3.14,64,2.52,63,2.43,62,2.29,61,2.50,61,1.77,60,2.50,60,1.67,60,1.48,0.02
M,218,Ziyech,5.5,5.5,Chelsea,33,1.77,30,1.70,33,2.32,29,1.97,30,1.77,30,1.81,31,1.84,31,1.83,30,1.61,33,2.02,31,1.59,31,1.52,0.00
M,219,Ahamada,4.5,4.5,Crystal Palace,22,0.84,17,0.62,17,0.66,17,0.68,19,0.69,19,0.79,19,0.68,21,0.88,20,0.69,21,0.79,22,0.81,21,0.85,0.00
D,220,Andersen,4.5,4.5,Crystal Palace,89,3.23,86,1.96,84,2.17,82,3.21,81,1.84,82,2.90,81,1.34,81,3.25,80,1.51,78,2.06,76,2.46,79,3.03,0.01
M,221,J.Ayew,5.5,5.5,Crystal Palace,82,3.81,73,2.80,68,2.87,64,3.27,64,2.56,63,3.41,63,2.37,63,3.40,64,2.40,63,2.82,61,2.77,63,3.21,0.00
D,222,Clyne,4.5,4.5,Crystal Palace,37,1.45,33,0.92,31,0.93,32,1.32,33,0.89,32,1.22,32,0.69,32,1.37,30,0.71,32,0.99,31,1.12,34,1.40,0.00
M,223,C.Doucouré,5.0,5.0,Crystal Palace,58,1.82,84,2.18,81,2.22,81,2.49,80,2.12,79,2.46,80,2.00,79,2.49,78,1.99,78,2.17,78,2.22,79,2.39,0.00
M,224,Ebiowei,4.5,4.5,Crystal Palace,28,1.45,23,1.06,21,1.05,17,0.98,21,1.01,20,1.19,22,0.99,22,1.25,22,1.00,23,1.17,24,1.18,21,1.15,0.00
F,225,Edouard,5.5,5.5,Crystal Palace,70,3.25,67,2.58,64,2.73,63,3.12,60,2.46,61,3.28,60,2.35,60,3.18,61,2.35,59,2.69,57,2.61,60,2.97,0.02
M,226,Eze,6.5,6.5,Crystal Palace,82,4.60,77,3.33,76,3.58,73,4.26,72,3.19,70,4.37,72,2.97,71,4.44,72,2.97,67,3.42,71,3.65,70,4.13,0.17
G,227,Guaita,4.5,4.5,Crystal Palace,1,0.05,3,0.12,4,0.14,4,0.18,5,0.16,5,0.21,6,0.20,6,0.24,6,0.20,7,0.24,6,0.23,6,0.24,0.01
D,228,Guéhi,4.5,4.5,Crystal Palace,90,3.32,87,2.02,87,2.24,84,3.33,83,1.89,82,2.91,82,1.37,79,3.19,78,1.49,79,2.09,78,2.52,80,3.11,0.02
M,229,Hughes,5.0,5.0,Crystal Palace,40,1.49,42,1.39,41,1.42,39,1.51,41,1.36,42,1.65,42,1.33,43,1.67,42,1.35,44,1.51,43,1.52,42,1.59,0.00
G,230,Johnstone,4.5,4.5,Crystal Palace,94,3.83,92,3.13,91,3.22,91,3.74,90,3.08,90,3.50,89,2.92,89,3.67,89,2.94,88,3.11,89,3.39,89,3.64,0.02
M,231,Lerma,5.0,5.0,Crystal Palace,74,2.22,65,1.73,61,1.70,60,1.87,59,1.60,61,1.92,59,1.53,59,1.90,61,1.58,59,1.67,60,1.74,60,1.87,0.00
F,232,Mateta,5.0,5.0,Crystal Palace,27,1.57,27,1.33,26,1.39,25,1.55,27,1.36,28,1.81,27,1.30,27,1.72,27,1.30,27,1.49,28,1.54,27,1.66,0.00
G,233,Matthews,4.0,4.0,Crystal Palace,0,0.00,0,0.00,0,0.00,0,0.00,0,0.00,0,0.00,0,0.00,0,0.00,0,0.00,0,0.00,0,0.00,0,0.00,0.00
D,234,Mitchell,4.5,4.5,Crystal Palace,38,1.48,61,1.49,76,2.03,73,2.92,74,1.77,72,2.59,72,1.27,70,2.87,71,1.42,71,1.92,69,2.28,69,2.70,0.00
D,235,O'Brien,4.0,4.0,Crystal Palace,0,0.00,0,0.00,0,0.00,0,0.00,0,0.00,0,0.00,0,0.00,0,0.00,0,0.00,0,0.00,0,0.00,0,0.00,0.00
M,236,Olise,6.0,6.0,Crystal Palace,0,0.00,19,0.84,47,2.25,68,3.69,65,2.86,64,3.63,65,2.76,62,3.39,64,2.71,64,3.04,67,3.22,63,3.26,0.00
F,237,Plange,4.5,4.5,Crystal Palace,0,0.00,0,0.00,0,0.00,0,0.00,0,0.00,0,0.00,0,0.00,0,0.00,0,0.00,0,0.00,0,0.00,0,0.00,0.00
D,238,C.Richards,4.0,4.0,Crystal Palace,21,0.86,23,0.63,20,0.60,23,0.99,26,0.70,26,1.02,26,0.54,30,1.32,30,0.69,30,0.91,32,1.14,30,1.28,0.01
M,239,Riedewald,4.5,4.5,Crystal Palace,5,0.20,4,0.14,4,0.15,6,0.21,6,0.20,6,0.23,6,0.21,6,0.23,6,0.21,7,0.24,7,0.27,8,0.28,0.00
M,240,Schlupp,5.0,5.0,Crystal Palace,66,2.76,59,2.13,56,2.16,56,2.49,57,2.08,56,2.61,55,1.95,55,2.55,53,1.88,55,2.19,54,2.21,55,2.46,0.00
D,241,Tomkins,4.0,4.0,Crystal Palace,3,0.09,5,0.12,6,0.17,8,0.31,9,0.22,10,0.35,9,0.19,11,0.41,12,0.27,11,0.33,12,0.40,12,0.45,0.01
D,242,Ward,4.5,4.5,Crystal Palace,81,3.06,73,1.74,68,1.81,67,2.68,65,1.51,65,2.35,67,1.16,64,2.63,68,1.33,65,1.76,67,2.20,65,2.54,0.00
G,243,Whitworth,4.0,4.0,Crystal Palace,0,0.00,0,0.00,0,0.00,0,0.00,0,0.00,0,0.00,0,0.00,0,0.00,0,0.00,0,0.00,0,0.00,0,0.00,0.01
M,244,André Gomes,4.5,4.5,Everton,7,0.33,8,0.33,11,0.45,12,0.49,12,0.48,12,0.47,14,0.59,14,0.59,15,0.55,15,0.57,15,0.59,15,0.61,0.00
D,245,Branthwaite,4.0,4.0,Everton,4,0.16,3,0.10,4,0.19,4,0.18,6,0.17,8,0.23,6,0.26,6,0.26,8,0.17,8,0.24,8,0.27,7,0.24,0.01
F,246,Calvert-Lewin,6.0,6.0,Everton,35,2.19,43,2.04,50,2.72,62,3.07,60,2.59,60,2.70,61,3.55,62,3.34,61,2.33,60,2.71,59,2.96,60,2.81,0.03
D,247,Coleman,4.5,4.5,Everton,0,0.00,0,0.00,0,0.00,0,0.00,0,0.00,0,0.00,0,0.00,0,0.00,0,0.00,0,0.00,0,0.00,0,0.00,0.00
M,248,Dele,5.0,5.0,Everton,0,0.00,0,0.00,0,0.00,0,0.00,0,0.00,0,0.00,0,0.00,0,0.00,0,0.00,0,0.00,0,0.00,0,0.00,0.00
M,249,A.Doucoure,5.5,5.5,Everton,86,3.15,82,2.48,78,2.79,78,2.67,78,2.31,77,2.38,76,3.02,77,2.79,75,2.05,73,2.31,73,2.41,73,2.34,0.00
M,250,Garner,5.0,5.0,Everton,65,2.24,64,1.87,64,2.16,62,2.02,63,1.80,59,1.76,61,2.27,60,2.06,62,1.63,60,1.79,60,1.89,62,1.90,0.00
M,251,Gbamin,4.5,4.5,Everton,5,0.18,6,0.20,6,0.22,7,0.25,9,0.30,9,0.32,10,0.38,11,0.41,11,0.36,11,0.39,13,0.45,12,0.42,0.00
D,252,Godfrey,4.5,4.5,Everton,35,1.41,30,0.91,32,1.37,35,1.40,36,0.94,37,1.13,36,1.75,38,1.57,36,0.73,37,1.12,38,1.26,36,1.21,0.00
M,253,Gray,5.5,5.5,Everton,61,3.48,55,2.40,56,2.93,55,2.74,54,2.27,55,2.40,55,3.21,55,2.93,54,2.04,56,2.47,56,2.70,53,2.47,0.00
M,254,Gana,5.0,5.0,Everton,76,2.31,73,1.97,71,2.17,67,2.04,68,1.82,67,1.87,65,2.16,65,2.02,66,1.67,65,1.81,65,1.86,65,1.86,0.00
D,255,Holgate,4.0,4.0,Everton,33,1.28,30,0.88,32,1.38,33,1.33,35,0.89,36,1.07,36,1.74,37,1.52,36,0.71,37,1.09,36,1.18,38,1.24,0.02
M,256,Iwobi,5.5,5.5,Everton,87,3.56,82,2.71,78,3.06,77,2.90,76,2.46,76,2.57,77,3.38,76,3.04,76,2.25,76,2.57,75,2.71,75,2.62,0.01
D,257,Keane,4.5,4.5,Everton,86,3.30,82,2.18,80,3.38,78,3.09,76,1.78,74,2.11,76,3.72,75,3.07,75,1.27,74,2.08,73,2.29,76,2.41,0.00
F,258,Maupay,5.0,5.0,Everton,42,2.32,30,1.37,26,1.42,24,1.25,24,1.14,26,1.22,25,1.46,24,1.33,24,1.05,25,1.18,25,1.30,24,1.19,0.01
M,259,McNeil,5.5,5.5,Everton,78,3.35,75,2.57,74,3.01,72,2.80,71,2.37,70,2.44,69,3.16,68,2.87,68,2.09,67,2.37,67,2.54,66,2.42,0.00
D,260,Mykolenko,4.5,4.5,Everton,39,1.57,40,1.16,43,1.86,42,1.70,41,1.05,45,1.34,42,2.09,43,1.81,45,0.84,42,1.25,45,1.45,45,1.48,0.00
M,261,Onana,5.0,5.0,Everton,36,1.31,34,1.12,35,1.25,36,1.24,35,1.12,38,1.22,37,1.41,38,1.35,37,1.09,39,1.24,39,1.28,38,1.25,0.00
D,262,Patterson,4.5,4.5,Everton,76,2.84,72,1.94,69,2.88,69,2.69,68,1.62,67,1.92,67,3.18,65,2.61,66,1.17,65,1.85,64,2.00,63,2.03,0.00
G,263,Pickford,4.5,4.5,Everton,93,3.71,91,3.15,91,3.82,90,3.71,89,2.99,89,3.13,88,3.97,88,3.62,87,2.83,87,3.10,87,3.21,87,3.23,0.13
F,264,Simms,4.5,4.5,Everton,0,0.00,0,0.00,0,0.00,0,0.00,0,0.00,0,0.00,0,0.00,0,0.00,0,0.00,0,0.00,0,0.00,0,0.00,0.00
D,265,Tarkowski,4.5,4.5,Everton,75,2.80,89,2.25,87,3.56,87,3.31,86,1.87,84,2.27,84,4.02,84,3.36,85,1.32,83,2.22,84,2.49,84,2.54,0.02
G,266,J.Virginia,4.0,4.0,Everton,1,0.06,2,0.07,2,0.09,2,0.08,3,0.10,2,0.08,3,0.14,4,0.16,4,0.13,4,0.13,4,0.13,4,0.14,0.00
M,267,Andreas,5.5,5.5,Fulham,77,3.46,83,3.96,81,2.86,79,2.58,76,4.59,79,3.54,77,3.40,76,4.42,76,2.97,75,3.10,76,3.27,75,3.01,0.03
M,268,Cairney,5.0,5.0,Fulham,25,1.03,27,1.18,22,0.86,21,0.82,22,1.10,22,0.95,24,1.05,22,1.07,24,0.97,23,0.95,24,1.01,23,0.94,0.00
M,269,I.Cavaleiro,5.0,5.0,Fulham,4,0.31,5,0.34,6,0.35,6,0.33,5,0.41,6,0.38,6,0.37,5,0.38,7,0.38,7,0.40,6,0.39,6,0.37,0.00
M,270,De Cordova-Reid,5.5,5.5,Fulham,44,1.92,39,1.84,38,1.46,36,1.32,36,1.97,38,1.68,36,1.60,37,1.92,36,1.48,37,1.56,36,1.55,38,1.55,0.00
D,271,Diop,4.5,4.5,Fulham,73,2.13,71,2.27,70,0.90,71,0.65,69,2.96,67,1.79,67,1.67,65,2.68,66,1.16,64,1.25,66,1.37,66,1.36,0.00
M,272,Francois,4.5,4.5,Fulham,0,0.00,0,0.00,0,0.00,0,0.00,0,0.00,0,0.00,0,0.00,0,0.00,0,0.00,0,0.00,0,0.00,0,0.00,0.00
M,273,Knockaert,4.5,4.5,Fulham,1,0.09,0,0.00,2,0.09,1,0.06,2,0.12,1,0.08,2,0.12,2,0.14,2,0.14,2,0.13,2,0.15,2,0.11,0.00
D,274,Kongolo,4.0,4.0,Fulham,3,0.10,4,0.15,5,0.12,6,0.11,7,0.32,8,0.25,7,0.21,8,0.35,9,0.21,8,0.19,9,0.24,9,0.23,0.00
G,275,Leno,4.5,4.5,Fulham,94,3.50,93,3.58,92,3.05,91,3.04,91,3.96,90,3.30,90,3.20,90,3.86,90,3.00,89,3.07,90,3.09,91,3.12,0.08
M,276,Lukić,4.5,4.5,Fulham,77,2.45,58,2.04,43,1.33,36,1.12,38,1.60,37,1.34,39,1.36,40,1.65,40,1.29,36,1.24,38,1.31,37,1.25,0.00
D,277,Mbabu,4.0,4.0,Fulham,12,0.44,15,0.56,17,0.39,19,0.35,21,1.00,20,0.69,20,0.65,22,1.02,21,0.56,22,0.61,21,0.61,21,0.62,0.01
F,278,Mitrović,7.5,7.5,Fulham,38,1.98,50,2.79,54,2.17,58,2.08,52,3.44,49,2.47,50,2.49,48,3.08,50,2.19,50,2.30,52,2.50,51,2.24,0.04
F,279,Muniz,4.5,4.5,Fulham,0,0.00,0,0.00,0,0.00,0,0.00,1,0.10,0,0.00,0,0.00,1,0.11,1,0.10,1,0.08,1,0.10,1,0.08,0.01
M,280,J.Palhinha,5.0,5.0,Fulham,12,0.38,42,1.23,72,1.72,82,1.84,80,2.57,79,2.14,80,2.12,79,2.48,81,1.98,81,2.03,80,2.06,81,2.00,0.00
D,281,Ream,4.5,4.5,Fulham,29,0.90,33,1.11,34,0.50,35,0.39,36,1.58,36,1.03,38,1.00,37,1.55,38,0.73,41,0.85,40,0.88,40,0.87,0.01
M,282,Reed,5.0,5.0,Fulham,81,2.46,70,2.32,63,1.79,60,1.66,59,2.28,59,1.91,57,1.83,57,2.14,55,1.68,59,1.81,57,1.79,57,1.75,0.01
D,283,Robinson,4.5,4.5,Fulham,89,2.61,85,2.79,82,1.07,81,0.73,79,3.60,80,2.21,80,2.07,79,3.41,77,1.40,78,1.57,75,1.64,76,1.62,0.01
G,284,Rodák,4.0,4.0,Fulham,0,0.00,2,0.08,3,0.09,4,0.13,4,0.18,5,0.17,5,0.17,5,0.20,5,0.17,5,0.18,5,0.17,4,0.13,0.01
D,285,Tete,4.5,4.5,Fulham,83,2.65,80,2.83,76,1.08,74,0.76,72,3.46,70,2.10,71,1.98,70,3.18,70,1.40,70,1.55,72,1.68,71,1.63,0.01
D,286,Tosin,4.5,4.5,Fulham,28,0.84,29,0.95,31,0.45,30,0.32,33,1.46,36,1.01,34,0.90,36,1.54,36,0.68,38,0.80,36,0.81,37,0.80,0.00
F,287,Vinícius,5.0,5.0,Fulham,24,1.23,20,1.10,19,0.85,18,0.73,22,1.38,22,1.12,21,1.06,21,1.30,22,1.03,22,1.05,21,1.08,20,0.93,0.05
M,288,Wilson,5.5,5.5,Fulham,58,2.69,53,2.72,47,1.86,45,1.69,44,2.71,44,2.16,43,2.07,44,2.60,43,1.88,45,2.01,43,2.00,42,1.87,0.00
G,289,Adrián,4.0,4.0,Liverpool,0,0.00,0,0.00,0,0.00,0,0.00,0,0.00,0,0.00,0,0.00,0,0.00,0,0.00,0,0.00,0,0.00,0,0.00,0.00
D,290,Alexander-Arnold,8.0,8.0,Liverpool,88,3.55,86,5.60,83,3.16,83,4.44,81,4.50,79,4.64,79,3.15,79,3.43,79,5.09,77,5.12,78,5.00,79,4.59,0.22
G,291,Alisson,5.5,5.5,Liverpool,94,3.66,93,4.33,93,3.52,93,3.94,93,4.10,92,4.03,92,3.48,91,3.55,90,4.24,91,4.31,91,4.30,92,4.03,0.09
M,292,Bajcetic,5.0,5.0,Liverpool,13,0.49,14,0.59,12,0.45,11,0.45,12,0.47,12,0.51,12,0.46,14,0.51,12,0.51,14,0.59,13,0.55,14,0.56,0.00
F,293,Darwin,7.5,7.5,Liverpool,60,3.17,58,4.25,57,2.96,56,3.55,55,3.33,54,3.73,53,2.95,53,3.11,52,3.60,52,3.88,51,3.52,51,3.47,0.16
M,294,Diogo J.,8.0,8.0,Liverpool,46,2.64,47,3.76,47,2.62,47,3.20,46,3.08,46,3.40,47,2.78,47,2.96,48,3.56,48,3.85,47,3.50,49,3.52,0.03
M,295,Elliott,5.0,5.0,Liverpool,34,1.60,33,2.01,33,1.55,32,1.72,33,1.73,32,1.85,33,1.59,34,1.71,32,1.88,34,2.06,34,1.96,33,1.85,0.00
M,296,Fabinho,5.0,5.0,Liverpool,0,0.00,0,0.00,0,0.00,0,0.00,0,0.00,0,0.00,0,0.00,0,0.00,0,0.00,0,0.00,0,0.00,0,0.00,0.00
F,297,Gakpo,7.5,7.5,Liverpool,55,2.64,53,3.41,54,2.56,54,2.98,52,2.77,52,3.16,53,2.62,50,2.62,51,3.08,51,3.34,51,3.07,50,2.99,0.06
D,298,Gomez,4.5,4.5,Liverpool,26,0.80,32,1.50,32,0.95,33,1.33,33,1.41,34,1.45,37,1.12,37,1.20,37,1.74,38,1.80,37,1.74,36,1.53,0.00
M,299,Henderson,5.0,5.0,Liverpool,0,0.00,0,0.00,0,0.00,0,0.00,0,0.00,0,0.00,0,0.00,0,0.00,0,0.00,0,0.00,0,0.00,0,0.00,0.00
M,300,Jones,5.0,5.0,Liverpool,42,1.62,42,1.97,40,1.52,36,1.58,35,1.51,34,1.55,36,1.44,36,1.47,37,1.72,35,1.68,36,1.66,35,1.59,0.00
G,301,Kelleher,4.0,4.0,Liverpool,0,0.00,2,0.09,2,0.09,3,0.10,2,0.09,3,0.14,3,0.12,4,0.15,4,0.21,4,0.16,4,0.17,4,0.15,0.00
D,302,Konaté,5.0,5.0,Liverpool,84,2.51,80,3.77,76,2.14,73,2.87,73,3.04,73,3.04,71,2.05,68,2.13,67,3.16,68,3.23,69,3.27,70,2.93,0.01
M,303,Luis Díaz,7.5,7.5,Liverpool,67,3.22,64,4.27,65,3.06,62,3.61,62,3.49,64,3.96,61,3.06,61,3.19,60,3.81,60,4.08,59,3.73,60,3.70,0.06
M,304,Mac Allister,6.0,6.0,Liverpool,84,3.00,79,3.91,78,2.76,75,3.24,73,3.10,71,3.35,71,2.66,71,2.78,70,3.38,69,3.54,70,3.35,69,3.21,0.13
D,305,Matip,5.0,5.0,Liverpool,15,0.49,17,0.86,23,0.73,23,1.01,25,1.13,25,1.15,26,0.87,28,1.02,28,1.43,28,1.47,27,1.41,30,1.39,0.00
D,306,Phillips,4.0,4.0,Liverpool,0,0.00,1,0.06,2,0.08,3,0.13,4,0.18,3,0.15,4,0.15,5,0.17,6,0.27,6,0.29,5,0.24,5,0.22,0.00
D,307,Robertson,6.5,6.5,Liverpool,78,3.01,75,4.61,73,2.68,73,3.75,71,3.71,71,3.90,69,2.64,69,2.87,70,4.19,70,4.38,69,4.16,69,3.78,0.04
M,308,Salah,12.5,12.5,Liverpool,88,5.10,87,7.70,83,4.66,82,6.07,81,5.50,79,6.43,79,4.91,79,5.04,79,6.57,81,7.05,81,6.38,78,6.28,0.24
M,309,Szoboszlai,7.0,7.0,Liverpool,75,3.23,69,4.15,69,2.95,65,3.47,63,3.25,64,3.65,62,2.84,63,3.05,61,3.58,63,3.87,64,3.70,62,3.50,0.05
M,310,Thiago,5.0,5.0,Liverpool,6,0.26,15,0.69,26,0.93,40,1.51,46,1.68,50,1.93,51,1.67,52,1.77,53,2.07,51,2.06,51,1.99,52,1.96,0.00
D,311,Tsimikas,4.5,4.5,Liverpool,6,0.35,8,0.54,8,0.39,10,0.51,10,0.53,10,0.54,12,0.48,12,0.53,12,0.64,13,0.71,12,0.65,11,0.59,0.00
D,312,Van den Berg,4.0,4.0,Liverpool,0,0.00,0,0.00,0,0.00,0,0.00,0,0.00,0,0.00,0,0.00,0,0.00,0,0.00,0,0.00,0,0.00,0,0.00,0.00
D,313,Virgil,6.0,6.0,Liverpool,92,2.92,88,4.44,86,2.59,83,3.52,83,3.68,83,3.76,82,2.55,81,2.75,80,4.05,81,4.21,80,4.06,80,3.65,0.09
F,314,Adebayo,5.0,5.0,Luton,76,2.71,0,0.00,70,2.38,70,2.95,69,3.32,69,2.90,68,3.74,69,2.65,67,2.63,67,2.34,69,2.44,67,2.25,0.01
D,315,Andersen,4.0,4.0,Luton,83,1.39,0,0.00,55,0.88,48,1.31,54,1.56,52,1.72,51,2.00,49,1.04,51,1.38,54,0.95,51,0.82,50,0.63,0.01
D,316,Bell,4.0,4.0,Luton,66,1.16,0,0.00,53,0.89,50,1.41,50,1.54,52,1.76,50,2.04,53,1.15,49,1.36,51,0.96,52,0.87,52,0.67,0.13
M,317,Berry,5.0,5.0,Luton,2,0.10,0,0.00,2,0.13,3,0.17,4,0.23,4,0.23,4,0.32,5,0.23,6,0.30,5,0.24,6,0.27,5,0.23,0.00
D,318,Burke,4.0,4.0,Luton,6,0.15,0,0.00,18,0.41,15,0.48,14,0.52,15,0.56,18,0.81,18,0.49,17,0.55,16,0.41,16,0.38,18,0.34,0.00
M,319,Campbell,5.0,5.0,Luton,35,1.12,0,0.00,36,1.11,37,1.25,37,1.48,39,1.34,39,1.80,39,1.23,38,1.26,39,1.18,40,1.19,40,1.17,0.00
M,320,Clark,5.0,5.0,Luton,30,1.03,0,0.00,40,1.28,41,1.52,40,1.74,41,1.56,43,2.12,43,1.47,42,1.51,42,1.36,42,1.34,41,1.28,0.00
D,321,Doughty,4.5,4.5,Luton,56,1.51,0,0.00,53,1.33,51,2.05,50,2.21,49,2.31,49,2.77,51,1.66,51,1.98,49,1.37,50,1.29,50,1.04,0.00
M,322,Freeman,5.0,5.0,Luton,7,0.40,0,0.00,9,0.44,8,0.46,10,0.61,11,0.55,12,0.78,12,0.54,13,0.60,14,0.61,12,0.52,13,0.56,0.00
G,323,Macey,4.0,4.0,Luton,3,0.10,0,0.00,4,0.14,4,0.13,5,0.21,5,0.18,4,0.22,6,0.20,7,0.24,5,0.15,5,0.17,5,0.17,0.01
F,324,McAtee,4.5,4.5,Luton,13,0.62,0,0.00,17,0.76,18,0.93,19,1.13,21,1.05,21,1.38,21,0.97,22,1.02,21,0.92,21,0.92,20,0.87,0.04
M,325,Mendes,4.5,4.5,Luton,0,0.00,0,0.00,0,0.00,0,0.00,0,0.00,0,0.00,0,0.00,0,0.00,0,0.00,0,0.00,0,0.00,0,0.00,0.00
F,326,Morris,5.5,5.5,Luton,83,2.94,0,0.00,78,2.63,76,3.23,74,3.59,72,3.10,73,4.01,73,2.80,73,2.87,74,2.56,72,2.55,74,2.44,0.02
F,327,Muskwe,4.5,4.5,Luton,0,0.00,0,0.00,0,0.00,0,0.00,1,0.11,2,0.14,2,0.18,2,0.13,2,0.13,3,0.15,2,0.13,2,0.11,0.00
F,328,Ogbene,5.0,5.0,Luton,29,1.08,0,0.00,35,1.21,36,1.43,36,1.66,36,1.41,37,1.95,38,1.39,37,1.39,38,1.30,37,1.29,37,1.24,0.00
M,329,Onyedinma,5.0,5.0,Luton,0,0.00,0,0.00,0,0.00,0,0.00,0,0.00,0,0.00,0,0.00,0,0.00,0,0.00,0,0.00,0,0.00,0,0.00,0.00
D,330,Osho,4.5,4.5,Luton,5,0.11,0,0.00,56,1.00,76,2.17,75,2.35,73,2.56,75,3.09,74,1.65,75,2.14,73,1.40,74,1.27,74,0.97,0.00
F,331,Pepple,4.5,4.5,Luton,0,0.00,0,0.00,0,0.00,0,0.00,0,0.00,0,0.00,0,0.00,0,0.00,0,0.00,0,0.00,0,0.00,0,0.00,0.00
M,332,Pereira,4.5,4.5,Luton,0,0.00,0,0.00,0,0.00,0,0.00,0,0.00,0,0.00,0,0.00,0,0.00,0,0.00,0,0.00,0,0.00,0,0.00,0.00
D,333,Potts,4.0,4.0,Luton,14,0.35,0,0.00,12,0.31,11,0.37,11,0.43,14,0.53,13,0.62,14,0.41,15,0.49,13,0.35,14,0.34,14,0.30,0.00
M,334,Rea,4.5,4.5,Luton,0,0.00,0,0.00,0,0.00,0,0.00,0,0.00,1,0.04,0,0.01,1,0.04,0,0.00,2,0.06,1,0.04,2,0.06,0.00
G,335,Shea,4.5,4.5,Luton,2,0.07,0,0.00,4,0.14,4,0.14,4,0.17,5,0.20,6,0.30,6,0.21,6,0.22,5,0.18,6,0.20,6,0.20,0.00
F,336,Taylor,4.5,4.5,Luton,0,0.00,0,0.00,0,0.00,0,0.00,0,0.00,0,0.00,0,0.00,0,0.00,0,0.00,0,0.00,0,0.00,0,0.00,0.01
M,337,Thorpe,4.5,4.5,Luton,0,0.00,0,0.00,0,0.00,0,0.00,0,0.00,0,0.00,0,0.00,0,0.00,0,0.00,0,0.00,0,0.00,0,0.00,0.00
G,338,Walton,4.0,4.0,Luton,0,0.00,0,0.00,0,0.00,0,0.00,0,0.00,0,0.00,0,0.00,0,0.00,0,0.00,0,0.00,0,0.00,0,0.00,0.00
M,339,Watson,4.5,4.5,Luton,0,0.00,0,0.00,0,0.00,0,0.00,0,0.00,0,0.00,0,0.00,0,0.00,0,0.00,0,0.00,0,0.00,0,0.00,0.00
F,340,Woodrow,4.5,4.5,Luton,1,0.11,0,0.00,3,0.23,4,0.30,5,0.42,6,0.40,6,0.52,6,0.36,6,0.37,6,0.34,6,0.34,6,0.34,0.01
D,341,Akanji,5.0,5.0,Man City,53,2.64,51,2.31,49,2.62,49,2.59,46,2.06,46,2.59,47,2.31,45,1.46,50,2.33,49,1.67,48,2.59,47,1.83,0.04
D,342,Aké,5.0,5.0,Man City,36,1.82,57,2.67,63,3.47,61,3.33,61,2.78,61,3.51,59,3.00,61,2.01,61,2.96,60,2.13,61,3.39,59,2.36,0.04
F,343,J.Alvarez,6.5,6.5,Man City,53,3.35,51,3.03,50,3.34,50,3.90,50,3.15,51,3.94,50,3.15,49,2.56,51,3.49,49,2.73,50,3.79,51,2.87,0.04
M,344,Bernardo,6.5,6.5,Man City,74,3.80,72,3.44,69,3.74,68,4.09,65,3.20,67,4.02,66,3.32,67,2.72,66,3.58,67,2.86,65,3.82,64,2.85,0.04
M,345,Bobb,4.5,4.5,Man City,0,0.00,2,0.11,3,0.17,3,0.20,3,0.17,4,0.23,4,0.21,4,0.20,5,0.27,3,0.19,5,0.28,4,0.21,0.00
D,346,Cancelo,6.0,6.0,Man City,1,0.08,3,0.14,3,0.14,3,0.20,2,0.09,2,0.15,3,0.18,3,0.14,3,0.14,3,0.14,3,0.18,3,0.15,0.05
G,347,Carson,4.0,4.0,Man City,0,0.00,0,0.00,0,0.00,0,0.00,0,0.00,0,0.00,0,0.00,0,0.00,0,0.00,0,0.00,0,0.00,0,0.00,0.00
M,348,Charles,4.5,4.5,Man City,0,0.00,0,0.00,0,0.00,0,0.00,0,0.00,0,0.00,0,0.00,0,0.00,0,0.00,0,0.00,0,0.00,0,0.00,0.00
M,349,De Bruyne,10.5,10.5,Man City,61,4.33,68,4.37,74,5.47,72,6.13,71,4.76,70,5.94,70,4.80,68,3.69,68,5.11,71,4.12,68,5.62,69,4.10,0.14
D,350,Rúben,5.5,5.5,Man City,80,3.96,77,3.51,76,4.04,74,3.92,73,3.23,72,4.05,71,3.53,70,2.20,70,3.28,69,2.36,69,3.76,68,2.63,0.07
M,351,Doyle,4.5,4.5,Man City,0,0.00,0,0.00,0,0.00,0,0.00,0,0.00,0,0.00,0,0.00,0,0.00,1,0.11,0,0.00,1,0.11,1,0.10,0.00
G,352,Ederson M.,5.5,5.5,Man City,85,3.59,85,3.37,85,3.65,85,3.51,85,3.21,85,3.64,85,3.41,85,2.74,84,3.19,84,2.81,83,3.52,83,2.90,0.14
M,353,Foden,7.5,7.5,Man City,62,3.96,59,3.47,57,3.89,56,4.33,55,3.42,54,4.09,55,3.50,56,2.87,55,3.76,56,3.01,55,4.09,57,3.15,0.10
M,354,Grealish,7.5,7.5,Man City,75,4.38,70,3.77,68,4.10,67,4.57,67,3.68,67,4.64,66,3.77,68,3.08,65,4.03,67,3.19,65,4.36,66,3.24,0.07
F,355,Haaland,14.0,14.0,Man City,84,6.64,81,5.80,81,6.83,78,7.84,79,6.04,76,7.54,76,5.89,77,4.75,75,6.61,76,5.02,76,7.31,75,5.05,0.86
M,356,Kovačić,5.0,5.0,Man City,47,2.08,44,1.84,42,1.95,42,2.13,41,1.74,42,2.12,40,1.76,39,1.45,41,1.86,41,1.56,42,2.05,41,1.58,0.01
D,357,Laporte,5.0,5.0,Man City,28,1.42,21,0.98,21,1.18,19,1.03,17,0.80,17,1.01,17,0.88,17,0.59,16,0.80,16,0.61,18,1.02,18,0.73,0.01
D,358,R.Lewis,4.5,4.5,Man City,19,0.96,20,0.94,22,1.21,21,1.13,23,1.10,21,1.21,24,1.22,23,0.85,24,1.21,23,0.91,24,1.33,24,1.03,0.00
M,359,Mahrez,7.5,7.5,Man City,0,0.00,0,0.00,0,0.00,0,0.00,0,0.00,0,0.00,0,0.00,0,0.00,0,0.00,0,0.00,0,0.00,0,0.00,0.00
M,360,McAtee,4.5,4.5,Man City,2,0.22,4,0.31,4,0.33,4,0.42,4,0.37,6,0.53,6,0.44,6,0.41,7,0.54,6,0.40,5,0.48,6,0.45,0.00
G,361,Ortega Moreno,4.0,4.0,Man City,6,0.27,10,0.43,10,0.49,11,0.51,11,0.49,11,0.54,12,0.57,12,0.45,14,0.60,12,0.48,13,0.61,13,0.52,0.01
M,362,Palmer,5.0,5.0,Man City,10,0.68,12,0.79,14,0.99,14,1.17,15,1.01,15,1.21,17,1.14,16,0.89,18,1.33,17,0.98,18,1.43,16,1.00,0.00
M,363,Perrone,4.5,4.5,Man City,2,0.06,2,0.08,2,0.09,3,0.11,4,0.13,4,0.15,4,0.15,4,0.14,5,0.17,4,0.14,5,0.18,4,0.15,0.00
M,364,Phillips,5.0,5.0,Man City,10,0.35,12,0.40,13,0.49,15,0.56,13,0.47,14,0.56,16,0.58,16,0.52,17,0.61,17,0.55,17,0.66,17,0.56,0.00
M,365,Rodrigo,5.5,5.5,Man City,85,3.15,82,2.87,80,3.13,79,3.28,78,2.78,76,3.20,75,2.79,75,2.31,74,2.81,73,2.35,73,3.03,73,2.41,0.02
D,366,Sergio Gómez,4.0,4.0,Man City,7,0.39,7,0.36,7,0.40,7,0.43,10,0.52,10,0.60,10,0.57,10,0.38,10,0.55,11,0.46,10,0.63,11,0.50,0.01
G,367,Steffen,4.0,4.0,Man City,0,0.00,0,0.00,0,0.00,0,0.00,0,0.00,0,0.00,0,0.00,0,0.00,0,0.00,0,0.00,0,0.00,0,0.00,0.00
D,368,Stones,5.5,5.5,Man City,75,3.77,73,3.36,71,3.82,70,3.74,68,3.06,67,3.79,67,3.36,66,2.15,65,3.09,65,2.27,64,3.52,64,2.52,0.29
D,369,Walker,5.0,5.0,Man City,49,2.47,47,2.14,48,2.54,45,2.40,47,2.09,46,2.58,48,2.38,49,1.57,44,2.09,45,1.58,46,2.50,45,1.77,0.03
D,370,Alex Telles,4.5,4.5,Man Utd,0,0.00,0,0.00,0,0.00,0,0.00,0,0.00,0,0.00,0,0.00,0,0.00,0,0.00,0,0.00,0,0.00,0,0.00,0.00
M,371,Amad,4.5,4.5,Man Utd,0,0.00,0,0.00,0,0.00,0,0.00,0,0.00,0,0.00,0,0.00,0,0.00,0,0.00,0,0.00,0,0.00,0,0.00,0.00
M,372,Antony,7.0,7.0,Man Utd,63,3.88,62,2.91,60,3.86,58,2.46,56,3.21,54,2.95,55,3.35,56,3.23,57,3.24,53,2.36,56,3.10,56,3.80,0.02
M,373,B.Fernandes,8.5,8.5,Man Utd,89,6.10,88,4.45,87,6.37,86,3.81,85,5.41,85,5.13,84,5.83,83,5.43,83,5.32,84,3.83,84,5.22,84,6.64,0.27
D,374,B.Williams,4.0,4.0,Man Utd,3,0.13,3,0.08,2,0.07,2,0.04,2,0.08,2,0.07,3,0.12,4,0.15,3,0.12,3,0.07,3,0.09,3,0.11,0.00
D,375,Bailly,4.0,4.0,Man Utd,0,0.00,0,0.00,1,0.05,1,0.04,2,0.08,3,0.10,2,0.07,2,0.08,3,0.11,2,0.08,3,0.10,3,0.13,0.00
M,376,Casemiro,5.5,5.5,Man Utd,88,3.33,88,2.62,86,3.34,86,2.34,84,2.86,84,2.79,84,3.08,83,2.90,82,2.92,85,2.34,83,2.77,82,3.32,0.04
D,377,Dalot,5.0,5.0,Man Utd,40,2.17,41,1.47,40,2.19,41,1.07,41,1.79,41,1.89,43,2.21,40,1.91,43,2.20,43,1.20,44,1.85,42,2.52,0.02
M,378,Elanga,5.0,5.0,Nott'm Forest,33,1.36,27,1.44,23,1.05,27,1.18,27,1.42,27,1.08,25,1.29,29,1.38,28,1.58,29,1.18,28,1.33,26,1.21,0.01
M,379,Eriksen,6.0,6.0,Man Utd,24,1.50,23,1.18,23,1.52,24,1.15,24,1.43,24,1.34,25,1.55,26,1.56,26,1.54,24,1.16,25,1.46,26,1.76,0.01
D,380,Fernandez,4.0,4.0,Man Utd,0,0.00,0,0.00,0,0.00,0,0.00,0,0.00,0,0.00,0,0.00,0,0.00,0,0.00,0,0.00,0,0.00,0,0.00,0.00
M,381,Fred,5.0,5.0,Man Utd,19,0.96,24,1.02,24,1.24,26,1.05,28,1.27,29,1.29,30,1.41,29,1.34,29,1.33,29,1.14,27,1.23,29,1.50,0.00
M,382,Garnacho,5.0,5.0,Man Utd,38,2.55,36,1.89,30,2.11,28,1.42,27,1.75,26,1.61,26,1.79,28,1.80,28,1.77,27,1.37,28,1.74,29,2.19,0.03
M,383,Hannibal,4.5,4.5,Man Utd,0,0.00,0,0.00,0,0.00,0,0.00,0,0.00,0,0.00,0,0.00,0,0.00,0,0.00,0,0.00,0,0.00,0,0.00,0.00
G,384,Heaton,4.0,4.0,Man Utd,0,0.00,0,0.00,0,0.00,1,0.04,3,0.12,2,0.09,3,0.13,2,0.09,2,0.09,1,0.05,2,0.06,2,0.11,0.00
G,385,Henderson,4.5,4.5,Man Utd,2,0.08,3,0.12,3,0.16,13,0.45,32,1.28,38,1.26,41,1.54,41,1.50,44,1.92,42,1.38,41,1.47,41,1.44,0.01
D,386,Lindelof,4.5,4.5,Man Utd,12,0.54,17,0.54,21,0.99,21,0.50,23,0.82,23,0.94,23,1.03,26,1.04,26,1.14,28,0.69,26,0.96,26,1.33,0.00
D,387,Maguire,4.5,4.5,West Ham,26,0.87,40,1.18,50,1.16,60,2.40,59,1.05,59,0.92,60,2.70,61,1.61,59,1.41,58,2.30,59,1.59,59,2.46,0.00
M,388,Mainoo,4.5,4.5,Man Utd,0,0.00,0,0.00,0,0.00,0,0.00,0,0.00,0,0.00,0,0.00,0,0.00,0,0.00,0,0.00,0,0.00,0,0.00,0.00
D,389,Malacia,4.5,4.5,Man Utd,4,0.15,9,0.28,14,0.67,15,0.40,16,0.65,18,0.75,18,0.86,18,0.78,20,0.96,19,0.54,19,0.78,21,1.15,0.00
F,390,Martial,6.5,6.5,Man Utd,5,0.42,10,0.62,12,0.95,11,0.61,11,0.75,11,0.76,12,0.90,11,0.81,11,0.81,12,0.71,12,0.81,12,0.97,0.01
D,391,Martinez,5.0,5.0,Man Utd,88,4.20,86,2.67,83,4.01,82,1.81,79,3.01,80,3.31,79,3.62,78,3.31,80,3.63,78,1.92,79,2.92,79,4.22,0.07
M,392,McTominay,5.0,5.0,Man Utd,33,1.33,31,1.08,40,1.51,37,1.25,42,1.39,43,1.38,41,1.59,43,1.47,42,1.43,41,1.39,41,1.37,39,1.54,0.00
D,393,Mengi,4.0,4.0,Man Utd,0,0.00,0,0.00,0,0.00,0,0.00,0,0.00,0,0.00,0,0.00,0,0.00,0,0.00,0,0.00,0,0.00,0,0.00,0.00
M,394,Pellistri,4.5,4.5,Man Utd,4,0.28,4,0.22,2,0.14,2,0.13,2,0.15,2,0.15,3,0.20,2,0.17,2,0.15,3,0.16,3,0.20,3,0.20,0.00
D,395,R.Varane,5.0,5.0,Man Utd,87,4.16,81,2.63,80,3.91,79,1.84,78,2.99,78,3.24,76,3.47,75,3.17,73,3.35,73,1.89,73,2.76,72,3.86,0.02
M,396,Rashford,9.0,9.0,Man Utd,86,6.43,84,4.61,79,6.30,79,3.83,77,5.33,77,4.96,78,5.86,77,5.45,77,5.30,75,3.79,75,5.08,76,6.37,0.46
M,397,Sancho,7.0,7.0,Man Utd,46,2.91,43,2.19,36,2.43,31,1.49,31,1.93,29,1.76,29,1.90,30,1.86,30,1.85,30,1.49,31,1.91,31,2.17,0.01
D,398,Shaw,5.5,5.5,Man Utd,84,4.61,81,2.88,78,4.42,77,2.02,76,3.39,74,3.54,74,3.96,73,3.62,72,3.79,74,2.12,73,3.20,73,4.52,0.27
F,399,Shoretire,4.5,4.5,Man Utd,0,0.00,0,0.00,0,0.00,0,0.00,0,0.00,0,0.00,0,0.00,0,0.00,0,0.00,0,0.00,0,0.00,0,0.00,0.00
M,400,Van de Beek,5.0,5.0,Man Utd,5,0.29,9,0.42,8,0.49,10,0.45,10,0.56,14,0.70,13,0.72,12,0.66,13,0.70,14,0.63,14,0.70,14,0.80,0.00
D,401,Wan-Bissaka,4.5,4.5,Man Utd,60,3.03,57,1.93,57,2.96,56,1.39,55,2.25,56,2.44,53,2.59,56,2.53,53,2.55,54,1.47,53,2.12,54,3.02,0.02
M,402,Almirón,6.5,6.5,Newcastle,64,3.52,62,2.36,60,2.94,57,2.85,58,3.39,57,3.32,55,3.43,55,2.89,55,3.42,53,2.88,54,2.63,56,3.14,0.08
M,403,Anderson,4.5,4.5,Newcastle,3,0.26,4,0.25,3,0.23,4,0.27,5,0.34,5,0.38,5,0.38,6,0.38,6,0.42,6,0.37,6,0.36,7,0.43,0.07
D,404,Ashby,4.0,4.0,Newcastle,0,0.00,0,0.00,0,0.00,0,0.00,0,0.00,0,0.00,0,0.00,0,0.00,0,0.00,0,0.00,0,0.00,0,0.00,0.00
D,405,Botman,4.5,4.5,Newcastle,89,3.55,86,1.77,86,2.59,83,2.60,83,3.54,81,3.77,80,3.91,80,2.83,79,3.64,79,3.33,79,2.38,79,3.21,0.21
M,406,Bruno G.,6.0,6.0,Newcastle,89,2.94,87,2.20,82,2.47,82,2.49,81,2.84,80,2.85,79,2.96,79,2.50,80,2.95,81,2.62,80,2.37,79,2.61,0.04
D,407,Burn,4.5,4.5,Newcastle,75,3.09,73,1.58,71,2.23,70,2.27,68,2.98,67,3.18,67,3.32,66,2.41,65,3.06,65,2.79,64,2.00,64,2.67,0.04
G,408,Darlow,4.0,4.0,Newcastle,0,0.00,0,0.00,0,0.00,0,0.00,0,0.00,0,0.00,0,0.00,0,0.00,0,0.00,0,0.00,0,0.00,0,0.00,0.00
G,409,Dubravka,4.0,4.0,Newcastle,1,0.06,3,0.09,3,0.13,3,0.12,3,0.13,3,0.15,4,0.19,4,0.14,5,0.23,4,0.17,5,0.17,4,0.19,0.01
M,410,Fraser,5.0,5.0,Newcastle,2,0.20,3,0.19,4,0.28,4,0.30,4,0.36,5,0.41,5,0.38,6,0.42,6,0.49,7,0.46,6,0.41,6,0.41,0.00
G,411,Gillespie,4.0,4.0,Newcastle,0,0.00,0,0.00,0,0.00,0,0.00,0,0.00,0,0.00,0,0.00,0,0.00,0,0.00,0,0.00,0,0.00,0,0.00,0.00
M,412,Gordon,5.5,5.5,Newcastle,52,2.75,46,1.80,42,2.04,37,1.85,35,2.03,36,2.06,38,2.28,36,1.90,35,2.12,35,1.85,35,1.72,37,2.00,0.01
M,413,Hayden,4.5,4.5,Newcastle,0,0.00,0,0.00,0,0.00,0,0.00,0,0.00,0,0.00,1,0.05,1,0.05,1,0.06,0,0.00,1,0.06,2,0.07,0.00
M,414,Hendrick,4.5,4.5,Newcastle,0,0.00,0,0.00,0,0.00,0,0.00,0,0.00,0,0.00,0,0.00,0,0.00,0,0.00,1,0.05,0,0.00,0,0.00,0.00
F,415,Isak,7.5,7.5,Newcastle,70,4.09,68,2.67,64,3.41,66,3.53,65,4.05,65,3.97,63,4.22,62,3.50,62,4.15,61,3.45,63,3.34,63,3.70,0.15
M,416,Joelinton,6.0,6.0,Newcastle,73,2.82,66,1.91,63,2.20,63,2.25,62,2.58,61,2.54,62,2.77,60,2.25,62,2.72,62,2.37,61,2.13,63,2.44,0.01
D,417,Krafth,4.5,4.5,Newcastle,2,0.08,2,0.04,5,0.15,6,0.20,7,0.28,8,0.35,9,0.43,8,0.29,10,0.43,8,0.32,9,0.29,9,0.38,0.00
M,418,Kuol,4.5,4.5,Newcastle,0,0.00,0,0.00,0,0.00,0,0.00,0,0.00,0,0.00,0,0.00,0,0.00,0,0.00,0,0.00,0,0.00,0,0.00,0.00
D,419,Lascelles,4.0,4.0,Newcastle,27,1.09,9,0.22,11,0.33,10,0.33,11,0.46,12,0.53,13,0.58,13,0.43,13,0.57,13,0.53,14,0.41,15,0.59,0.00
D,420,J.Lewis,4.0,4.0,Newcastle,0,0.00,0,0.00,0,0.00,0,0.00,0,0.00,0,0.00,0,0.00,0,0.00,0,0.00,0,0.00,0,0.00,0,0.00,0.00
M,421,Longstaff,5.0,5.0,Newcastle,41,1.55,38,1.18,34,1.22,34,1.22,36,1.40,35,1.40,35,1.45,37,1.33,36,1.46,36,1.34,37,1.27,34,1.29,0.00
D,422,Manquillo,4.0,4.0,Newcastle,2,0.06,3,0.07,3,0.10,4,0.12,4,0.18,4,0.17,4,0.17,4,0.16,4,0.17,4,0.14,4,0.15,4,0.16,0.00
M,423,Murphy,5.0,5.0,Newcastle,22,1.29,23,1.04,24,1.30,25,1.37,23,1.42,25,1.49,25,1.59,26,1.42,25,1.58,27,1.50,27,1.41,25,1.44,0.00
G,424,Pope,5.5,5.5,Newcastle,94,3.81,92,3.11,92,3.38,92,3.41,92,3.84,91,4.04,90,4.09,91,3.55,90,3.92,91,3.82,90,3.32,90,3.71,0.12
M,425,Ritchie,4.5,4.5,Newcastle,2,0.09,2,0.09,4,0.17,4,0.19,5,0.23,5,0.26,6,0.32,6,0.26,6,0.29,5,0.25,7,0.29,5,0.25,0.00
M,426,Saint-Maximin,6.0,6.0,Newcastle,0,0.00,0,0.00,0,0.00,0,0.00,0,0.00,0,0.00,0,0.00,0,0.00,0,0.00,0,0.00,0,0.00,0,0.00,0.00
D,427,Schär,5.0,5.0,Newcastle,56,2.30,87,1.83,84,2.64,82,2.70,82,3.67,81,3.88,79,4.04,79,2.93,78,3.79,79,3.41,78,2.46,78,3.27,0.03
D,428,Targett,4.5,4.5,Newcastle,21,0.91,16,0.45,18,0.65,21,0.79,21,0.99,22,1.09,24,1.24,24,0.97,25,1.23,24,1.09,23,0.81,23,1.03,0.00
M,429,Tonali,5.5,5.5,Newcastle,61,2.21,67,1.86,70,2.27,74,2.39,73,2.70,72,2.69,72,2.89,70,2.37,69,2.72,69,2.44,70,2.23,70,2.48,0.02
D,430,Trippier,6.5,6.5,Newcastle,89,4.38,87,2.14,83,3.12,82,3.20,80,4.31,79,4.52,78,4.79,80,3.52,78,4.55,78,4.00,79,2.95,79,3.98,0.35
D,431,Watts,4.0,4.0,Newcastle,0,0.00,0,0.00,0,0.00,0,0.00,0,0.00,0,0.00,0,0.00,0,0.00,0,0.00,0,0.00,0,0.00,0,0.00,0.00
M,432,Willock,5.5,5.5,Newcastle,10,0.52,21,0.83,34,1.49,31,1.41,30,1.52,32,1.59,32,1.68,32,1.50,33,1.72,33,1.53,31,1.40,32,1.56,0.01
F,433,Wilson,8.0,8.0,Newcastle,65,4.23,63,2.70,61,3.56,60,3.57,59,4.12,58,3.92,58,4.26,57,3.53,56,4.12,56,3.48,56,3.27,55,3.59,0.10
M,434,B.Aguilera,4.5,4.5,Nott'm Forest,0,0.00,0,0.00,0,0.00,0,0.00,0,0.00,0,0.00,0,0.00,0,0.00,0,0.00,0,0.00,0,0.00,0,0.00,0.00
M,435,Arter,4.5,4.5,Nott'm Forest,0,0.00,0,0.00,0,0.00,0,0.00,0,0.00,0,0.00,0,0.00,0,0.00,0,0.00,0,0.00,0,0.00,0,0.00,0.00
D,436,Aurier,4.5,4.5,Nott'm Forest,78,1.20,74,3.18,72,1.28,72,1.57,71,2.94,70,0.81,68,2.35,67,2.07,66,3.22,68,1.07,69,2.15,67,1.81,0.00
F,437,Awoniyi,6.5,6.5,Nott'm Forest,44,1.80,60,3.35,67,2.66,66,2.64,65,3.49,63,2.25,64,3.22,62,2.89,61,3.59,62,2.39,62,2.94,62,2.76,0.01
D,438,Biancone,4.0,4.0,Nott'm Forest,2,0.05,3,0.12,2,0.06,3,0.09,4,0.15,5,0.10,6,0.20,6,0.18,6,0.25,5,0.11,5,0.18,5,0.15,0.00
D,439,Boly,4.5,4.5,Nott'm Forest,61,0.95,49,2.01,32,0.64,24,0.59,22,0.91,23,0.38,24,0.83,23,0.76,25,1.17,24,0.48,25,0.81,22,0.66,0.00
M,440,Bowler,4.5,4.5,Nott'm Forest,0,0.00,0,0.00,0,0.00,0,0.00,0,0.00,0,0.00,0,0.00,0,0.00,0,0.00,0,0.00,0,0.00,0,0.00,0.00
D,441,Cook,4.5,4.5,Nott'm Forest,23,0.35,21,0.80,12,0.23,7,0.18,9,0.33,9,0.13,10,0.30,10,0.29,10,0.42,11,0.19,11,0.33,10,0.26,0.00
M,442,Danilo,5.5,5.5,Nott'm Forest,77,2.11,75,2.62,71,2.00,69,2.02,70,2.41,69,1.83,67,2.23,67,2.11,67,2.51,67,1.87,67,2.14,68,2.08,0.00
F,443,Dennis,5.0,5.0,Nott'm Forest,1,0.08,1,0.13,1,0.10,1,0.10,2,0.16,3,0.18,3,0.21,2,0.19,3,0.26,3,0.19,2,0.18,3,0.21,0.01
D,444,Dräger,4.0,4.0,Nott'm Forest,0,0.00,0,0.00,1,0.04,2,0.05,2,0.08,1,0.03,2,0.07,2,0.07,2,0.11,2,0.06,3,0.10,2,0.07,0.00
D,445,Felipe,4.5,4.5,Nott'm Forest,6,0.11,24,0.98,53,0.83,68,1.32,67,2.55,67,0.64,68,2.13,67,1.85,64,2.88,68,0.91,66,1.87,67,1.64,0.00
M,446,Freuler,5.0,5.0,Nott'm Forest,27,0.87,27,1.01,29,0.92,32,1.01,31,1.13,32,0.95,34,1.15,35,1.14,34,1.29,33,0.99,32,1.06,32,1.03,0.00
M,447,Gibbs-White,6.0,6.0,Nott'm Forest,87,3.03,83,4.36,81,2.93,79,2.96,76,3.94,76,2.44,77,3.71,77,3.37,75,4.34,76,2.62,77,3.42,77,3.21,0.03
G,448,Hennessey,4.0,4.0,Nott'm Forest,0,2.64,0,3.25,0,2.59,0,2.58,0,3.13,0,2.54,0,2.86,0,2.71,0,3.27,0,2.48,0,2.74,0,2.58,0.01
G,449,Horvath,4.5,4.5,Nott'm Forest,0,0.00,0,0.00,0,0.00,0,0.00,0,0.00,0,0.00,0,0.00,0,0.00,0,0.00,0,0.00,0,0.00,0,0.00,0.00
M,450,Johnson,6.0,6.0,Nott'm Forest,56,2.08,61,3.25,65,2.45,61,2.35,61,3.23,60,2.01,59,2.88,56,2.51,57,3.33,57,2.09,58,2.66,60,2.57,0.01
M,451,Kouyaté,5.0,5.0,Nott'm Forest,10,0.37,10,0.42,12,0.46,13,0.49,14,0.56,14,0.53,16,0.62,16,0.62,17,0.69,16,0.58,16,0.61,17,0.63,0.00
D,452,Laryea,4.5,4.5,Nott'm Forest,0,0.00,0,0.00,0,0.00,0,0.00,0,0.00,0,0.00,0,0.00,0,0.00,0,0.00,0,0.00,0,0.00,0,0.00,0.00
M,453,Mangala,5.0,5.0,Nott'm Forest,61,1.72,59,2.02,54,1.60,54,1.62,53,1.84,50,1.44,51,1.70,49,1.60,50,1.83,50,1.46,51,1.64,50,1.57,0.00
D,454,Mbe Soh,4.0,4.0,Nott'm Forest,0,0.00,0,0.00,0,0.00,0,0.00,0,0.00,0,0.00,0,0.00,0,0.00,0,0.00,0,0.00,0,0.00,0,0.00,0.00
D,455,McKenna,4.5,4.5,Nott'm Forest,82,1.06,73,2.75,56,0.88,44,0.91,45,1.68,44,0.49,45,1.41,44,1.25,46,2.03,43,0.64,46,1.30,47,1.15,0.00
M,456,Mighten,4.5,4.5,Nott'm Forest,0,0.00,0,0.00,0,0.00,0,0.00,0,0.00,0,0.00,0,0.00,0,0.00,0,0.00,0,0.00,0,0.00,0,0.00,0.00
D,457,Niakhaté,4.5,4.5,Nott'm Forest,6,0.10,19,0.76,48,0.78,63,1.23,63,2.35,64,0.63,64,1.97,63,1.74,62,2.72,62,0.85,61,1.70,63,1.53,0.00
M,458,O'Brien,5.0,5.0,Nott'm Forest,4,0.14,5,0.23,6,0.23,6,0.24,7,0.30,7,0.27,8,0.34,9,0.35,9,0.40,9,0.32,10,0.41,9,0.35,0.00
M,459,Ojeda,4.5,4.5,Nott'm Forest,0,0.00,0,0.00,0,0.00,0,0.00,0,0.00,0,0.00,0,0.00,0,0.00,0,0.00,0,0.00,0,0.00,0,0.00,0.00
D,460,Panzo,4.0,4.0,Nott'm Forest,0,0.00,1,0.06,0,0.00,0,0.00,0,0.00,0,0.00,0,0.00,0,0.00,0,0.00,0,0.00,0,0.00,0,0.00,0.00
D,461,O.Richards,4.5,4.5,Nott'm Forest,9,0.19,9,0.38,11,0.26,11,0.30,12,0.48,14,0.24,13,0.46,15,0.49,14,0.64,15,0.31,11,0.37,13,0.40,0.00
M,462,G.Scarpa,4.5,4.5,Nott'm Forest,8,0.41,7,0.41,7,0.39,8,0.42,10,0.53,9,0.41,11,0.55,10,0.48,10,0.57,10,0.45,11,0.52,10,0.48,0.00
M,463,Shelvey,5.0,5.0,Nott'm Forest,0,0.00,0,0.00,0,0.00,0,0.00,0,0.00,1,0.05,2,0.07,2,0.09,2,0.11,2,0.08,2,0.08,2,0.09,0.00
F,464,Surridge,4.5,4.5,Nott'm Forest,0,0.00,0,0.00,0,0.00,0,0.00,0,0.00,0,0.00,0,0.00,0,0.00,0,0.00,0,0.00,0,0.00,0,0.00,0.01
D,465,Toffolo,4.5,4.5,Nott'm Forest,9,0.18,8,0.33,10,0.20,9,0.22,13,0.54,12,0.18,13,0.46,12,0.38,13,0.59,13,0.26,14,0.46,17,0.51,0.00
F,466,Ui-jo,4.5,4.5,Nott'm Forest,12,0.59,10,0.62,10,0.49,9,0.47,9,0.57,12,0.54,11,0.63,11,0.63,12,0.78,12,0.59,13,0.73,13,0.68,0.01
D,467,Williams,4.5,4.5,Nott'm Forest,24,0.48,26,1.12,27,0.60,27,0.68,26,1.13,27,0.43,27,1.00,29,0.96,30,1.44,28,0.56,27,0.91,30,0.89,0.00
F,468,Wood,5.0,5.0,Nott'm Forest,18,0.87,10,0.68,10,0.55,12,0.60,12,0.76,12,0.55,12,0.71,12,0.66,13,0.91,13,0.62,12,0.70,12,0.67,0.01
D,469,Worrall,4.5,4.5,Nott'm Forest,84,1.07,77,2.90,63,0.94,59,1.10,57,2.05,58,0.54,56,1.67,58,1.54,57,2.44,57,0.74,56,1.52,55,1.29,0.00
M,470,Yates,5.0,5.0,Nott'm Forest,57,1.65,58,2.11,58,1.67,56,1.66,58,2.04,58,1.56,56,1.87,57,1.82,56,2.12,55,1.53,55,1.78,56,1.74,0.00
D,471,Ahmedhodžić,4.5,4.5,Sheffield Utd,87,3.04,87,2.93,85,1.23,83,3.08,81,1.44,79,1.86,79,1.88,78,2.08,78,1.67,78,0.97,78,2.93,77,1.53,0.01
G,472,Amissah,4.0,4.0,Sheffield Utd,0,0.00,0,0.00,0,0.00,0,0.00,0,0.00,0,0.00,0,0.00,0,0.00,0,0.00,0,0.00,0,0.00,0,0.00,0.00
D,473,Baldock,4.0,4.0,Sheffield Utd,84,3.29,76,2.92,71,1.28,69,2.94,68,1.46,67,1.85,67,1.87,64,1.97,62,1.59,65,1.04,64,2.75,65,1.54,0.11
D,474,Basham,4.0,4.0,Sheffield Utd,35,1.23,30,1.05,32,0.54,36,1.32,34,0.66,38,0.92,37,0.91,38,1.02,38,0.84,37,0.52,38,1.41,39,0.80,0.01
M,475,Berge,5.0,5.0,Burnley,41,1.25,0,0.00,65,2.08,71,2.25,70,2.78,70,2.13,70,2.95,68,2.14,70,2.14,68,2.20,70,2.41,71,1.93,0.00
D,476,Bogle,4.5,4.5,Sheffield Utd,8,0.33,15,0.60,25,0.56,26,1.11,27,0.67,28,0.84,28,0.85,31,1.00,32,0.87,30,0.57,30,1.30,30,0.77,0.00
F,477,Brewster,5.0,5.0,Sheffield Utd,2,0.17,3,0.20,6,0.36,10,0.59,17,0.83,24,1.18,22,1.11,23,1.23,23,1.15,25,1.10,25,1.38,24,1.15,0.00
M,478,Coulibaly,4.5,4.5,Sheffield Utd,12,0.41,17,0.57,31,0.92,34,1.09,34,0.98,35,1.03,34,1.01,34,1.03,34,1.01,35,0.98,36,1.13,35,1.02,0.00
G,479,Davies,4.0,4.0,Sheffield Utd,2,0.10,3,0.10,3,0.11,4,0.15,4,0.15,5,0.17,6,0.21,6,0.22,7,0.23,6,0.18,5,0.20,6,0.20,0.00
D,480,Egan,4.5,4.5,Sheffield Utd,85,2.87,83,2.69,79,1.12,78,2.79,80,1.33,77,1.71,76,1.72,74,1.86,74,1.50,74,0.90,75,2.69,74,1.39,0.00
M,481,Fleck,5.0,5.0,Sheffield Utd,51,1.83,58,2.04,55,1.66,53,1.91,53,1.66,54,1.75,51,1.68,55,1.84,54,1.72,52,1.54,52,1.87,50,1.60,0.00
G,482,Foderingham,4.5,4.5,Sheffield Utd,93,3.69,92,3.56,91,3.02,91,3.70,90,2.99,90,3.10,89,3.09,89,3.13,88,3.00,89,2.95,90,3.63,89,3.00,0.00
F,483,Jebbison,5.0,5.0,Sheffield Utd,33,1.66,31,1.56,28,1.18,27,1.43,23,1.08,24,1.15,24,1.16,24,1.23,26,1.20,25,1.05,24,1.28,26,1.19,0.00
D,484,Lowe,4.5,4.5,Sheffield Utd,74,2.62,72,2.49,66,1.09,66,2.50,67,1.29,65,1.63,63,1.59,63,1.74,64,1.45,65,0.91,65,2.47,64,1.35,0.00
F,485,McBurnie,5.5,5.5,Sheffield Utd,37,1.75,59,2.58,67,2.29,67,2.92,65,2.34,64,2.45,64,2.48,64,2.62,63,2.44,64,2.17,66,2.89,64,2.39,0.00
F,486,Ndiaye,5.5,5.5,Sheffield Utd,0,0.00,0,0.00,0,0.00,0,0.00,0,0.00,0,0.00,0,0.00,0,0.00,0,0.00,0,0.00,0,0.00,0,0.00,0.00
D,487,Norrington-Davies,4.0,4.0,Sheffield Utd,3,0.09,5,0.17,7,0.12,8,0.25,8,0.17,10,0.24,10,0.26,10,0.28,11,0.26,10,0.16,12,0.41,11,0.25,0.00
M,488,Norwood,5.0,5.0,Sheffield Utd,71,2.63,87,3.10,84,2.36,84,3.03,82,2.41,82,2.55,82,2.58,82,2.70,82,2.53,82,2.23,83,2.94,82,2.44,0.00
M,489,Osborn,5.0,5.0,Sheffield Utd,66,2.49,57,2.13,56,1.73,56,2.11,55,1.75,55,1.86,56,1.91,56,1.98,56,1.89,57,1.71,56,2.10,58,1.88,0.00
F,490,Osula,4.5,4.5,Sheffield Utd,44,1.82,32,1.36,26,0.99,28,1.21,27,1.04,22,0.93,24,1.00,25,1.06,25,1.02,25,0.93,24,1.04,24,0.98,0.01
G,491,Austin,4.0,4.0,Spurs,0,0.00,0,0.00,0,0.00,0,0.00,0,0.00,0,0.00,0,0.00,0,0.00,0,0.00,0,0.00,0,0.00,0,0.00,0.00
M,492,Bentancur,5.5,5.5,Spurs,0,0.00,0,0.00,0,0.00,0,0.00,0,0.00,0,0.00,0,0.00,0,0.00,0,0.00,0,0.00,10,0.35,29,0.96,0.00
M,493,Bissouma,5.0,5.0,Spurs,60,1.77,59,1.70,57,1.77,59,1.84,59,2.06,55,1.49,55,1.58,55,1.82,57,1.90,56,1.71,53,1.60,53,1.64,0.00
M,494,Bryan,5.0,5.0,Spurs,0,0.00,0,0.00,0,0.00,0,0.00,0,0.00,0,0.00,0,0.00,0,0.00,0,0.00,0,0.00,0,0.00,0,0.00,0.00
D,495,Davies,4.5,4.5,Spurs,65,2.16,62,1.94,62,2.36,60,2.37,58,2.92,55,1.20,57,1.61,55,2.56,52,2.26,55,2.05,56,1.96,55,2.18,0.01
D,496,Dier,4.5,4.5,Spurs,22,0.71,24,0.73,26,0.98,26,1.02,26,1.26,28,0.61,26,0.73,30,1.35,30,1.25,29,1.03,28,0.96,27,1.04,0.01
D,497,E.Royal,4.5,4.5,Spurs,26,1.02,27,0.99,30,1.28,27,1.20,32,1.75,31,0.83,31,1.02,30,1.52,31,1.51,31,1.30,32,1.25,33,1.45,0.01
G,498,Forster,4.0,4.0,Spurs,1,0.04,3,0.10,3,0.13,4,0.14,3,0.14,4,0.13,3,0.12,4,0.16,4,0.17,4,0.16,5,0.18,4,0.16,0.06
M,499,Højbjerg,5.5,5.5,Spurs,70,2.05,70,1.99,70,2.16,69,2.14,70,2.49,70,1.83,67,1.90,68,2.27,65,2.19,66,2.01,67,2.01,60,1.84,0.01
F,500,Kane,12.5,12.5,Spurs,75,4.11,69,3.59,63,3.78,59,3.45,54,3.93,53,2.43,53,2.85,52,3.45,52,3.79,52,3.05,51,2.96,51,2.94,0.14
M,501,Kulusevski,7.0,7.0,Spurs,61,2.69,62,2.62,60,2.82,60,2.80,60,3.30,59,2.22,57,2.44,59,2.99,57,3.08,57,2.63,57,2.61,57,2.61,0.02
G,502,Lloris,5.0,5.0,Spurs,0,0.00,0,0.00,0,0.00,0,0.00,0,0.00,0,0.00,0,0.00,0,0.00,0,0.00,0,0.00,0,0.00,0,0.00,0.01
M,503,Lo Celso,5.0,5.0,Spurs,30,1.46,31,1.43,32,1.61,34,1.69,36,2.05,35,1.45,36,1.60,36,1.91,36,2.00,35,1.68,32,1.55,31,1.51,0.00
M,504,Maddison,7.5,7.5,Spurs,80,3.87,77,3.54,76,4.12,72,3.83,70,4.72,73,3.00,71,3.44,69,4.23,70,4.65,71,3.80,71,3.77,70,3.69,0.13
M,505,Ndombele,4.5,4.5,Spurs,18,0.77,18,0.79,19,0.88,21,0.96,21,1.05,21,0.83,23,0.95,24,1.11,23,1.11,23,1.02,23,0.98,20,0.89,0.01
D,506,Pedro Porro,5.0,5.0,Spurs,67,2.69,67,2.48,63,2.92,65,3.09,60,3.68,61,1.63,61,2.12,62,3.40,59,3.17,60,2.70,59,2.53,58,2.73,0.03
D,507,Perišić,5.0,5.0,Spurs,27,1.32,26,1.22,26,1.46,29,1.63,28,1.98,31,1.08,30,1.34,31,1.98,30,1.99,30,1.61,30,1.56,30,1.66,0.03
D,508,Reguilón,4.5,4.5,Spurs,7,0.28,6,0.24,6,0.29,7,0.33,8,0.43,9,0.28,8,0.31,8,0.39,9,0.45,9,0.41,8,0.36,9,0.39,0.00
M,509,Richarlison,7.0,7.0,Spurs,70,3.91,68,3.58,66,4.02,65,3.94,64,4.76,63,2.91,62,3.36,61,4.11,61,4.50,60,3.65,60,3.59,60,3.59,0.02
D,510,Rodon,4.0,4.0,Spurs,4,0.16,6,0.21,5,0.21,6,0.25,8,0.36,8,0.20,8,0.26,9,0.36,9,0.34,9,0.32,8,0.28,9,0.32,0.00
D,511,Romero,4.5,4.5,Spurs,90,2.63,88,2.39,85,2.90,83,2.96,83,3.86,83,1.48,81,2.01,81,3.45,82,3.23,81,2.66,81,2.50,81,2.86,0.01
D,512,Sánchez,4.5,4.5,Spurs,9,0.29,10,0.29,13,0.49,13,0.49,13,0.61,14,0.33,15,0.44,14,0.61,15,0.65,15,0.52,14,0.49,16,0.61,0.00
M,513,Sarr,4.5,4.5,Spurs,0,0.00,0,0.00,0,0.00,0,0.00,2,0.10,1,0.07,2,0.11,2,0.12,2,0.13,2,0.11,2,0.10,1,0.08,0.01
D,514,Sessegnon,4.5,4.5,Spurs,4,0.21,9,0.43,14,0.77,15,0.82,16,1.06,15,0.58,16,0.70,16,0.96,16,0.96,17,0.87,18,0.90,17,0.92,0.00
M,515,Skipp,5.0,5.0,Spurs,32,0.99,35,1.03,36,1.11,36,1.11,34,1.16,37,1.00,39,1.09,38,1.21,39,1.27,38,1.14,36,1.07,33,1.02,0.00
M,516,Son,9.0,9.0,Spurs,84,4.39,80,3.99,79,4.54,79,4.52,79,5.57,78,3.41,78,3.99,77,4.90,77,5.35,77,4.39,79,4.38,77,4.30,0.04
D,517,Spence,4.0,4.0,Spurs,0,0.00,1,0.05,2,0.10,3,0.11,3,0.13,3,0.09,4,0.14,4,0.18,4,0.19,3,0.13,4,0.14,4,0.18,0.01
D,518,Tanganga,4.0,4.0,Spurs,5,0.16,5,0.15,4,0.15,7,0.27,8,0.34,7,0.19,9,0.28,8,0.34,9,0.36,9,0.32,9,0.30,9,0.32,0.01
D,519,Udogie,4.5,4.5,Spurs,55,2.16,52,1.89,48,2.16,46,2.14,45,2.64,43,1.14,43,1.47,43,2.27,44,2.26,43,1.87,43,1.79,43,1.97,0.01
G,520,Vicario,5.0,5.0,Spurs,94,3.48,92,3.35,91,3.60,91,3.67,92,4.13,91,3.02,91,3.21,91,3.92,91,3.68,91,3.49,90,3.39,91,3.62,0.01
G,521,Whiteman,4.0,4.0,Spurs,0,0.00,0,0.00,0,0.00,0,0.00,0,0.00,0,0.00,0,0.00,0,0.00,0,0.00,0,0.00,0,0.00,0,0.00,0.00
D,522,N.Aguerd,4.5,4.5,West Ham,88,2.92,84,2.46,79,1.91,76,3.18,77,1.46,73,1.23,74,3.45,74,2.08,74,1.88,74,3.11,73,2.08,73,3.14,0.01
F,523,Antonio,6.0,6.0,West Ham,54,2.74,52,2.30,50,2.31,49,2.68,50,2.10,50,2.04,48,2.86,48,2.31,46,2.10,49,2.72,47,2.26,46,2.72,0.02
G,524,Areola,4.0,4.0,West Ham,0,0.00,0,0.00,0,0.00,0,0.00,0,0.00,0,0.00,0,0.00,0,0.00,0,0.00,0,0.00,0,0.00,0,0.00,0.31
M,525,Benrahma,6.0,6.0,West Ham,53,2.67,53,2.36,52,2.36,51,2.80,49,2.07,50,2.04,51,3.04,49,2.33,49,2.19,49,2.76,47,2.26,49,2.86,0.01
M,526,Bowen,7.0,7.0,West Ham,87,3.99,85,3.40,83,3.40,80,4.08,79,2.91,80,2.85,80,4.50,78,3.36,79,3.17,77,3.99,78,3.31,77,4.24,0.05
M,527,Cornet,5.5,5.5,West Ham,20,1.10,21,1.04,22,1.07,27,1.48,25,1.14,25,1.09,27,1.59,27,1.31,27,1.25,28,1.56,26,1.28,28,1.62,0.00
D,528,Coufal,4.5,4.5,West Ham,70,2.44,67,2.06,64,1.66,64,2.76,61,1.27,60,1.13,60,2.89,59,1.75,60,1.63,59,2.53,57,1.72,58,2.58,0.00
M,529,Coventry,4.5,4.5,West Ham,0,0.00,0,0.00,1,0.04,2,0.08,2,0.06,2,0.06,2,0.07,2,0.09,3,0.11,3,0.10,3,0.10,3,0.12,0.00
D,530,Cresswell,4.5,4.5,West Ham,31,1.17,34,1.14,37,1.06,34,1.57,36,0.83,38,0.80,37,1.88,36,1.17,37,1.08,38,1.72,38,1.21,37,1.75,0.01
M,531,Downes,5.0,5.0,West Ham,21,0.75,17,0.57,14,0.50,16,0.58,15,0.52,16,0.52,15,0.60,17,0.60,18,0.61,17,0.64,17,0.58,17,0.64,0.00
D,532,Emerson,4.5,4.5,West Ham,62,2.32,58,1.96,56,1.60,57,2.64,57,1.33,55,1.16,54,2.73,54,1.75,53,1.59,53,2.43,53,1.73,53,2.51,0.00
G,533,Fabianski,4.5,4.5,West Ham,83,3.20,84,3.12,82,2.88,81,3.41,79,2.64,79,2.60,77,3.41,77,2.81,77,2.71,77,3.21,75,2.73,75,3.17,0.03
M,534,P.Fornals,5.0,5.0,West Ham,35,1.68,36,1.58,36,1.59,35,1.79,37,1.51,36,1.45,37,2.02,37,1.67,38,1.64,38,1.94,39,1.74,38,2.02,0.00
F,535,Ings,6.0,6.0,West Ham,50,2.49,50,2.18,51,2.33,50,2.66,48,1.99,48,1.96,50,2.94,49,2.30,51,2.23,48,2.64,51,2.36,51,2.93,0.02
D,536,Johnson,4.5,4.5,West Ham,3,0.10,5,0.17,7,0.20,9,0.36,9,0.23,8,0.20,9,0.43,12,0.39,11,0.35,11,0.47,12,0.41,13,0.56,0.00
D,537,Kehrer,4.5,4.5,West Ham,28,0.98,30,0.96,31,0.83,29,1.24,32,0.70,35,0.69,34,1.60,35,1.05,34,0.94,35,1.48,35,1.06,34,1.46,0.00
F,538,Mubama,4.5,4.5,West Ham,40,1.37,38,1.25,38,1.27,37,1.32,36,1.17,36,1.16,35,1.32,35,1.19,35,1.17,34,1.23,34,1.15,34,1.26,0.09
M,539,L.Paquetá,6.0,6.0,West Ham,81,3.37,78,2.92,77,2.91,74,3.40,73,2.52,71,2.42,70,3.60,69,2.75,69,2.60,70,3.30,71,2.80,71,3.52,0.01
M,540,Rice,5.5,5.5,Arsenal,66,2.53,66,2.23,63,2.38,62,2.03,57,1.93,57,1.92,58,2.01,59,1.73,57,1.74,57,2.24,57,1.73,59,2.21,0.06
F,541,Scamacca,6.0,6.0,West Ham,0,0.00,0,0.00,0,0.00,0,0.00,0,0.00,0,0.00,0,0.00,0,0.00,0,0.00,0,0.00,0,0.00,0,0.00,0.00
M,542,Souček,5.0,5.0,West Ham,78,2.59,74,2.29,73,2.25,70,2.52,66,1.93,65,1.86,67,2.61,65,2.10,65,2.02,65,2.39,66,2.09,62,2.37,0.01
M,543,Vlašić,4.5,4.5,West Ham,9,0.43,10,0.44,13,0.59,14,0.72,16,0.65,17,0.68,17,0.92,18,0.81,17,0.73,18,0.89,18,0.79,19,0.97,0.01
D,544,Zouma,4.5,4.5,West Ham,77,2.77,69,2.24,61,1.68,54,2.45,52,1.17,54,1.11,53,2.66,50,1.59,54,1.54,54,2.44,52,1.67,54,2.49,0.01
D,545,Aït-Nouri,4.5,4.5,Wolves,15,0.38,17,0.56,19,0.71,17,0.61,22,0.63,21,0.91,20,0.49,23,0.82,21,0.79,20,0.66,23,0.95,20,0.68,0.00
G,546,Bentley,4.0,4.0,Wolves,2,0.06,1,0.04,2,0.07,2,0.08,3,0.11,4,0.15,4,0.13,5,0.17,5,0.19,5,0.17,4,0.16,4,0.15,0.01
D,547,Bolla,4.0,4.0,Wolves,0,0.00,0,0.00,0,0.00,0,0.00,0,0.00,0,0.00,0,0.00,0,0.00,0,0.00,0,0.00,0,0.00,0,0.00,0.01
D,548,Bueno,4.5,4.5,Wolves,63,1.52,58,1.97,58,2.32,58,2.19,52,1.55,53,2.52,50,1.26,51,1.96,51,2.02,51,1.75,51,2.33,50,1.76,0.00
M,549,Chiquinho,4.5,4.5,Wolves,0,0.00,0,0.00,0,0.00,0,0.00,0,0.00,0,0.00,0,0.00,0,0.00,0,0.00,0,0.00,0,0.00,0,0.00,0.00
M,550,Cundle,4.5,4.5,Wolves,0,0.00,0,0.00,0,0.00,0,0.00,0,0.00,0,0.00,0,0.00,0,0.00,0,0.00,0,0.00,0,0.00,0,0.00,0.00
D,551,Dawson,4.5,4.5,Wolves,91,1.57,89,2.30,88,2.81,87,2.60,87,1.86,86,3.39,84,1.46,85,2.54,83,2.58,85,2.20,84,3.12,84,2.26,0.00
F,552,Fábio Silva,5.5,5.5,Wolves,9,0.42,11,0.55,13,0.64,14,0.71,14,0.64,15,0.80,16,0.69,18,0.86,18,0.89,17,0.79,16,0.81,15,0.73,0.00
D,553,Giles,4.5,4.5,Luton,64,1.43,0,0.00,59,1.26,57,1.98,55,2.09,56,2.29,57,2.78,56,1.54,55,1.88,56,1.31,54,1.18,56,0.96,0.00
M,554,Guedes,5.5,5.5,Wolves,34,1.52,33,1.70,34,1.74,36,1.81,36,1.67,37,2.07,36,1.53,38,1.91,35,1.79,38,1.80,37,1.98,36,1.80,0.00
M,555,Hodge,4.5,4.5,Wolves,8,0.29,10,0.36,13,0.46,14,0.50,14,0.47,15,0.57,16,0.53,16,0.56,15,0.54,17,0.58,17,0.61,17,0.58,0.00
D,556,Hoever,4.0,4.0,Wolves,0,0.00,0,0.00,0,0.00,0,0.00,0,0.00,0,0.00,0,0.00,0,0.00,0,0.00,0,0.00,0,0.00,0,0.00,0.00
M,557,Hee Chan,5.5,5.5,Wolves,35,1.57,36,1.84,37,1.82,38,1.89,38,1.73,40,2.20,38,1.64,39,1.99,41,2.04,40,1.88,40,2.13,41,1.99,0.00
F,558,Raúl,5.5,5.5,Fulham,43,2.02,35,1.84,30,1.25,26,1.05,26,1.68,29,1.48,28,1.42,30,1.83,30,1.34,28,1.35,28,1.36,31,1.41,0.01
M,559,João Gomes,5.0,5.0,Wolves,65,1.72,63,1.79,63,1.84,61,1.76,63,1.70,61,1.89,61,1.59,61,1.76,59,1.73,62,1.71,60,1.81,58,1.65,0.00
D,560,J.Otto,4.5,4.5,Wolves,7,0.17,9,0.28,10,0.36,11,0.37,12,0.34,13,0.55,14,0.36,14,0.48,15,0.54,16,0.52,14,0.58,15,0.49,0.00
M,561,Jordão,4.5,4.5,Wolves,1,0.05,2,0.08,3,0.12,3,0.13,3,0.14,5,0.22,4,0.17,4,0.17,5,0.23,4,0.18,4,0.20,5,0.20,0.00
F,562,Kalajdžić,5.0,5.0,Wolves,31,1.38,30,1.56,32,1.59,33,1.65,32,1.51,31,1.70,31,1.34,32,1.65,34,1.70,32,1.52,33,1.73,34,1.66,0.00
D,563,Kilman,4.5,4.5,Wolves,91,1.58,86,2.23,84,2.70,84,2.51,83,1.80,83,3.29,82,1.44,81,2.46,80,2.51,80,2.10,80,2.97,79,2.14,0.01
G,564,King,4.0,4.0,Wolves,0,0.00,0,0.00,0,0.00,0,0.00,0,0.00,0,0.00,0,0.00,0,0.00,0,0.00,0,0.00,0,0.00,0,0.00,0.01
M,565,Lemina,5.0,5.0,Wolves,74,1.95,74,2.09,72,2.10,70,2.04,69,1.90,67,2.13,67,1.78,67,1.97,67,1.98,67,1.90,68,2.08,67,1.91,0.00
M,566,Matheus N.,5.0,5.0,Wolves,82,2.30,80,2.48,78,2.48,77,2.44,74,2.22,74,2.55,74,2.07,74,2.38,74,2.37,72,2.21,73,2.45,73,2.29,0.00
M,567,Neto,5.5,5.5,Wolves,60,2.25,58,2.46,55,2.36,53,2.29,56,2.22,53,2.55,52,1.95,52,2.30,52,2.28,52,2.17,51,2.37,52,2.24,0.00
M,568,Podence,5.5,5.5,Wolves,29,1.26,31,1.48,31,1.46,32,1.49,32,1.40,32,1.63,34,1.39,31,1.48,31,1.50,35,1.56,34,1.65,34,1.59,0.00
G,569,José Sá,5.0,5.0,Wolves,93,3.09,94,3.35,93,3.56,93,3.44,92,3.12,91,3.82,91,3.01,90,3.37,90,3.42,90,3.18,91,3.76,91,3.25,0.01
M,570,Sarabia,5.0,5.0,Wolves,51,2.08,51,2.38,50,2.35,50,2.33,49,2.13,48,2.50,50,1.97,50,2.38,50,2.39,47,2.13,48,2.45,50,2.34,0.00
G,571,Šarkić,4.0,4.0,Wolves,0,0.00,0,0.00,0,0.00,0,0.00,0,0.00,0,0.00,0,0.00,0,0.00,0,0.00,0,0.00,0,0.00,0,0.00,0.01
D,572,N.Semedo,4.5,4.5,Wolves,86,1.55,84,2.25,80,2.67,81,2.52,79,1.80,77,3.18,78,1.44,76,2.41,75,2.47,77,2.09,76,2.93,75,2.14,0.00
D,573,Toti,4.5,4.5,Wolves,14,0.28,19,0.53,21,0.70,22,0.72,25,0.63,24,0.97,27,0.58,27,0.91,30,1.04,28,0.83,28,1.12,29,0.89,0.00
M,574,Boubacar Traore,4.5,4.5,Wolves,16,0.52,20,0.67,19,0.65,22,0.73,22,0.71,25,0.85,25,0.75,24,0.79,25,0.81,23,0.73,26,0.87,26,0.82,0.01
D,575,Lockyer,4.5,4.5,Luton,88,1.54,0,0.00,78,1.33,76,2.18,76,2.38,74,2.60,74,3.07,73,1.65,73,2.10,74,1.41,75,1.29,73,0.98,0.00
D,576,Robinson,4.5,4.5,Sheffield Utd,61,2.13,63,2.12,60,0.94,61,2.26,61,1.12,59,1.41,60,1.46,58,1.55,59,1.28,60,0.80,58,2.15,59,1.20,0.00
D,577,Ogbonna,4.5,4.5,West Ham,3,0.13,4,0.15,5,0.15,5,0.22,6,0.15,7,0.17,7,0.30,7,0.23,6,0.19,7,0.30,8,0.24,9,0.37,0.00
M,578,Nelson,5.0,5.0,Arsenal,5,0.41,8,0.53,10,0.80,8,0.56,7,0.49,7,0.47,7,0.49,8,0.46,8,0.47,10,0.72,8,0.46,8,0.56,0.00
G,579,Lonergan,4.0,4.0,Everton,0,0.00,0,0.00,0,0.00,0,0.00,0,0.00,0,0.00,0,0.00,0,0.00,0,0.00,0,0.00,0,0.00,0,0.00,0.00
G,580,Karius,4.0,4.0,Newcastle,0,0.00,0,0.00,0,0.00,0,0.00,0,0.00,0,0.00,0,0.00,0,0.00,0,0.00,0,0.00,0,0.00,0,0.00,0.00
D,581,Dummett,4.0,4.0,Newcastle,3,0.11,2,0.06,2,0.07,3,0.09,4,0.15,4,0.18,5,0.19,5,0.16,5,0.20,5,0.21,5,0.15,4,0.17,0.00
M,582,Mpanzu,5.0,5.0,Luton,71,1.90,0,0.00,67,1.76,65,1.93,65,2.26,65,1.98,63,2.57,63,1.76,62,1.80,62,1.66,64,1.69,64,1.65,0.00
M,583,Solomon,5.5,5.5,Spurs,11,0.69,15,0.86,17,1.09,18,1.14,22,1.58,22,1.13,23,1.31,22,1.47,24,1.72,23,1.43,22,1.37,20,1.25,0.00
D,584,Pau,4.5,4.5,Aston Villa,75,1.81,73,3.11,71,2.70,70,1.38,68,2.89,67,1.74,67,2.31,66,2.48,65,2.52,65,3.31,64,2.47,64,2.64,0.03
D,585,J.Timber,5.0,5.0,Arsenal,73,3.86,68,3.10,60,2.98,53,1.97,49,2.21,46,1.87,47,2.12,45,1.38,48,1.64,51,2.83,51,1.63,48,2.51,0.05
M,586,Chong,5.0,5.0,Luton,53,2.00,0,0.00,50,1.80,48,2.07,49,2.45,48,2.13,47,2.72,46,1.86,45,1.89,45,1.70,47,1.75,46,1.65,0.00
M,587,Slimane,5.0,5.0,Sheffield Utd,84,2.61,79,2.45,75,1.95,74,2.35,74,1.98,73,2.06,76,2.12,72,2.11,72,2.01,71,1.84,71,2.26,73,1.99,0.00
D,588,Young,4.5,4.5,Everton,63,2.65,63,1.84,59,2.73,59,2.53,59,1.54,57,1.79,58,3.06,58,2.59,57,1.12,59,1.83,57,1.95,59,2.07,0.01
M,589,Ângelo,5.0,5.0,Chelsea,0,0.00,0,0.00,0,0.00,0,0.00,0,0.00,0,0.00,0,0.00,0,0.00,0,0.00,0,0.00,0,0.00,0,0.00,0.00
F,590,Cunha,5.5,5.5,Wolves,73,2.65,70,2.94,68,2.79,67,2.82,67,2.58,66,3.02,65,2.31,64,2.73,63,2.72,63,2.54,62,2.77,65,2.69,0.00
M,591,Willian,5.5,5.5,Fulham,81,3.52,79,3.73,78,2.73,75,2.47,72,4.11,72,3.22,73,3.16,72,3.96,71,2.76,72,2.91,72,3.01,71,2.80,0.01
D,592,Larouci,4.5,4.5,Sheffield Utd,14,0.56,7,0.30,7,0.21,7,0.30,8,0.25,8,0.28,8,0.29,9,0.35,9,0.31,9,0.25,10,0.41,10,0.32,0.00
F,593,T.Bénie,5.5,5.5,Sheffield Utd,69,3.08,63,2.76,60,2.11,57,2.53,56,2.08,53,2.10,53,2.10,52,2.19,51,2.04,49,1.75,49,2.23,49,1.92,0.00
F,594,Amdouni,5.5,5.5,Burnley,47,1.85,0,0.00,46,2.14,45,2.06,44,2.51,46,2.01,45,2.66,45,1.99,46,1.95,46,2.10,46,2.33,46,1.75,0.00
D,595,Kerkez,4.5,4.5,Bournemouth,73,2.68,48,0.89,32,1.04,33,1.08,34,1.15,35,0.99,35,0.95,36,1.34,36,1.61,36,1.63,38,0.63,38,1.19,0.00
G,596,Trafford,4.5,4.5,Burnley,81,2.62,0,0.00,80,2.98,78,2.79,75,3.53,76,2.63,75,3.68,71,2.54,74,2.56,73,2.77,73,2.94,71,2.28,0.01
G,597,Onana,5.0,5.0,Man Utd,93,4.21,92,3.47,92,4.14,91,3.13,90,3.60,90,3.78,90,3.94,90,3.77,91,4.00,91,3.21,91,3.61,90,4.32,0.26
D,598,Doherty,4.5,4.5,Wolves,14,0.42,18,0.67,20,0.83,20,0.81,21,0.68,24,1.16,24,0.68,24,0.96,23,0.95,23,0.83,25,1.17,27,1.00,0.00
M,599,Diaby,6.5,6.5,Aston Villa,76,3.17,73,4.10,70,3.67,70,2.80,70,4.11,68,2.92,68,3.63,68,3.40,68,3.80,69,4.44,67,3.56,66,4.02,0.07
M,600,Redmond,5.0,5.0,Burnley,21,0.93,0,0.00,23,1.15,24,1.19,24,1.48,26,1.23,24,1.57,25,1.22,27,1.24,26,1.27,25,1.34,24,1.04,0.00
M,601,Danjuma,5.5,5.5,Everton,38,2.52,63,3.08,64,3.87,60,3.39,60,2.78,57,2.81,59,3.88,58,3.54,56,2.35,60,2.92,60,3.27,57,2.93,0.00
D,602,Kaboré,4.0,4.0,Luton,82,1.55,0,0.00,79,1.42,76,2.29,76,2.49,73,2.68,73,3.19,72,1.73,73,2.19,72,1.47,75,1.35,74,1.04,0.06
M,603,Barnes,6.5,6.5,Newcastle,25,1.63,30,1.39,34,1.94,39,2.20,43,2.79,43,2.72,45,3.06,45,2.59,44,2.97,47,2.72,45,2.42,44,2.64,0.03
D,604,Aina,4.5,4.5,Nott'm Forest,69,1.13,69,2.98,67,1.24,66,1.50,62,2.63,61,0.77,61,2.17,59,1.89,60,2.93,59,1.00,61,1.96,57,1.60,0.00
M,605,Koleosho,5.0,5.0,Burnley,14,0.58,0,0.00,16,0.74,17,0.78,17,0.92,19,0.83,20,1.18,20,0.86,21,0.89,21,0.92,20,0.95,19,0.75,0.00
D,606,Igor,4.5,4.5,Brighton,18,0.77,19,0.70,22,0.77,22,0.67,25,0.56,24,0.96,25,0.71,26,0.68,25,0.43,25,0.97,27,0.96,29,1.32,0.00
G,607,Radu,4.5,4.5,Bournemouth,0,0.00,0,0.00,2,0.06,2,0.06,2,0.09,2,0.07,3,0.12,2,0.08,2,0.10,2,0.07,3,0.09,2,0.09,0.00
M,608,Bruun Larsen,5.0,5.0,Burnley,9,0.47,0,0.00,11,0.59,13,0.67,12,0.79,13,0.64,14,1.01,14,0.72,14,0.69,13,0.70,15,0.85,14,0.66,0.00
M,609,Maatsen,5.5,5.5,Chelsea,14,0.48,11,0.37,10,0.38,8,0.29,9,0.32,9,0.32,10,0.37,11,0.39,12,0.38,11,0.41,10,0.33,11,0.36,0.00
D,610,Bassey,4.5,4.5,Fulham,66,2.10,63,2.19,64,0.96,62,0.70,62,2.81,59,1.74,60,1.64,61,2.62,60,1.20,56,1.25,59,1.38,58,1.35,0.00
D,611,Disasi,5.0,5.0,Chelsea,36,1.08,38,1.54,33,1.77,30,1.47,32,1.29,32,1.25,30,1.13,31,1.28,32,0.96,33,1.40,31,0.89,29,0.76,0.00
M,613,Ugochukwu,4.5,4.5,Chelsea,17,0.66,14,0.56,13,0.60,12,0.53,7,0.33,8,0.35,10,0.41,10,0.43,9,0.36,9,0.41,10,0.41,10,0.39,0.00
G,614,Kaminski,4.5,4.5,Luton,90,2.95,0,0.00,86,2.80,87,3.15,86,3.59,85,3.27,85,4.31,83,2.77,82,2.94,85,2.79,84,2.73,83,2.70,0.00
M,615,Matheus França,5.0,5.0,Crystal Palace,0,0.00,0,0.00,0,0.00,0,0.00,0,0.00,0,0.00,0,0.00,0,0.00,0,0.00,0,0.00,0,0.00,0,0.00,0.00
D,616,Gvardiol,5.0,5.0,Man City,43,2.25,42,2.02,45,2.51,51,2.81,54,2.46,58,3.38,59,3.04,56,1.83,58,2.79,56,2.01,57,3.19,57,2.27,0.02
F,617,Højlund,7.0,7.0,Man Utd,0,0.00,8,0.53,27,2.06,43,2.13,47,3.00,50,2.91,49,3.30,49,3.12,48,2.97,49,2.43,48,2.97,46,3.37,0.01
D,10010,Taylor Harwood-Bellis,99.9,99.9,Man City,0,0.00,0,0.00,1,0.06,2,0.10,2,0.10,2,0.12,3,0.14,3,0.12,3,0.13,3,0.11,3,0.14,2,0.10,0.00
F,10011,Mason Greenwood,99.9,99.9,Man Utd,0,0.00,0,0.00,0,0.00,0,0.00,0,0.00,0,0.00,0,0.00,0,0.00,0,0.00,0,0.00,0,0.00,0,0.00,0.00
M,10015,Andy Moran,99.9,99.9,Brighton,0,0.00,0,0.00,0,0.00,0,0.00,0,0.00,0,0.00,0,0.00,0,0.00,0,0.00,0,0.00,0,0.00,0,0.00,0.00
D,10019,Nathan Ferguson,99.9,99.9,Crystal Palace,17,0.60,9,0.24,6,0.17,8,0.28,7,0.19,9,0.31,8,0.16,9,0.34,9,0.19,9,0.25,9,0.30,9,0.31,0.00
M,10030,James Ward-Prowse,99.9,99.9,West Ham,72,3.13,76,2.90,75,2.91,76,3.64,76,2.61,76,2.55,77,4.03,76,3.03,75,2.82,75,3.64,75,2.96,78,4.01,0.00
M,10031,Roméo Lavia,99.9,99.9,Liverpool,0,0.00,3,0.14,7,0.25,11,0.37,13,0.47,13,0.46,13,0.43,12,0.41,14,0.51,11,0.43,13,0.48,12,0.44,0.00
D,10038,Jonny Evans,99.9,99.9,Man Utd,3,0.11,5,0.14,6,0.22,8,0.19,9,0.30,9,0.30,10,0.40,10,0.37,9,0.36,10,0.26,11,0.39,11,0.48,0.00
F,10040,Thomas Cannon,99.9,99.9,Everton,3,0.15,2,0.11,3,0.18,4,0.23,5,0.23,5,0.24,5,0.29,5,0.27,6,0.25,6,0.29,5,0.28,6,0.30,0.00
G,10041,Joseph Anang,99.9,99.9,West Ham,0,0.00,0,0.00,0,0.00,0,0.00,0,0.00,0,0.00,0,0.00,0,0.00,0,0.00,0,0.00,0,0.00,0,0.00,0.00
G,10045,Matej Kovar,99.9,99.9,Man Utd,0,0.00,0,0.00,0,0.00,0,0.00,0,0.00,0,0.00,0,0.00,0,0.00,0,0.00,0,0.00,0,0.00,0,0.00,0.00
M,10054,Jensen Weir,99.9,99.9,Brighton,0,0.00,0,0.00,0,0.00,0,0.00,0,0.00,0,0.00,0,0.00,0,0.00,0,0.00,0,0.00,0,0.00,0,0.00,0.00
F,10061,Dusan Vlahovic,99.9,99.9,Chelsea,0,0.00,6,0.36,10,0.79,15,1.10,21,1.33,24,1.47,20,1.28,21,1.28,21,1.19,19,1.29,22,1.16,20,1.01,0.00
D,10065,Ashley Phillips,99.9,99.9,Spurs,0,0.00,0,0.00,0,0.00,0,0.00,0,0.00,0,0.00,0,0.00,0,0.00,0,0.00,0,0.00,0,0.00,0,0.00,0.00
F,10066,Jesurun Rak-Sakyi,99.9,99.9,Crystal Palace,19,0.78,16,0.63,14,0.57,14,0.60,15,0.60,16,0.70,16,0.65,18,0.75,17,0.65,17,0.70,17,0.68,17,0.69,0.00
G,10067,Arthur Okonkwo,99.9,99.9,Arsenal,0,0.00,0,0.00,0,0.00,0,0.00,0,0.00,0,0.00,0,0.00,0,0.00,0,0.00,0,0.00,0,0.00,0,0.00,0.00
G,10068,Karl Hein,99.9,99.9,Arsenal,0,0.00,0,0.00,0,0.00,0,0.00,0,0.00,0,0.00,0,0.00,0,0.00,0,0.00,0,0.00,0,0.00,0,0.00,0.00
M,10069,Mohammed Kudus,99.9,99.9,Brighton,14,0.87,20,1.04,26,1.40,31,1.42,32,1.31,35,1.97,34,1.47,33,1.44,35,1.24,33,1.87,33,1.58,33,1.93,0.00
M,10070,Tyler Adams,99.9,99.9,Chelsea,0,0.00,10,0.29,19,0.64,25,0.81,31,0.89,29,0.85,30,0.88,32,0.93,29,0.79,31,0.93,32,0.85,30,0.78,0.00
D,10071,Micky van de Ven,99.9,99.9,Spurs,0,0.00,0,0.00,0,0.00,0,0.00,0,0.00,0,0.00,0,0.00,0,0.00,0,0.00,0,0.00,0,0.00,0,0.00,0.00
F,10072,Alejo Véliz,99.9,99.9,Spurs,0,0.00,0,0.00,0,0.00,1,0.10,1,0.10,1,0.09,2,0.13,2,0.14,2,0.15,2,0.14,2,0.11,1,0.10,0.00
D,10073,Tino Livramento,99.9,99.9,Newcastle,4,0.17,5,0.14,6,0.23,7,0.26,7,0.34,8,0.39,8,0.39,7,0.29,7,0.34,9,0.40,8,0.28,8,0.34,0.00
F,10074,Jay Stansfield,99.9,99.9,Fulham,0,0.00,0,0.00,0,0.00,0,0.00,0,0.00,0,0.00,0,0.00,0,0.00,0,0.00,0,0.00,0,0.00,0,0.00,0.00
M,10075,Luke Harris,99.9,99.9,Fulham,1,0.07,0,0.00,0,0.00,0,0.00,0,0.00,0,0.00,0,0.00,0,0.00,0,0.00,0,0.00,0,0.00,0,0.00,0.00