,sky_id,fbref_player,short_team,sky_pos,sky_value,MD_1_Pts,MD_2_Pts,MD_3_Pts,MD_4_Pts,MD_5_Pts,MD_6_Pts,MD_7_Pts,MD_8_Pts,MD_9_Pts,MD_10_Pts,MD_11_Pts,MD_12_Pts,MD_13_Pts,MD_14_Pts,MD_15_Pts,MD_16_Pts,MD_17_Pts,MD_18_Pts,MD_19_Pts,MD_20_Pts,MD_21_Pts,MD_22_Pts,MD_23_Pts,Total_Pts
0,1280,Erling Haaland,MCI,FOR,12.0,7.21,0.0,0.0,0.0,0.0,6.26,0.0,0.0,0.0,0.0,7.6,0.0,8.24,0.0,7.19,0.0,0.0,8.97,0.0,7.5,0.0,0.0,5.93,58.9
1,21,Bukayo Saka,ARS,MID,10.4,0.0,6.2,0.0,0.0,0.0,0.0,0.0,4.78,0.0,6.02,0.0,0.0,0.0,5.5,5.2,0.0,0.0,0.0,5.86,5.66,0.0,0.0,4.08,43.3
2,351,Mohamed Salah,LIV,MID,11.5,0.0,0.0,6.02,0.0,0.0,9.3,0.0,0.0,0.0,0.0,5.29,0.0,0.0,6.81,7.04,0.0,0.0,0.0,8.51,6.55,0.0,0.0,5.9,55.419999999999995
3,337,Trent Alexander-Arnold,LIV,DEF,10.0,0.0,0.0,4.88,0.0,0.0,7.87,0.0,0.0,0.0,0.0,4.02,0.0,0.0,6.32,6.1,0.0,0.0,0.0,7.48,5.25,0.0,0.0,3.95,45.870000000000005
4,1175,Kieran Trippier,NEW,DEF,9.1,0.0,5.3,0.0,0.0,0.0,2.43,0.0,0.0,0.0,0.0,4.14,0.0,3.11,0.0,0.0,5.51,0.0,0.0,4.59,5.36,0.0,0.0,4.6,35.04
5,417,Marcus Rashford,MUN,MID,10.9,0.0,0.0,0.0,7.53,0.0,5.52,0.0,0.0,0.0,7.69,0.0,0.0,0.0,4.82,6.19,0.0,0.0,5.56,0.0,6.33,0.0,0.0,6.69,50.33
6,548,Harry Kane,TOT,FOR,11.7,0.0,0.0,5.03,0.0,0.0,5.63,0.0,0.0,0.0,5.98,0.0,0.0,5.29,0.0,6.64,0.0,0.0,0.0,4.58,5.54,0.0,0.0,5.39,44.08
7,483,Aaron Ramsdale,ARS,GK,7.5,0.0,5.67,0.0,0.0,0.0,0.0,0.0,5.23,0.0,5.21,0.0,0.0,0.0,5.27,5.5,0.0,0.0,0.0,4.99,5.36,0.0,0.0,4.28,41.51
8,100,Lewis Dunk,BHA,DEF,8.3,0.0,6.65,0.0,0.0,0.0,5.69,0.0,0.0,0.0,6.36,0.0,0.0,4.71,0.0,4.31,0.0,0.0,0.0,6.63,4.74,0.0,0.0,4.49,43.580000000000005
9,121,Nick Pope,NEW,GK,7.6,0.0,5.4,0.0,0.0,0.0,3.97,0.0,0.0,0.0,0.0,4.57,0.0,4.99,0.0,0.0,5.28,0.0,0.0,5.15,5.68,0.0,0.0,4.98,40.019999999999996
10,396,Gabriel Jesus,ARS,FOR,10.0,0.0,4.23,0.0,0.0,0.0,0.0,0.0,3.03,0.0,3.99,0.0,0.0,0.0,3.55,3.51,0.0,0.0,0.0,3.87,3.67,0.0,0.0,2.74,28.590000000000003
11,88,Alexis Mac Allister,LIV,MID,8.9,0.0,0.0,0.72,0.0,0.0,1.01,0.0,0.0,0.0,0.0,0.64,0.0,0.0,0.79,0.82,0.0,0.0,0.0,0.91,0.77,0.0,0.0,0.71,6.37
12,1406,Pervis Estupiñán,BHA,DEF,8.1,0.0,5.33,0.0,0.0,0.0,4.48,0.0,0.0,0.0,5.35,0.0,0.0,3.62,0.0,3.34,0.0,0.0,0.0,5.54,3.78,0.0,0.0,3.49,34.93
13,13,William Saliba,ARS,DEF,9.0,0.0,5.67,0.0,0.0,0.0,0.0,0.0,3.86,0.0,4.63,0.0,0.0,0.0,4.05,3.9,0.0,0.0,0.0,4.49,4.23,0.0,0.0,3.04,33.870000000000005
14,598,Declan Rice,ARS,MID,8.1,0.0,0.44,0.0,0.0,0.0,0.0,0.0,0.4,0.0,0.43,0.0,0.0,0.0,0.42,0.42,0.0,0.0,0.0,0.43,0.42,0.0,0.0,0.39,3.35
15,376,John Stones,MCI,DEF,9.2,3.82,0.0,0.0,0.0,0.0,3.45,0.0,0.0,0.0,0.0,3.92,0.0,4.0,0.0,3.98,0.0,0.0,4.67,0.0,3.96,0.0,0.0,3.12,30.919999999999998
16,810,Martin Ødegaard,ARS,MID,10.3,0.0,5.49,0.0,0.0,0.0,0.0,0.0,3.7,0.0,4.87,0.0,0.0,0.0,4.35,4.25,0.0,0.0,0.0,4.83,4.47,0.0,0.0,3.34,35.3
17,645,Ollie Watkins,AVL,FOR,9.3,0.0,3.91,0.0,0.0,0.0,0.0,6.58,0.0,0.0,0.0,4.81,0.0,0.0,4.27,5.5,0.0,0.0,4.4,0.0,5.36,0.0,0.0,5.08,39.91
18,662,Callum Wilson,NEW,FOR,9.1,0.0,4.7,0.0,0.0,0.0,2.91,0.0,0.0,0.0,0.0,4.69,0.0,3.75,0.0,0.0,5.1,0.0,0.0,4.47,5.51,0.0,0.0,4.27,35.39999999999999
19,152,Mason Mount,MUN,MID,8.7,0.0,0.0,0.0,0.82,0.0,0.64,0.0,0.0,0.0,0.84,0.0,0.0,0.0,0.58,0.7,0.0,0.0,0.67,0.0,0.71,0.0,0.0,0.73,5.6899999999999995
20,1435,Alexander Isak,NEW,FOR,9.0,0.0,1.9,0.0,0.0,0.0,1.24,0.0,0.0,0.0,0.0,1.92,0.0,1.54,0.0,0.0,2.08,0.0,0.0,1.8,2.18,0.0,0.0,1.75,14.41
21,1260,Kaoru Mitoma,BHA,MID,8.0,0.0,4.37,0.0,0.0,0.0,3.85,0.0,0.0,0.0,4.19,0.0,0.0,3.45,0.0,3.45,0.0,0.0,0.0,4.6,3.37,0.0,0.0,3.69,30.97
22,398,Rodri,MCI,MID,9.4,3.65,0.0,0.0,0.0,0.0,4.27,0.0,0.0,0.0,0.0,4.7,0.0,5.28,0.0,5.36,0.0,0.0,5.91,0.0,4.5,0.0,0.0,3.38,37.050000000000004
23,425,Luke Shaw,MUN,DEF,8.8,0.0,0.0,0.0,4.61,0.0,2.73,0.0,0.0,0.0,5.11,0.0,0.0,0.0,2.3,3.15,0.0,0.0,3.37,0.0,4.63,0.0,0.0,4.08,29.979999999999997
24,373,Ederson,MCI,GK,7.8,5.64,0.0,0.0,0.0,0.0,5.02,0.0,0.0,0.0,0.0,5.74,0.0,5.63,0.0,5.43,0.0,0.0,6.19,0.0,6.01,0.0,0.0,4.51,44.169999999999995
25,1097,Evan Ferguson,BHA,FOR,7.8,0.0,1.64,0.0,0.0,0.0,1.45,0.0,0.0,0.0,1.62,0.0,0.0,1.22,0.0,1.22,0.0,0.0,0.0,1.83,1.18,0.0,0.0,1.36,11.52
26,1275,Darwin Núñez,LIV,FOR,9.4,0.0,0.0,2.34,0.0,0.0,3.42,0.0,0.0,0.0,0.0,2.08,0.0,0.0,2.59,2.71,0.0,0.0,0.0,3.05,2.53,0.0,0.0,2.29,21.01
27,347,Alisson,LIV,GK,8.0,0.0,0.0,5.44,0.0,0.0,5.83,0.0,0.0,0.0,0.0,4.83,0.0,0.0,5.4,5.77,0.0,0.0,0.0,5.57,4.92,0.0,0.0,5.29,43.050000000000004
28,182,Eberechi Eze,CRY,MID,8.2,0.0,4.1,0.0,0.0,0.0,0.0,0.0,3.76,0.0,3.74,0.0,0.0,0.0,4.46,3.56,0.0,0.0,4.32,0.0,3.63,0.0,0.0,4.55,32.12
29,1364,Lisandro Martínez,MUN,DEF,8.5,0.0,0.0,0.0,4.39,0.0,2.76,0.0,0.0,0.0,4.93,0.0,0.0,0.0,2.37,3.14,0.0,0.0,3.35,0.0,4.4,0.0,0.0,3.98,29.320000000000004
30,327,James Maddison,TOT,MID,9.3,0.0,0.0,0.8,0.0,0.0,0.92,0.0,0.0,0.0,0.96,0.0,0.0,0.89,0.0,1.11,0.0,0.0,0.0,0.73,0.87,0.0,0.0,0.93,7.21
31,369,Virgil van Dijk,LIV,DEF,9.9,0.0,0.0,3.76,0.0,0.0,6.4,0.0,0.0,0.0,0.0,3.07,0.0,0.0,4.94,4.82,0.0,0.0,0.0,6.22,3.94,0.0,0.0,3.07,36.22
32,262,Aleksandar Mitrović,FUL,FOR,8.3,0.0,2.9,0.0,0.0,0.0,2.82,0.0,0.0,0.0,2.46,0.0,0.0,2.12,0.0,3.03,0.0,0.0,2.55,0.0,0.0,0.0,2.73,3.08,21.689999999999998
33,895,Bryan Mbeumo,BRE,MID,8.3,0.0,0.0,5.06,0.0,0.0,4.47,0.0,0.0,0.0,4.68,0.0,0.0,5.82,0.0,0.0,3.65,0.0,5.52,0.0,0.0,4.73,0.0,4.03,37.96
34,20,Gabriel Dos Santos,ARS,DEF,9.3,0.0,6.62,0.0,0.0,0.0,0.0,0.0,4.3,0.0,5.38,0.0,0.0,0.0,4.54,4.4,0.0,0.0,0.0,5.07,4.83,0.0,0.0,3.14,38.28
35,8,Emiliano Martínez,AVL,GK,7.1,0.0,4.0,0.0,0.0,0.0,0.0,5.48,0.0,0.0,0.0,4.56,0.0,0.0,3.7,5.32,0.0,0.0,4.61,0.0,4.73,0.0,0.0,5.04,37.44
36,710,Rúben Dias,MCI,DEF,9.7,3.92,0.0,0.0,0.0,0.0,3.86,0.0,0.0,0.0,0.0,4.43,0.0,4.8,0.0,4.96,0.0,0.0,5.73,0.0,4.4,0.0,0.0,3.17,35.27
37,42,Jack Grealish,MCI,MID,9.2,3.09,0.0,0.0,0.0,0.0,2.81,0.0,0.0,0.0,0.0,3.21,0.0,3.39,0.0,3.09,0.0,0.0,3.62,0.0,3.18,0.0,0.0,2.71,25.1
38,1283,Sven Botman,NEW,DEF,8.6,0.0,4.62,0.0,0.0,0.0,2.41,0.0,0.0,0.0,0.0,3.74,0.0,3.02,0.0,0.0,4.64,0.0,0.0,4.35,5.11,0.0,0.0,3.93,31.82
39,412,Bruno Fernandes,MUN,MID,10.7,0.0,0.0,0.0,6.08,0.0,4.58,0.0,0.0,0.0,6.64,0.0,0.0,0.0,4.09,5.07,0.0,0.0,4.6,0.0,5.55,0.0,0.0,5.61,42.22
40,72,Pascal Groß,BHA,MID,8.2,0.0,5.62,0.0,0.0,0.0,4.35,0.0,0.0,0.0,6.15,0.0,0.0,4.12,0.0,4.0,0.0,0.0,0.0,6.38,3.84,0.0,0.0,4.29,38.74999999999999
41,111,Ben Mee,BRE,DEF,8.0,0.0,0.0,4.2,0.0,0.0,3.72,0.0,0.0,0.0,4.97,0.0,0.0,5.6,0.0,0.0,2.83,0.0,5.11,0.0,0.0,4.4,0.0,3.05,33.879999999999995
42,1198,Bruno Guimarães,NEW,MID,8.4,0.0,3.05,0.0,0.0,0.0,2.26,0.0,0.0,0.0,0.0,3.0,0.0,2.67,0.0,0.0,3.11,0.0,0.0,2.93,3.16,0.0,0.0,2.92,23.1
43,525,Son Heung-min,TOT,MID,9.7,0.0,0.0,4.02,0.0,0.0,4.48,0.0,0.0,0.0,4.72,0.0,0.0,4.26,0.0,5.22,0.0,0.0,0.0,3.71,4.38,0.0,0.0,4.38,35.169999999999995
44,36,Tyrone Mings,AVL,DEF,8.0,0.0,2.36,0.0,0.0,0.0,0.0,5.61,0.0,0.0,0.0,3.57,0.0,0.0,2.19,5.37,0.0,0.0,3.02,0.0,3.49,0.0,0.0,3.99,29.6
45,383,Phil Foden,MCI,MID,9.5,2.84,0.0,0.0,0.0,0.0,2.6,0.0,0.0,0.0,0.0,2.95,0.0,3.12,0.0,2.85,0.0,0.0,3.31,0.0,2.93,0.0,0.0,2.52,23.12
46,1900,Cody Gakpo,LIV,FOR,9.6,0.0,0.0,1.62,0.0,0.0,2.24,0.0,0.0,0.0,0.0,1.45,0.0,0.0,1.77,1.83,0.0,0.0,0.0,2.02,1.72,0.0,0.0,1.59,14.24
47,377,Oleksandr Zinchenko,ARS,DEF,8.8,0.0,5.94,0.0,0.0,0.0,0.0,0.0,4.05,0.0,4.94,0.0,0.0,0.0,4.39,4.18,0.0,0.0,0.0,4.87,4.54,0.0,0.0,3.27,36.18000000000001
48,469,Fabian Schär,NEW,DEF,8.7,0.0,5.4,0.0,0.0,0.0,2.65,0.0,0.0,0.0,0.0,4.48,0.0,3.51,0.0,0.0,5.45,0.0,0.0,5.08,6.11,0.0,0.0,4.57,37.25
49,1689,Christopher Nkunku,CHE,FOR,9.4,0.0,0.0,1.1,0.0,0.0,0.0,1.12,0.0,1.39,0.0,0.0,0.0,1.44,0.0,0.0,1.25,0.0,1.12,0.0,0.0,0.0,1.12,1.14,9.680000000000001
50,610,Jarrod Bowen,WHU,MID,8.8,0.0,4.01,0.0,0.0,0.0,0.0,3.91,0.0,0.0,3.35,0.0,3.77,0.0,0.0,3.1,0.0,0.0,0.0,3.32,4.41,0.0,0.0,3.52,29.39
51,872,David Raya,BRE,GK,7.3,0.0,0.0,5.11,0.0,0.0,4.88,0.0,0.0,0.0,5.62,0.0,0.0,5.9,0.0,0.0,4.78,0.0,5.94,0.0,0.0,5.33,0.0,5.14,42.699999999999996
52,784,Morgan Gibbs-White,FOR,MID,7.9,0.0,2.72,0.0,0.0,3.58,0.0,0.0,0.0,0.0,2.82,0.0,0.0,2.83,0.0,0.0,0.0,3.45,2.4,0.0,0.0,3.29,0.0,2.83,23.92
53,16,Martinelli,ARS,MID,10.2,0.0,5.25,0.0,0.0,0.0,0.0,0.0,3.77,0.0,4.94,0.0,0.0,0.0,4.42,4.36,0.0,0.0,0.0,4.79,4.55,0.0,0.0,3.4,35.48
54,93,Ben White,ARS,DEF,9.2,0.0,5.9,0.0,0.0,0.0,0.0,0.0,4.1,0.0,4.86,0.0,0.0,0.0,4.15,4.1,0.0,0.0,0.0,4.53,4.44,0.0,0.0,3.05,35.129999999999995
55,3382,Dominik Szoboszlai,LIV,MID,9.0,0.0,0.0,0.7,0.0,0.0,0.98,0.0,0.0,0.0,0.0,0.62,0.0,0.0,0.76,0.79,0.0,0.0,0.0,0.88,0.74,0.0,0.0,0.68,6.1499999999999995
56,1411,Casemiro,MUN,MID,8.1,0.0,0.0,0.0,3.0,0.0,2.68,0.0,0.0,0.0,2.92,0.0,0.0,0.0,2.53,2.81,0.0,0.0,2.56,0.0,3.04,0.0,0.0,2.76,22.299999999999997
57,371,Andrew Robertson,LIV,DEF,9.1,0.0,0.0,4.04,0.0,0.0,6.68,0.0,0.0,0.0,0.0,3.35,0.0,0.0,5.27,5.05,0.0,0.0,0.0,6.49,4.32,0.0,0.0,3.31,38.51
58,464,Miguel Almirón,NEW,MID,8.5,0.0,3.43,0.0,0.0,0.0,2.47,0.0,0.0,0.0,0.0,3.41,0.0,2.94,0.0,0.0,3.6,0.0,0.0,3.33,3.84,0.0,0.0,3.21,26.23
59,171,Reece James,CHE,DEF,9.1,0.0,0.0,1.04,0.0,0.0,0.0,1.14,0.0,1.36,0.0,0.0,0.0,1.32,0.0,0.0,1.22,0.0,1.19,0.0,0.0,0.0,1.13,1.18,9.579999999999998
60,387,Nathan Aké,MCI,DEF,8.9,3.9,0.0,0.0,0.0,0.0,3.57,0.0,0.0,0.0,0.0,4.08,0.0,4.27,0.0,4.32,0.0,0.0,5.11,0.0,4.09,0.0,0.0,3.18,32.52
61,348,Taiwo Awoniyi,FOR,FOR,7.5,0.0,1.19,0.0,0.0,1.68,0.0,0.0,0.0,0.0,1.24,0.0,0.0,1.25,0.0,0.0,0.0,1.61,1.01,0.0,0.0,1.51,0.0,1.24,10.73
62,76,Dan Burn,NEW,DEF,8.5,0.0,4.6,0.0,0.0,0.0,2.37,0.0,0.0,0.0,0.0,3.75,0.0,3.03,0.0,0.0,4.45,0.0,0.0,4.33,4.96,0.0,0.0,3.93,31.42
63,1469,Enzo Fernández,CHE,MID,8.4,0.0,0.0,1.09,0.0,0.0,0.0,1.35,0.0,1.38,0.0,0.0,0.0,1.75,0.0,0.0,1.3,0.0,1.16,0.0,0.0,0.0,1.08,1.05,10.16
64,394,Kevin De Bruyne,MCI,MID,10.9,4.02,0.0,0.0,0.0,0.0,3.65,0.0,0.0,0.0,0.0,4.29,0.0,4.68,0.0,4.52,0.0,0.0,5.6,0.0,4.17,0.0,0.0,3.45,34.38
65,1439,Manuel Akanji,MCI,DEF,9.2,4.19,0.0,0.0,0.0,0.0,4.04,0.0,0.0,0.0,0.0,4.67,0.0,5.01,0.0,5.15,0.0,0.0,5.97,0.0,4.66,0.0,0.0,3.34,37.03
66,236,Jordan Pickford,EVE,GK,7.0,0.0,4.0,0.0,0.0,0.0,0.0,3.92,0.0,0.0,4.82,0.0,0.0,4.11,0.0,3.61,0.0,0.0,3.89,0.0,4.45,0.0,0.0,4.53,33.33
67,1197,Luis Díaz,LIV,MID,9.6,0.0,0.0,1.02,0.0,0.0,1.43,0.0,0.0,0.0,0.0,0.91,0.0,0.0,1.13,1.17,0.0,0.0,0.0,1.29,1.09,0.0,0.0,1.01,9.05
68,646,Kai Havertz,ARS,MID,9.2,0.0,1.17,0.0,0.0,0.0,0.0,0.0,0.8,0.0,1.08,0.0,0.0,0.0,0.96,0.95,0.0,0.0,0.0,1.04,0.98,0.0,0.0,0.72,7.7
69,261,Tim Ream,FUL,DEF,7.5,0.0,3.68,0.0,0.0,0.0,3.78,0.0,0.0,0.0,2.05,0.0,0.0,1.82,0.0,4.41,0.0,0.0,3.65,0.0,0.0,0.0,3.32,4.31,27.02
70,149,Ben Chilwell,CHE,DEF,8.5,0.0,0.0,1.29,0.0,0.0,0.0,1.41,0.0,1.72,0.0,0.0,0.0,1.7,0.0,0.0,1.52,0.0,1.48,0.0,0.0,0.0,1.4,1.49,12.010000000000002
71,813,Moisés Caicedo,BHA,MID,8.0,0.0,4.14,0.0,0.0,0.0,3.02,0.0,0.0,0.0,4.68,0.0,0.0,3.23,0.0,3.11,0.0,0.0,0.0,4.69,3.0,0.0,0.0,3.23,29.1
72,70,Solly March,BHA,MID,8.1,0.0,4.97,0.0,0.0,0.0,4.4,0.0,0.0,0.0,5.05,0.0,0.0,3.98,0.0,3.93,0.0,0.0,0.0,5.51,3.85,0.0,0.0,4.32,36.010000000000005
73,3412,Sandro Tonali,NEW,MID,8.2,0.0,0.55,0.0,0.0,0.0,0.42,0.0,0.0,0.0,0.0,0.54,0.0,0.49,0.0,0.0,0.57,0.0,0.0,0.54,0.61,0.0,0.0,0.52,4.24
74,437,David de Gea,MUN,GK,7.4,0.0,0.0,0.0,5.58,0.0,4.14,0.0,0.0,0.0,5.26,0.0,0.0,0.0,3.9,4.75,0.0,0.0,4.54,0.0,5.18,0.0,0.0,4.71,38.059999999999995
75,400,Kyle Walker,MCI,DEF,8.6,3.59,0.0,0.0,0.0,0.0,3.29,0.0,0.0,0.0,0.0,3.72,0.0,3.85,0.0,3.94,0.0,0.0,4.6,0.0,3.76,0.0,0.0,2.93,29.68
76,869,Rico Henry,BRE,DEF,7.8,0.0,0.0,3.33,0.0,0.0,3.27,0.0,0.0,0.0,4.18,0.0,0.0,4.41,0.0,0.0,2.53,0.0,4.05,0.0,0.0,3.68,0.0,2.67,28.119999999999997
77,975,Marc Guéhi,CRY,DEF,8.0,0.0,4.96,0.0,0.0,0.0,0.0,0.0,3.26,0.0,4.24,0.0,0.0,0.0,5.74,4.02,0.0,0.0,5.11,0.0,3.6,0.0,0.0,6.17,37.1
78,1359,Levi Colwill,CHE,DEF,7.5,0.0,0.0,0.8,0.0,0.0,0.0,0.85,0.0,1.0,0.0,0.0,0.0,1.0,0.0,0.0,0.91,0.0,0.88,0.0,0.0,0.0,0.85,0.89,7.179999999999999
79,48,Ezri Konsa,AVL,DEF,7.9,0.0,2.23,0.0,0.0,0.0,0.0,5.32,0.0,0.0,0.0,3.33,0.0,0.0,2.04,5.27,0.0,0.0,2.87,0.0,3.27,0.0,0.0,3.8,28.130000000000003
80,104,James Tarkowski,EVE,DEF,7.8,0.0,3.55,0.0,0.0,0.0,0.0,2.91,0.0,0.0,4.27,0.0,0.0,3.61,0.0,2.52,0.0,0.0,2.68,0.0,4.45,0.0,0.0,4.13,28.119999999999997
81,465,Joelinton,NEW,MID,8.0,0.0,3.47,0.0,0.0,0.0,2.38,0.0,0.0,0.0,0.0,3.45,0.0,2.92,0.0,0.0,3.61,0.0,0.0,3.34,3.85,0.0,0.0,3.24,26.260000000000005
82,2079,Pau Torres,AVL,DEF,8.1,0.0,0.6,0.0,0.0,0.0,0.0,0.82,0.0,0.0,0.0,0.73,0.0,0.0,0.58,0.78,0.0,0.0,0.67,0.0,0.72,0.0,0.0,0.75,5.6499999999999995
83,3212,Pedro Porro,TOT,DEF,7.8,0.0,0.0,1.22,0.0,0.0,1.36,0.0,0.0,0.0,1.45,0.0,0.0,1.39,0.0,1.65,0.0,0.0,0.0,1.05,1.27,0.0,0.0,1.47,10.860000000000001
84,3,Bernd Leno,FUL,GK,6.8,0.0,5.14,0.0,0.0,0.0,4.7,0.0,0.0,0.0,4.15,0.0,0.0,3.86,0.0,4.95,0.0,0.0,4.83,0.0,0.0,0.0,4.99,4.96,37.580000000000005
85,620,Max Kilman,WOL,DEF,7.7,0.0,0.0,0.0,2.09,0.0,2.43,0.0,0.0,0.0,3.02,0.0,0.0,0.0,3.06,2.29,0.0,0.0,3.38,0.0,1.99,0.0,0.0,3.33,21.589999999999996
86,56,Jacob Ramsey,AVL,MID,8.0,0.0,3.09,0.0,0.0,0.0,0.0,4.39,0.0,0.0,0.0,3.51,0.0,0.0,3.23,3.9,0.0,0.0,3.37,0.0,3.79,0.0,0.0,3.59,28.869999999999997
87,1011,José Sá,WOL,GK,6.9,0.0,0.0,0.0,4.57,0.0,4.77,0.0,0.0,0.0,4.94,0.0,0.0,0.0,4.64,4.0,0.0,0.0,4.44,0.0,3.79,0.0,0.0,4.62,35.77
88,438,Aaron Wan-Bissaka,MUN,DEF,8.0,0.0,0.0,0.0,1.76,0.0,1.26,0.0,0.0,0.0,1.74,0.0,0.0,0.0,1.11,1.43,0.0,0.0,1.48,0.0,1.67,0.0,0.0,1.54,11.989999999999998
89,1285,Brennan Johnson,FOR,MID,8.0,0.0,3.02,0.0,0.0,4.08,0.0,0.0,0.0,0.0,3.14,0.0,0.0,3.19,0.0,0.0,0.0,3.89,2.59,0.0,0.0,3.71,0.0,3.18,26.8
90,886,Ethan Pinnock,BRE,DEF,7.9,0.0,0.0,3.98,0.0,0.0,3.86,0.0,0.0,0.0,4.7,0.0,0.0,5.04,0.0,0.0,3.11,0.0,4.64,0.0,0.0,4.21,0.0,3.27,32.81
91,633,Diogo Jota,LIV,MID,9.1,0.0,0.0,1.63,0.0,0.0,2.42,0.0,0.0,0.0,0.0,1.42,0.0,0.0,1.84,1.92,0.0,0.0,0.0,2.16,1.77,0.0,0.0,1.61,14.77
92,653,Kenny Tete,FUL,DEF,7.4,0.0,3.52,0.0,0.0,0.0,3.4,0.0,0.0,0.0,2.61,0.0,0.0,2.09,0.0,4.56,0.0,0.0,3.83,0.0,0.0,0.0,3.77,4.19,27.97
93,1085,Raphaël Varane,MUN,DEF,8.3,0.0,0.0,0.0,3.89,0.0,2.63,0.0,0.0,0.0,4.18,0.0,0.0,0.0,2.34,2.98,0.0,0.0,3.22,0.0,3.75,0.0,0.0,3.47,26.459999999999997
94,1247,Dominic Solanke,BOU,FOR,7.8,0.0,4.47,0.0,0.0,0.0,3.39,0.0,0.0,0.0,4.33,0.0,0.0,3.59,0.0,0.0,4.04,0.0,0.0,3.44,3.85,0.0,0.0,4.0,31.110000000000003
95,401,Riyad Mahrez,MCI,MID,8.8,3.1,0.0,0.0,0.0,0.0,2.81,0.0,0.0,0.0,0.0,3.21,0.0,3.33,0.0,3.06,0.0,0.0,3.56,0.0,3.13,0.0,0.0,2.7,24.9
96,1269,João Palhinha,FUL,MID,7.9,0.0,2.94,0.0,0.0,0.0,2.87,0.0,0.0,0.0,2.96,0.0,0.0,2.43,0.0,3.66,0.0,0.0,3.34,0.0,0.0,0.0,3.39,3.24,24.83
97,46,Douglas Luiz,AVL,MID,8.0,0.0,2.81,0.0,0.0,0.0,0.0,4.26,0.0,0.0,0.0,2.94,0.0,0.0,2.9,3.94,0.0,0.0,3.03,0.0,3.24,0.0,0.0,3.06,26.180000000000003
98,1320,Julián Álvarez,MCI,FOR,8.6,1.93,0.0,0.0,0.0,0.0,1.73,0.0,0.0,0.0,0.0,2.02,0.0,2.18,0.0,1.94,0.0,0.0,2.32,0.0,2.01,0.0,0.0,1.66,15.79
99,392,Bernardo Silva,MCI,MID,8.3,2.32,0.0,0.0,0.0,0.0,2.24,0.0,0.0,0.0,0.0,2.44,0.0,2.64,0.0,2.72,0.0,0.0,3.23,0.0,2.39,0.0,0.0,2.15,20.13
100,1255,Julio César Enciso,BHA,MID,7.9,0.0,1.34,0.0,0.0,0.0,1.17,0.0,0.0,0.0,1.3,0.0,0.0,1.0,0.0,0.99,0.0,0.0,0.0,1.46,0.97,0.0,0.0,1.1,9.33
101,1315,Ivan Perišić,TOT,DEF,8.1,0.0,0.0,3.27,0.0,0.0,3.6,0.0,0.0,0.0,3.94,0.0,0.0,3.81,0.0,4.55,0.0,0.0,0.0,2.71,3.3,0.0,0.0,4.11,29.290000000000003
102,408,Diogo Dalot,MUN,DEF,8.2,0.0,0.0,0.0,4.58,0.0,3.05,0.0,0.0,0.0,4.59,0.0,0.0,0.0,2.67,3.51,0.0,0.0,3.73,0.0,4.3,0.0,0.0,3.89,30.32
103,185,Tyrick Mitchell,CRY,DEF,7.7,0.0,4.04,0.0,0.0,0.0,0.0,0.0,3.02,0.0,3.27,0.0,0.0,0.0,4.44,3.57,0.0,0.0,3.95,0.0,3.09,0.0,0.0,4.55,29.93
104,1326,Aaron Hickey,BRE,DEF,7.5,0.0,0.0,2.88,0.0,0.0,2.89,0.0,0.0,0.0,3.35,0.0,0.0,3.42,0.0,0.0,2.37,0.0,3.31,0.0,0.0,3.16,0.0,2.46,23.84
105,604,Aaron Cresswell,WHU,DEF,7.7,0.0,3.07,0.0,0.0,0.0,0.0,3.16,0.0,0.0,2.2,0.0,3.32,0.0,0.0,2.26,0.0,0.0,0.0,2.05,3.61,0.0,0.0,2.68,22.349999999999998
106,890,Mathias Jensen,BRE,MID,7.6,0.0,0.0,3.03,0.0,0.0,2.73,0.0,0.0,0.0,3.02,0.0,0.0,3.53,0.0,0.0,2.56,0.0,3.2,0.0,0.0,2.78,0.0,2.67,23.520000000000003
107,175,Mateo Kovačić,MCI,MID,8.3,0.57,0.0,0.0,0.0,0.0,0.51,0.0,0.0,0.0,0.0,0.59,0.0,0.6,0.0,0.56,0.0,0.0,0.65,0.0,0.57,0.0,0.0,0.49,4.54
108,1076,Yoane Wissa,BRE,MID,7.6,0.0,0.0,2.25,0.0,0.0,1.99,0.0,0.0,0.0,2.06,0.0,0.0,2.59,0.0,0.0,1.61,0.0,2.48,0.0,0.0,2.13,0.0,1.8,16.91
109,115,Dwight McNeil,EVE,MID,7.9,0.0,3.15,0.0,0.0,0.0,0.0,2.73,0.0,0.0,3.21,0.0,0.0,2.99,0.0,2.84,0.0,0.0,2.76,0.0,3.29,0.0,0.0,3.47,24.439999999999998
110,340,Joe Gomez,LIV,DEF,8.2,0.0,0.0,1.29,0.0,0.0,1.74,0.0,0.0,0.0,0.0,1.12,0.0,0.0,1.43,1.47,0.0,0.0,0.0,1.77,1.21,0.0,0.0,1.13,11.16
111,335,Youri Tielemans,AVL,MID,8.1,0.0,0.42,0.0,0.0,0.0,0.0,0.53,0.0,0.0,0.0,0.46,0.0,0.0,0.43,0.48,0.0,0.0,0.44,0.0,0.48,0.0,0.0,0.47,3.71
112,1202,Dejan Kulusevski,TOT,MID,8.1,0.0,0.0,2.34,0.0,0.0,2.53,0.0,0.0,0.0,2.61,0.0,0.0,2.45,0.0,2.78,0.0,0.0,0.0,2.25,2.47,0.0,0.0,2.56,19.99
113,538,Ben Davies,TOT,DEF,7.8,0.0,0.0,2.77,0.0,0.0,2.96,0.0,0.0,0.0,3.28,0.0,0.0,3.28,0.0,3.81,0.0,0.0,0.0,2.24,2.68,0.0,0.0,3.54,24.559999999999995
114,1440,Antony,MUN,MID,8.7,0.0,0.0,0.0,3.27,0.0,2.56,0.0,0.0,0.0,3.34,0.0,0.0,0.0,2.32,2.81,0.0,0.0,2.62,0.0,2.85,0.0,0.0,2.96,22.730000000000004
115,85,Leandro Trossard,ARS,MID,8.7,0.0,1.45,0.0,0.0,0.0,0.0,0.0,0.99,0.0,1.32,0.0,0.0,0.0,1.19,1.19,0.0,0.0,0.0,1.28,1.21,0.0,0.0,0.9,9.53
116,531,Pierre Højbjerg,TOT,MID,8.1,0.0,0.0,3.0,0.0,0.0,3.64,0.0,0.0,0.0,3.74,0.0,0.0,2.58,0.0,3.98,0.0,0.0,0.0,2.48,3.12,0.0,0.0,3.2,25.740000000000002
117,1230,Jefferson Lerma,CRY,MID,7.0,0.0,0.45,0.0,0.0,0.0,0.0,0.0,0.41,0.0,0.42,0.0,0.0,0.0,0.46,0.41,0.0,0.0,0.45,0.0,0.41,0.0,0.0,0.47,3.4800000000000004
118,430,Andreas Pereira,FUL,MID,7.9,0.0,4.25,0.0,0.0,0.0,4.09,0.0,0.0,0.0,3.45,0.0,0.0,2.87,0.0,4.52,0.0,0.0,3.63,0.0,0.0,0.0,3.95,4.58,31.339999999999996
119,734,Saïd Benrahma,WHU,MID,7.9,0.0,2.96,0.0,0.0,0.0,0.0,2.9,0.0,0.0,2.54,0.0,2.78,0.0,0.0,2.41,0.0,0.0,0.0,2.54,3.19,0.0,0.0,2.67,21.990000000000002
120,399,Raheem Sterling,CHE,MID,8.7,0.0,0.0,2.58,0.0,0.0,0.0,2.6,0.0,2.98,0.0,0.0,0.0,3.06,0.0,0.0,2.81,0.0,2.59,0.0,0.0,0.0,2.59,2.59,21.8
121,222,Alex Iwobi,EVE,MID,7.8,0.0,3.32,0.0,0.0,0.0,0.0,2.96,0.0,0.0,3.35,0.0,0.0,3.16,0.0,3.05,0.0,0.0,2.94,0.0,3.48,0.0,0.0,3.72,25.98
122,959,João Pedro,BHA,FOR,7.7,0.0,0.81,0.0,0.0,0.0,0.72,0.0,0.0,0.0,0.78,0.0,0.0,0.64,0.0,0.64,0.0,0.0,0.0,0.86,0.62,0.0,0.0,0.68,5.75
123,1112,Odsonne Édouard,CRY,FOR,7.0,0.0,2.2,0.0,0.0,0.0,0.0,0.0,2.05,0.0,2.06,0.0,0.0,0.0,2.32,1.99,0.0,0.0,2.27,0.0,2.02,0.0,0.0,2.36,17.27
124,613,Łukasz Fabiański,WHU,GK,6.8,0.0,4.91,0.0,0.0,0.0,0.0,5.06,0.0,0.0,4.74,0.0,4.61,0.0,0.0,3.9,0.0,0.0,0.0,4.04,5.07,0.0,0.0,4.45,36.78
125,3178,Álex Moreno,AVL,DEF,7.9,0.0,1.02,0.0,0.0,0.0,0.0,1.52,0.0,0.0,0.0,1.32,0.0,0.0,0.99,1.45,0.0,0.0,1.2,0.0,1.28,0.0,0.0,1.37,10.150000000000002
126,1227,Philip Billing,BOU,MID,7.8,0.0,3.69,0.0,0.0,0.0,2.85,0.0,0.0,0.0,3.39,0.0,0.0,2.86,0.0,0.0,3.26,0.0,0.0,2.83,3.06,0.0,0.0,3.11,25.049999999999994
127,209,Dominic Calvert-Lewin,EVE,FOR,7.9,0.0,1.43,0.0,0.0,0.0,0.0,1.12,0.0,0.0,1.49,0.0,0.0,1.34,0.0,1.21,0.0,0.0,1.19,0.0,1.48,0.0,0.0,1.59,10.85
128,35,Matty Cash,AVL,DEF,7.7,0.0,2.41,0.0,0.0,0.0,0.0,3.33,0.0,0.0,0.0,3.03,0.0,0.0,2.28,3.43,0.0,0.0,2.83,0.0,2.85,0.0,0.0,3.19,23.35
129,345,Neco Williams,FOR,DEF,6.8,0.0,1.91,0.0,0.0,3.32,0.0,0.0,0.0,0.0,2.16,0.0,0.0,2.55,0.0,0.0,0.0,3.18,1.57,0.0,0.0,2.79,0.0,2.82,20.3
130,178,Joel Ward,CRY,DEF,7.5,0.0,3.85,0.0,0.0,0.0,0.0,0.0,2.99,0.0,3.22,0.0,0.0,0.0,4.16,3.42,0.0,0.0,3.74,0.0,3.01,0.0,0.0,4.09,28.48
131,374,João Cancelo,MCI,DEF,9.3,1.51,0.0,0.0,0.0,0.0,1.36,0.0,0.0,0.0,0.0,1.55,0.0,1.57,0.0,1.47,0.0,0.0,1.69,0.0,1.55,0.0,0.0,1.25,11.950000000000001
132,167,Thiago Silva,CHE,DEF,8.5,0.0,0.0,3.16,0.0,0.0,0.0,3.94,0.0,4.74,0.0,0.0,0.0,5.12,0.0,0.0,4.09,0.0,3.96,0.0,0.0,0.0,3.55,3.82,32.38
133,168,Conor Gallagher,CHE,MID,7.8,0.0,0.0,1.15,0.0,0.0,0.0,1.16,0.0,1.34,0.0,0.0,0.0,1.32,0.0,0.0,1.27,0.0,1.15,0.0,0.0,0.0,1.15,1.14,9.680000000000001
134,1408,Matheus Nunes,WOL,MID,7.6,0.0,0.0,0.0,2.24,0.0,2.25,0.0,0.0,0.0,2.22,0.0,0.0,0.0,2.3,2.31,0.0,0.0,2.39,0.0,2.05,0.0,0.0,2.29,18.05
135,1437,Lucas Paquetá,WHU,MID,8.0,0.0,2.79,0.0,0.0,0.0,0.0,2.77,0.0,0.0,2.41,0.0,2.78,0.0,0.0,2.17,0.0,0.0,0.0,2.49,2.8,0.0,0.0,2.57,20.78
136,803,Iliman Ndiaye,SHU,MID,7.2,0.0,4.54,0.0,0.0,3.88,0.0,0.0,0.0,0.0,0.0,3.37,0.0,5.04,0.0,3.76,0.0,0.0,0.0,4.06,3.91,0.0,0.0,3.84,32.39999999999999
137,71,Jason Steele,BHA,GK,7.0,0.0,1.76,0.0,0.0,0.0,1.73,0.0,0.0,0.0,1.69,0.0,0.0,1.56,0.0,1.64,0.0,0.0,0.0,1.75,1.6,0.0,0.0,1.49,13.22
138,160,Kurt Zouma,WHU,DEF,7.4,0.0,3.18,0.0,0.0,0.0,0.0,3.25,0.0,0.0,2.36,0.0,3.38,0.0,0.0,2.4,0.0,0.0,0.0,2.2,3.7,0.0,0.0,2.8,23.27
139,1069,Leon Bailey,AVL,MID,7.8,0.0,2.18,0.0,0.0,0.0,0.0,3.03,0.0,0.0,0.0,2.5,0.0,0.0,2.28,2.66,0.0,0.0,2.33,0.0,2.64,0.0,0.0,2.54,20.16
140,2038,Nicolas Jackson,CHE,FOR,8.2,0.0,0.0,0.92,0.0,0.0,0.0,0.93,0.0,1.11,0.0,0.0,0.0,1.17,0.0,0.0,1.04,0.0,0.92,0.0,0.0,0.0,0.93,0.92,7.9399999999999995
141,866,Emi Buendía,AVL,MID,7.9,0.0,2.55,0.0,0.0,0.0,0.0,3.39,0.0,0.0,0.0,2.84,0.0,0.0,2.64,3.04,0.0,0.0,2.71,0.0,3.01,0.0,0.0,2.89,23.07
142,725,Danny Welbeck,BHA,FOR,7.5,0.0,3.83,0.0,0.0,0.0,3.5,0.0,0.0,0.0,3.84,0.0,0.0,3.08,0.0,3.05,0.0,0.0,0.0,4.25,2.99,0.0,0.0,3.36,27.9
143,148,Kepa Arrizabalaga,CHE,GK,7.2,0.0,0.0,4.3,0.0,0.0,0.0,4.82,0.0,5.37,0.0,0.0,0.0,5.34,0.0,0.0,5.1,0.0,5.01,0.0,0.0,0.0,4.64,4.91,39.489999999999995
144,3384,Carlton Morris,LUT,FOR,7.1,0.0,3.15,0.0,0.0,0.0,0.0,0.0,0.0,3.21,0.0,0.0,4.09,0.0,0.0,3.51,0.0,0.0,4.22,0.0,3.69,0.0,0.0,3.95,25.82
145,1072,Cristian Romero,TOT,DEF,7.9,0.0,0.0,2.91,0.0,0.0,3.45,0.0,0.0,0.0,3.85,0.0,0.0,3.33,0.0,4.46,0.0,0.0,0.0,2.29,2.92,0.0,0.0,3.9,27.11
146,311,Demarai Gray,EVE,MID,7.7,0.0,3.33,0.0,0.0,0.0,0.0,2.8,0.0,0.0,3.41,0.0,0.0,3.13,0.0,2.97,0.0,0.0,2.91,0.0,3.38,0.0,0.0,3.63,25.559999999999995
147,3377,Jordan Beyer,BUR,DEF,6.6,2.53,0.0,0.0,0.0,0.0,0.0,0.0,0.0,0.0,0.0,3.7,0.0,3.62,0.0,0.0,0.0,3.15,3.37,0.0,2.36,0.0,0.0,3.68,22.41
148,1215,Alejandro Garnacho,MUN,MID,7.5,0.0,0.0,0.0,0.85,0.0,0.63,0.0,0.0,0.0,0.89,0.0,0.0,0.0,0.55,0.71,0.0,0.0,0.66,0.0,0.72,0.0,0.0,0.75,5.76
149,1393,Marcus Tavernier,BOU,MID,7.2,0.0,2.1,0.0,0.0,0.0,1.73,0.0,0.0,0.0,2.04,0.0,0.0,1.78,0.0,0.0,1.96,0.0,0.0,1.74,1.87,0.0,0.0,1.92,15.139999999999999
150,11,Joe Willock,NEW,MID,7.6,0.0,3.59,0.0,0.0,0.0,2.6,0.0,0.0,0.0,0.0,3.56,0.0,3.08,0.0,0.0,3.74,0.0,0.0,3.49,4.02,0.0,0.0,3.35,27.430000000000003
151,346,James Milner,BHA,MID,6.6,0.0,0.59,0.0,0.0,0.0,0.53,0.0,0.0,0.0,0.56,0.0,0.0,0.49,0.0,0.49,0.0,0.0,0.0,0.6,0.49,0.0,0.0,0.51,4.26
152,588,Michail Antonio,WHU,FOR,7.7,0.0,2.77,0.0,0.0,0.0,0.0,2.71,0.0,0.0,2.38,0.0,2.68,0.0,0.0,2.22,0.0,0.0,0.0,2.34,3.07,0.0,0.0,2.47,20.64
153,686,Dean Henderson,MUN,GK,6.6,0.0,0.0,0.0,0.89,0.0,0.79,0.0,0.0,0.0,0.88,0.0,0.0,0.0,0.76,0.84,0.0,0.0,0.84,0.0,0.87,0.0,0.0,0.85,6.72
154,622,Daniel Podence,WOL,MID,7.6,0.0,0.0,0.0,1.37,0.0,1.47,0.0,0.0,0.0,1.51,0.0,0.0,0.0,1.37,1.46,0.0,0.0,1.5,0.0,1.25,0.0,0.0,1.47,11.4
155,266,Bobby Reid,FUL,MID,6.7,0.0,2.37,0.0,0.0,0.0,2.3,0.0,0.0,0.0,2.14,0.0,0.0,1.97,0.0,2.49,0.0,0.0,2.22,0.0,0.0,0.0,2.3,2.47,18.26
156,542,Serge Aurier,FOR,DEF,7.0,0.0,1.98,0.0,0.0,3.35,0.0,0.0,0.0,0.0,2.21,0.0,0.0,2.59,0.0,0.0,0.0,3.23,1.66,0.0,0.0,2.84,0.0,2.86,20.72
157,3421,Guglielmo Vicario,TOT,GK,7.0,0.0,0.0,0.85,0.0,0.0,0.89,0.0,0.0,0.0,0.87,0.0,0.0,0.84,0.0,0.87,0.0,0.0,0.0,0.82,0.81,0.0,0.0,0.85,6.799999999999999
158,1002,Ibrahima Konaté,LIV,DEF,9.0,0.0,0.0,1.51,0.0,0.0,1.98,0.0,0.0,0.0,0.0,1.28,0.0,0.0,1.66,1.72,0.0,0.0,0.0,1.95,1.4,0.0,0.0,1.31,12.81
159,59,John McGinn,AVL,MID,7.7,0.0,2.26,0.0,0.0,0.0,0.0,2.74,0.0,0.0,0.0,2.38,0.0,0.0,2.32,2.61,0.0,0.0,2.39,0.0,2.51,0.0,0.0,2.44,19.650000000000002
160,1001,Michael Olise,CRY,MID,7.9,0.0,3.47,0.0,0.0,0.0,0.0,0.0,3.19,0.0,3.14,0.0,0.0,0.0,3.64,3.11,0.0,0.0,3.56,0.0,3.17,0.0,0.0,3.72,27.0
161,713,Carlos Vinícius,FUL,FOR,6.9,0.0,1.32,0.0,0.0,0.0,1.25,0.0,0.0,0.0,1.05,0.0,0.0,0.86,0.0,1.41,0.0,0.0,1.11,0.0,0.0,0.0,1.21,1.43,9.64
162,230,Richarlison,TOT,FOR,8.0,0.0,0.0,0.85,0.0,0.0,0.94,0.0,0.0,0.0,1.0,0.0,0.0,0.9,0.0,1.1,0.0,0.0,0.0,0.78,0.92,0.0,0.0,0.93,7.42
163,3182,Mykhailo Mudryk,CHE,MID,8.2,0.0,0.0,0.62,0.0,0.0,0.0,0.63,0.0,0.75,0.0,0.0,0.0,0.77,0.0,0.0,0.68,0.0,0.63,0.0,0.0,0.0,0.62,0.64,5.34
164,898,Nathan Collins,BRE,DEF,7.3,0.0,0.0,0.7,0.0,0.0,0.69,0.0,0.0,0.0,0.75,0.0,0.0,0.78,0.0,0.0,0.61,0.0,0.77,0.0,0.0,0.74,0.0,0.63,5.67
165,3416,Anel Ahmedhodzic,SHU,DEF,7.1,0.0,4.1,0.0,0.0,3.15,0.0,0.0,0.0,0.0,0.0,2.39,0.0,4.03,0.0,2.37,0.0,0.0,0.0,3.12,2.92,0.0,0.0,2.84,24.920000000000005
166,193,Wilfried Zaha,CRY,MID,8.2,0.0,2.85,0.0,0.0,0.0,0.0,0.0,2.63,0.0,2.64,0.0,0.0,0.0,3.03,2.54,0.0,0.0,2.94,0.0,2.58,0.0,0.0,3.08,22.29
167,1117,Mathias Jørgensen,BRE,DEF,6.6,0.0,0.0,0.94,0.0,0.0,0.92,0.0,0.0,0.0,1.02,0.0,0.0,1.08,0.0,0.0,0.76,0.0,1.06,0.0,0.0,0.99,0.0,0.81,7.58
168,511,Danny Ings,WHU,FOR,8.1,0.0,0.74,0.0,0.0,0.0,0.0,0.72,0.0,0.0,0.62,0.0,0.72,0.0,0.0,0.57,0.0,0.0,0.0,0.6,0.85,0.0,0.0,0.65,5.47
169,608,Issa Diop,FUL,DEF,7.3,0.0,2.92,0.0,0.0,0.0,2.89,0.0,0.0,0.0,2.14,0.0,0.0,1.9,0.0,3.43,0.0,0.0,3.01,0.0,0.0,0.0,2.92,3.33,22.54
170,95,Robert Sánchez,BHA,GK,6.6,0.0,5.0,0.0,0.0,0.0,4.85,0.0,0.0,0.0,4.64,0.0,0.0,4.09,0.0,4.12,0.0,0.0,0.0,4.86,4.28,0.0,0.0,3.84,35.68
171,91,Joël Veltman,BHA,DEF,7.9,0.0,4.58,0.0,0.0,0.0,4.01,0.0,0.0,0.0,4.41,0.0,0.0,3.31,0.0,3.07,0.0,0.0,0.0,4.59,3.47,0.0,0.0,3.2,30.639999999999997
172,386,Aymeric Laporte,MCI,DEF,8.6,1.0,0.0,0.0,0.0,0.0,0.93,0.0,0.0,0.0,0.0,1.02,0.0,1.02,0.0,0.98,0.0,0.0,1.07,0.0,1.02,0.0,0.0,0.87,7.910000000000001
173,1897,Mark Flekken,BRE,GK,6.9,0.0,0.0,0.89,0.0,0.0,0.87,0.0,0.0,0.0,0.91,0.0,0.0,0.91,0.0,0.0,0.9,0.0,0.93,0.0,0.0,0.9,0.0,0.98,7.290000000000001
174,224,Anthony Gordon,NEW,MID,7.8,0.0,0.48,0.0,0.0,0.0,0.32,0.0,0.0,0.0,0.0,0.47,0.0,0.4,0.0,0.0,0.51,0.0,0.0,0.47,0.56,0.0,0.0,0.44,3.6499999999999995
175,1317,Nayef Aguerd,WHU,DEF,7.3,0.0,1.73,0.0,0.0,0.0,0.0,1.75,0.0,0.0,1.25,0.0,1.82,0.0,0.0,1.22,0.0,0.0,0.0,1.15,2.03,0.0,0.0,1.49,12.44
176,1377,Rico Lewis,MCI,DEF,7.0,0.92,0.0,0.0,0.0,0.0,0.84,0.0,0.0,0.0,0.0,0.93,0.0,0.94,0.0,0.9,0.0,0.0,0.99,0.0,0.93,0.0,0.0,0.8,7.25
177,77,Adam Webster,BHA,DEF,8.0,0.0,4.1,0.0,0.0,0.0,3.55,0.0,0.0,0.0,4.51,0.0,0.0,2.95,0.0,2.72,0.0,0.0,0.0,4.49,3.06,0.0,0.0,2.82,28.2
178,719,Joachim Andersen,CRY,DEF,7.8,0.0,3.97,0.0,0.0,0.0,0.0,0.0,2.72,0.0,3.38,0.0,0.0,0.0,4.6,3.29,0.0,0.0,4.08,0.0,2.85,0.0,0.0,5.14,30.03
179,1905,Jurriën Timber,ARS,DEF,8.7,0.0,0.89,0.0,0.0,0.0,0.0,0.0,0.77,0.0,0.84,0.0,0.0,0.0,0.78,0.79,0.0,0.0,0.0,0.8,0.81,0.0,0.0,0.68,6.359999999999999
180,1397,Marcos Senesi,BOU,DEF,6.9,0.0,4.17,0.0,0.0,0.0,1.85,0.0,0.0,0.0,3.13,0.0,0.0,2.43,0.0,0.0,3.19,0.0,0.0,1.99,2.4,0.0,0.0,2.89,22.049999999999997
181,709,Wesley Fofana,CHE,DEF,8.1,0.0,0.0,0.91,0.0,0.0,0.0,1.0,0.0,1.18,0.0,0.0,0.0,1.14,0.0,0.0,1.06,0.0,1.04,0.0,0.0,0.0,0.99,1.04,8.36
182,545,Eric Dier,TOT,DEF,8.0,0.0,0.0,2.84,0.0,0.0,3.12,0.0,0.0,0.0,3.5,0.0,0.0,3.44,0.0,4.25,0.0,0.0,0.0,2.22,2.73,0.0,0.0,3.74,25.839999999999996
183,490,George Baldock,SHU,DEF,6.9,0.0,3.64,0.0,0.0,2.89,0.0,0.0,0.0,0.0,0.0,2.22,0.0,3.55,0.0,2.12,0.0,0.0,0.0,2.78,2.61,0.0,0.0,2.56,22.37
184,994,Ashley Young,EVE,DEF,7.2,0.0,0.63,0.0,0.0,0.0,0.0,0.57,0.0,0.0,0.68,0.0,0.0,0.64,0.0,0.52,0.0,0.0,0.56,0.0,0.69,0.0,0.0,0.67,4.96
185,84,Tariq Lamptey,BHA,DEF,7.4,0.0,0.44,0.0,0.0,0.0,0.41,0.0,0.0,0.0,0.42,0.0,0.0,0.37,0.0,0.36,0.0,0.0,0.0,0.44,0.38,0.0,0.0,0.37,3.19
186,570,Sam Johnstone,CRY,GK,6.5,0.0,0.87,0.0,0.0,0.0,0.0,0.0,0.82,0.0,0.85,0.0,0.0,0.0,0.89,0.85,0.0,0.0,0.86,0.0,0.88,0.0,0.0,0.88,6.9
187,192,Jordan Ayew,CRY,FOR,7.6,0.0,2.65,0.0,0.0,0.0,0.0,0.0,2.47,0.0,2.44,0.0,0.0,0.0,2.71,2.45,0.0,0.0,2.68,0.0,2.49,0.0,0.0,2.73,20.62
188,1333,Cheick Doucouré,CRY,MID,6.9,0.0,2.4,0.0,0.0,0.0,0.0,0.0,2.26,0.0,2.21,0.0,0.0,0.0,2.42,2.28,0.0,0.0,2.42,0.0,2.3,0.0,0.0,2.45,18.74
189,263,Antonee Robinson,FUL,DEF,7.7,0.0,3.07,0.0,0.0,0.0,3.07,0.0,0.0,0.0,1.96,0.0,0.0,1.62,0.0,3.99,0.0,0.0,3.25,0.0,0.0,0.0,3.08,3.74,23.78
190,410,Anthony Martial,MUN,FOR,7.9,0.0,0.0,0.0,1.63,0.0,1.2,0.0,0.0,0.0,1.68,0.0,0.0,0.0,1.05,1.35,0.0,0.0,1.24,0.0,1.37,0.0,0.0,1.44,10.959999999999999
191,3361,Justin Kluivert,BOU,MID,7.8,0.0,0.92,0.0,0.0,0.0,0.67,0.0,0.0,0.0,0.89,0.0,0.0,0.72,0.0,0.0,0.82,0.0,0.0,0.7,0.77,0.0,0.0,0.83,6.32
192,733,Craig Dawson,WOL,DEF,7.3,0.0,0.0,0.0,0.89,0.0,1.02,0.0,0.0,0.0,1.14,0.0,0.0,0.0,1.12,0.95,0.0,0.0,1.25,0.0,0.82,0.0,0.0,1.19,8.38
193,159,Jorginho,ARS,MID,7.6,0.0,0.5,0.0,0.0,0.0,0.0,0.0,0.44,0.0,0.48,0.0,0.0,0.0,0.47,0.47,0.0,0.0,0.0,0.48,0.47,0.0,0.0,0.42,3.7299999999999995
194,1254,Diego Carlos,AVL,DEF,7.3,0.0,0.61,0.0,0.0,0.0,0.0,0.8,0.0,0.0,0.0,0.73,0.0,0.0,0.59,0.78,0.0,0.0,0.68,0.0,0.71,0.0,0.0,0.75,5.6499999999999995
195,130,Josh Brownhill,BUR,MID,7.1,2.85,0.0,0.0,0.0,0.0,0.0,0.0,0.0,0.0,0.0,3.72,0.0,4.08,0.0,0.0,0.0,3.15,3.84,0.0,3.13,0.0,0.0,3.86,24.63
196,1258,Deniz Undav,BHA,FOR,7.2,0.0,0.97,0.0,0.0,0.0,0.85,0.0,0.0,0.0,0.94,0.0,0.0,0.72,0.0,0.72,0.0,0.0,0.0,1.06,0.7,0.0,0.0,0.8,6.76
197,357,Fabinho,LIV,MID,7.2,0.0,0.0,2.09,0.0,0.0,2.79,0.0,0.0,0.0,0.0,1.98,0.0,0.0,2.16,2.09,0.0,0.0,0.0,2.85,2.08,0.0,0.0,2.0,18.04
198,24,Willian,FUL,MID,7.7,0.0,2.67,0.0,0.0,0.0,2.61,0.0,0.0,0.0,2.35,0.0,0.0,2.11,0.0,2.76,0.0,0.0,2.41,0.0,0.0,0.0,2.55,2.8,20.259999999999998
199,1111,Connor Roberts,BUR,DEF,7.2,3.36,0.0,0.0,0.0,0.0,0.0,0.0,0.0,0.0,0.0,5.19,0.0,5.38,0.0,0.0,0.0,4.41,4.84,0.0,2.26,0.0,0.0,4.94,30.38
200,2339,Tom Lockyer,LUT,DEF,7.1,0.0,2.07,0.0,0.0,0.0,0.0,0.0,0.0,2.65,0.0,0.0,3.47,0.0,0.0,2.79,0.0,0.0,4.03,0.0,2.96,0.0,0.0,2.88,20.85
201,4,Eddie Nketiah,ARS,FOR,7.6,0.0,2.05,0.0,0.0,0.0,0.0,0.0,1.34,0.0,1.88,0.0,0.0,0.0,1.65,1.64,0.0,0.0,0.0,1.81,1.69,0.0,0.0,1.2,13.26
202,19,Kieran Tierney,ARS,DEF,8.0,0.0,0.79,0.0,0.0,0.0,0.0,0.0,0.68,0.0,0.75,0.0,0.0,0.0,0.7,0.71,0.0,0.0,0.0,0.72,0.72,0.0,0.0,0.6,5.669999999999999
203,3403,Amari'i Bell,LUT,DEF,7.1,0.0,2.0,0.0,0.0,0.0,0.0,0.0,0.0,2.69,0.0,0.0,3.39,0.0,0.0,2.66,0.0,0.0,3.83,0.0,2.72,0.0,0.0,2.69,19.98
204,468,Allan Saint-Maximin,NEW,MID,7.9,0.0,1.26,0.0,0.0,0.0,0.84,0.0,0.0,0.0,0.0,1.25,0.0,1.04,0.0,0.0,1.34,0.0,0.0,1.21,1.44,0.0,0.0,1.16,9.540000000000001
205,3365,Vitinho,BUR,DEF,6.6,1.99,0.0,0.0,0.0,0.0,0.0,0.0,0.0,0.0,0.0,2.74,0.0,2.64,0.0,0.0,0.0,2.49,2.53,0.0,1.76,0.0,0.0,2.75,16.9
206,1231,Lloyd Kelly,BOU,DEF,6.7,0.0,3.09,0.0,0.0,0.0,1.82,0.0,0.0,0.0,2.57,0.0,0.0,2.33,0.0,0.0,2.88,0.0,0.0,1.95,2.28,0.0,0.0,2.63,19.55
207,445,Jacob Murphy,NEW,MID,7.0,0.0,1.54,0.0,0.0,0.0,1.03,0.0,0.0,0.0,0.0,1.53,0.0,1.28,0.0,0.0,1.64,0.0,0.0,1.5,1.79,0.0,0.0,1.42,11.729999999999999
208,1171,Nathan Patterson,EVE,DEF,7.2,0.0,1.04,0.0,0.0,0.0,0.0,0.93,0.0,0.0,1.15,0.0,0.0,1.06,0.0,0.82,0.0,0.0,0.87,0.0,1.2,0.0,0.0,1.14,8.21
209,189,Vicente Guaita,CRY,GK,6.6,0.0,5.03,0.0,0.0,0.0,0.0,0.0,4.33,0.0,4.68,0.0,0.0,0.0,5.52,4.76,0.0,0.0,4.88,0.0,4.75,0.0,0.0,5.27,39.22
210,237,Lucas Digne,AVL,DEF,7.6,0.0,1.01,0.0,0.0,0.0,0.0,1.49,0.0,0.0,0.0,1.32,0.0,0.0,0.96,1.46,0.0,0.0,1.2,0.0,1.25,0.0,0.0,1.38,10.07
211,343,Curtis Jones,LIV,MID,7.3,0.0,0.0,0.78,0.0,0.0,0.99,0.0,0.0,0.0,0.0,0.72,0.0,0.0,0.83,0.84,0.0,0.0,0.0,0.91,0.8,0.0,0.0,0.76,6.63
212,884,Ivan Toney,BRE,FOR,8.7,0.0,0.0,4.29,0.0,0.0,3.82,0.0,0.0,0.0,3.95,0.0,0.0,4.92,0.0,0.0,3.11,0.0,4.66,0.0,0.0,4.03,0.0,3.43,32.21
213,599,Tomáš Souček,WHU,MID,7.7,0.0,3.04,0.0,0.0,0.0,0.0,3.0,0.0,0.0,2.65,0.0,3.0,0.0,0.0,2.44,0.0,0.0,0.0,2.69,3.15,0.0,0.0,2.79,22.759999999999998
214,1403,Remo Freuler,FOR,MID,6.5,0.0,1.75,0.0,0.0,1.86,0.0,0.0,0.0,0.0,1.78,0.0,0.0,1.81,0.0,0.0,0.0,1.82,1.67,0.0,0.0,1.78,0.0,1.81,14.280000000000001
215,3383,Elijah Adebayo,LUT,FOR,6.9,0.0,2.86,0.0,0.0,0.0,0.0,0.0,0.0,2.92,0.0,0.0,3.58,0.0,0.0,3.13,0.0,0.0,3.67,0.0,3.25,0.0,0.0,3.47,22.879999999999995
216,716,Thomas Partey,ARS,MID,7.6,0.0,3.03,0.0,0.0,0.0,0.0,0.0,2.41,0.0,2.58,0.0,0.0,0.0,2.55,2.28,0.0,0.0,0.0,2.76,2.59,0.0,0.0,2.04,20.24
217,127,Jay Rodriguez,BUR,FOR,6.8,1.37,0.0,0.0,0.0,0.0,0.0,0.0,0.0,0.0,0.0,1.68,0.0,1.86,0.0,0.0,0.0,1.58,1.72,0.0,1.27,0.0,0.0,1.73,11.21
218,1301,Steve Cook,FOR,DEF,6.5,0.0,0.49,0.0,0.0,0.82,0.0,0.0,0.0,0.0,0.55,0.0,0.0,0.64,0.0,0.0,0.0,0.81,0.4,0.0,0.0,0.72,0.0,0.69,5.119999999999999
219,154,Emerson Palmieri,WHU,DEF,7.1,0.0,1.16,0.0,0.0,0.0,0.0,1.18,0.0,0.0,0.86,0.0,1.21,0.0,0.0,0.86,0.0,0.0,0.0,0.81,1.3,0.0,0.0,1.02,8.4
220,1253,Boubacar Kamara,AVL,MID,6.7,0.0,1.56,0.0,0.0,0.0,0.0,1.65,0.0,0.0,0.0,1.56,0.0,0.0,1.57,1.67,0.0,0.0,1.61,0.0,1.61,0.0,0.0,1.58,12.809999999999999
221,405,Harry Maguire,MUN,DEF,8.0,0.0,0.0,0.0,0.7,0.0,0.55,0.0,0.0,0.0,0.7,0.0,0.0,0.0,0.5,0.6,0.0,0.0,0.62,0.0,0.66,0.0,0.0,0.64,4.97
222,879,Christian Nørgaard,BRE,MID,6.9,0.0,0.0,1.67,0.0,0.0,1.59,0.0,0.0,0.0,1.68,0.0,0.0,1.84,0.0,0.0,1.5,0.0,1.72,0.0,0.0,1.58,0.0,1.56,13.14
223,623,Raúl Jiménez,WOL,FOR,7.4,0.0,0.0,0.0,0.67,0.0,0.74,0.0,0.0,0.0,0.76,0.0,0.0,0.0,0.67,0.73,0.0,0.0,0.75,0.0,0.61,0.0,0.0,0.73,5.66
224,3363,Bart Verbruggen,BHA,GK,6.9,0.0,0.89,0.0,0.0,0.0,0.88,0.0,0.0,0.0,0.87,0.0,0.0,0.83,0.0,0.85,0.0,0.0,0.0,0.88,0.84,0.0,0.0,0.8,6.84
225,493,Oliver McBurnie,SHU,FOR,7.0,0.0,2.29,0.0,0.0,2.11,0.0,0.0,0.0,0.0,0.0,1.88,0.0,2.57,0.0,2.01,0.0,0.0,0.0,2.1,2.05,0.0,0.0,2.05,17.06
226,1080,Romelu Lukaku,CHE,FOR,9.3,0.0,0.0,1.03,0.0,0.0,0.0,1.04,0.0,1.27,0.0,0.0,0.0,1.31,0.0,0.0,1.15,0.0,1.04,0.0,0.0,0.0,1.04,1.05,8.930000000000001
227,481,Sander Berge,SHU,MID,7.0,0.0,2.72,0.0,0.0,2.49,0.0,0.0,0.0,0.0,0.0,2.29,0.0,2.96,0.0,2.42,0.0,0.0,0.0,2.52,2.47,0.0,0.0,2.45,20.32
228,802,Jean-Philippe Mateta,CRY,FOR,6.7,0.0,0.75,0.0,0.0,0.0,0.0,0.0,0.66,0.0,0.66,0.0,0.0,0.0,0.8,0.63,0.0,0.0,0.77,0.0,0.65,0.0,0.0,0.83,5.75
229,706,Nélson Semedo,WOL,DEF,7.5,0.0,0.0,0.0,2.01,0.0,2.29,0.0,0.0,0.0,2.64,0.0,0.0,0.0,2.83,2.16,0.0,0.0,3.18,0.0,1.81,0.0,0.0,2.92,19.839999999999996
230,3154,Luizão,WHU,DEF,6.5,0.0,0.71,0.0,0.0,0.0,0.0,0.71,0.0,0.0,0.57,0.0,0.73,0.0,0.0,0.57,0.0,0.0,0.0,0.54,0.78,0.0,0.0,0.65,5.26
231,352,Rhian Brewster,SHU,FOR,6.6,0.0,0.41,0.0,0.0,0.38,0.0,0.0,0.0,0.0,0.0,0.33,0.0,0.49,0.0,0.35,0.0,0.0,0.0,0.37,0.36,0.0,0.0,0.36,3.05
232,1037,Jadon Sancho,MUN,MID,8.3,0.0,0.0,0.0,2.4,0.0,1.88,0.0,0.0,0.0,2.48,0.0,0.0,0.0,1.69,2.08,0.0,0.0,1.95,0.0,2.09,0.0,0.0,2.16,16.729999999999997
233,649,Abdoulaye Doucouré,EVE,MID,7.3,0.0,1.36,0.0,0.0,0.0,0.0,1.14,0.0,0.0,1.4,0.0,0.0,1.3,0.0,1.19,0.0,0.0,1.17,0.0,1.44,0.0,0.0,1.49,10.49
234,720,Tosin Adarabioyo,FUL,DEF,7.0,0.0,3.08,0.0,0.0,0.0,3.02,0.0,0.0,0.0,2.21,0.0,0.0,1.91,0.0,3.66,0.0,0.0,3.14,0.0,0.0,0.0,3.07,3.54,23.63
235,559,Hugo Lloris,TOT,GK,6.9,0.0,0.0,4.38,0.0,0.0,4.66,0.0,0.0,0.0,4.78,0.0,0.0,4.6,0.0,5.03,0.0,0.0,0.0,3.96,4.07,0.0,0.0,4.7,36.18000000000001
236,339,Jordan Henderson,LIV,MID,7.1,0.0,0.0,1.98,0.0,0.0,2.72,0.0,0.0,0.0,0.0,1.91,0.0,0.0,2.09,2.05,0.0,0.0,0.0,2.81,2.04,0.0,0.0,1.95,17.55
237,66,Yves Bissouma,TOT,MID,7.3,0.0,0.0,0.53,0.0,0.0,0.57,0.0,0.0,0.0,0.58,0.0,0.0,0.56,0.0,0.62,0.0,0.0,0.0,0.51,0.55,0.0,0.0,0.58,4.5
238,491,John Egan,SHU,DEF,7.1,0.0,4.59,0.0,0.0,2.97,0.0,0.0,0.0,0.0,0.0,2.16,0.0,4.56,0.0,2.11,0.0,0.0,0.0,2.96,2.78,0.0,0.0,2.57,24.700000000000003
239,1396,Neto,BOU,GK,6.6,0.0,4.67,0.0,0.0,0.0,3.87,0.0,0.0,0.0,4.35,0.0,0.0,4.33,0.0,0.0,4.83,0.0,0.0,4.6,4.09,0.0,0.0,4.87,35.61
240,1383,Manor Solomon,TOT,MID,7.0,0.0,0.0,0.75,0.0,0.0,0.84,0.0,0.0,0.0,0.88,0.0,0.0,0.8,0.0,0.98,0.0,0.0,0.0,0.69,0.81,0.0,0.0,0.83,6.58
241,1199,Christian Eriksen,MUN,MID,7.9,0.0,0.0,0.0,3.21,0.0,2.62,0.0,0.0,0.0,3.58,0.0,0.0,0.0,2.42,2.84,0.0,0.0,2.7,0.0,2.97,0.0,0.0,2.98,23.32
242,3172,Kevin Schade,BRE,MID,6.5,0.0,0.0,0.72,0.0,0.0,0.65,0.0,0.0,0.0,0.67,0.0,0.0,0.81,0.0,0.0,0.54,0.0,0.79,0.0,0.0,0.7,0.0,0.6,5.4799999999999995
243,1249,Kieffer Moore,BOU,FOR,6.8,0.0,1.54,0.0,0.0,0.0,1.15,0.0,0.0,0.0,1.49,0.0,0.0,1.22,0.0,0.0,1.38,0.0,0.0,1.18,1.31,0.0,0.0,1.38,10.649999999999999
244,1110,Marc Cucurella,CHE,DEF,8.3,0.0,0.0,1.67,0.0,0.0,0.0,1.92,0.0,2.3,0.0,0.0,0.0,2.27,0.0,0.0,2.02,0.0,1.95,0.0,0.0,0.0,1.79,1.83,15.749999999999998
245,456,Matt Ritchie,NEW,DEF,6.5,0.0,1.2,0.0,0.0,0.0,0.77,0.0,0.0,0.0,0.0,1.14,0.0,0.96,0.0,0.0,1.25,0.0,0.0,1.17,1.36,0.0,0.0,1.1,8.950000000000001
246,655,Alphonse Areola,WHU,GK,6.6,0.0,0.87,0.0,0.0,0.0,0.0,0.88,0.0,0.0,0.96,0.0,0.85,0.0,0.0,0.78,0.0,0.0,0.0,0.8,0.87,0.0,0.0,0.84,6.85
247,606,Angelo Ogbonna,WHU,DEF,6.9,0.0,1.02,0.0,0.0,0.0,0.0,1.04,0.0,0.0,0.78,0.0,1.07,0.0,0.0,0.8,0.0,0.0,0.0,0.72,1.14,0.0,0.0,0.92,7.489999999999999
248,120,Charlie Taylor,BUR,DEF,6.8,0.91,0.0,0.0,0.0,0.0,0.0,0.0,0.0,0.0,0.0,1.24,0.0,1.16,0.0,0.0,0.0,1.14,1.13,0.0,0.78,0.0,0.0,1.24,7.6
249,1200,Wout Weghorst,BUR,FOR,7.2,0.56,0.0,0.0,0.0,0.0,0.0,0.0,0.0,0.0,0.0,0.69,0.0,0.75,0.0,0.0,0.0,0.66,0.71,0.0,0.53,0.0,0.0,0.71,4.61
250,1400,Amadou Onana,EVE,MID,7.4,0.0,2.44,0.0,0.0,0.0,0.0,2.27,0.0,0.0,2.45,0.0,0.0,2.39,0.0,2.28,0.0,0.0,2.2,0.0,2.64,0.0,0.0,2.65,19.32
251,217,Michael Keane,EVE,DEF,7.3,0.0,1.05,0.0,0.0,0.0,0.0,0.89,0.0,0.0,1.14,0.0,0.0,1.05,0.0,0.85,0.0,0.0,0.88,0.0,1.16,0.0,0.0,1.14,8.16
252,144,Billy Gilmour,BHA,MID,6.8,0.0,0.35,0.0,0.0,0.0,0.31,0.0,0.0,0.0,0.33,0.0,0.0,0.29,0.0,0.29,0.0,0.0,0.0,0.35,0.28,0.0,0.0,0.3,2.5
253,715,Vladimír Coufal,WHU,DEF,7.4,0.0,3.3,0.0,0.0,0.0,0.0,3.4,0.0,0.0,2.37,0.0,3.59,0.0,0.0,2.33,0.0,0.0,0.0,2.27,3.72,0.0,0.0,2.89,23.87
254,885,Josh Dasilva,BRE,MID,6.9,0.0,0.0,1.18,0.0,0.0,1.09,0.0,0.0,0.0,1.12,0.0,0.0,1.29,0.0,0.0,0.97,0.0,1.26,0.0,0.0,1.15,0.0,1.04,9.099999999999998
255,454,Jamaal Lascelles,NEW,DEF,6.6,0.0,0.82,0.0,0.0,0.0,0.59,0.0,0.0,0.0,0.0,0.76,0.0,0.68,0.0,0.0,0.82,0.0,0.0,0.8,0.88,0.0,0.0,0.76,6.109999999999999
256,370,Harvey Elliott,LIV,MID,7.5,0.0,0.0,1.3,0.0,0.0,1.69,0.0,0.0,0.0,0.0,1.19,0.0,0.0,1.38,1.41,0.0,0.0,0.0,1.57,1.34,0.0,0.0,1.26,11.139999999999999
257,1286,Joe Worrall,FOR,DEF,6.8,0.0,1.86,0.0,0.0,3.49,0.0,0.0,0.0,0.0,2.11,0.0,0.0,2.53,0.0,0.0,0.0,3.37,1.56,0.0,0.0,2.89,0.0,2.85,20.66
258,397,Cole Palmer,MCI,MID,6.5,0.4,0.0,0.0,0.0,0.0,0.35,0.0,0.0,0.0,0.0,0.42,0.0,0.44,0.0,0.39,0.0,0.0,0.48,0.0,0.41,0.0,0.0,0.34,3.23
259,259,Harrison Reed,FUL,MID,7.5,0.0,2.59,0.0,0.0,0.0,2.52,0.0,0.0,0.0,2.35,0.0,0.0,2.16,0.0,2.76,0.0,0.0,2.45,0.0,0.0,0.0,2.54,2.71,20.08
260,429,Victor Lindelöf,MUN,DEF,7.9,0.0,0.0,0.0,1.36,0.0,0.99,0.0,0.0,0.0,1.35,0.0,0.0,0.0,0.87,1.11,0.0,0.0,1.19,0.0,1.29,0.0,0.0,1.21,9.370000000000001
261,3362,Mahmoud Dahoud,BHA,MID,7.5,0.0,0.8,0.0,0.0,0.0,0.71,0.0,0.0,0.0,0.77,0.0,0.0,0.63,0.0,0.63,0.0,0.0,0.0,0.84,0.61,0.0,0.0,0.67,5.66
262,1030,Kristoffer Ajer,BRE,DEF,6.6,0.0,0.0,0.72,0.0,0.0,0.71,0.0,0.0,0.0,0.76,0.0,0.0,0.8,0.0,0.0,0.61,0.0,0.79,0.0,0.0,0.75,0.0,0.64,5.78
263,1233,Adam Smith,BOU,DEF,6.9,0.0,2.86,0.0,0.0,0.0,1.48,0.0,0.0,0.0,2.3,0.0,0.0,2.04,0.0,0.0,2.7,0.0,0.0,1.62,1.97,0.0,0.0,2.4,17.37
264,427,Scott McTominay,MUN,MID,6.8,0.0,0.0,0.0,1.08,0.0,0.86,0.0,0.0,0.0,1.1,0.0,0.0,0.0,0.77,0.94,0.0,0.0,0.89,0.0,0.96,0.0,0.0,0.97,7.569999999999999
265,225,Séamus Coleman,EVE,DEF,7.5,0.0,1.56,0.0,0.0,0.0,0.0,1.39,0.0,0.0,1.76,0.0,0.0,1.59,0.0,1.2,0.0,0.0,1.3,0.0,1.8,0.0,0.0,1.7,12.3
266,1113,Emerson,TOT,DEF,7.9,0.0,0.0,1.51,0.0,0.0,1.66,0.0,0.0,0.0,1.82,0.0,0.0,1.73,0.0,2.02,0.0,0.0,0.0,1.27,1.54,0.0,0.0,1.92,13.47
267,10,Rob Holding,ARS,DEF,7.0,0.0,0.58,0.0,0.0,0.0,0.0,0.0,0.5,0.0,0.56,0.0,0.0,0.0,0.52,0.53,0.0,0.0,0.0,0.54,0.53,0.0,0.0,0.46,4.220000000000001
268,3209,Felipe,FOR,DEF,6.7,0.0,0.83,0.0,0.0,1.51,0.0,0.0,0.0,0.0,0.96,0.0,0.0,1.13,0.0,0.0,0.0,1.45,0.63,0.0,0.0,1.27,0.0,1.24,9.02
269,3184,Danilo,FOR,MID,7.0,0.0,0.64,0.0,0.0,0.84,0.0,0.0,0.0,0.0,0.67,0.0,0.0,0.67,0.0,0.0,0.0,0.81,0.58,0.0,0.0,0.75,0.0,0.67,5.63
270,1404,Sergio Gómez,MCI,DEF,7.5,0.41,0.0,0.0,0.0,0.0,0.37,0.0,0.0,0.0,0.0,0.42,0.0,0.43,0.0,0.4,0.0,0.0,0.46,0.0,0.41,0.0,0.0,0.36,3.26
271,3405,Pelly Ruddock Mpanzu,LUT,MID,6.7,0.0,1.68,0.0,0.0,0.0,0.0,0.0,0.0,1.73,0.0,0.0,1.82,0.0,0.0,1.73,0.0,0.0,1.81,0.0,1.74,0.0,0.0,1.78,12.290000000000001
272,875,Mads Roerslev,BRE,DEF,6.8,0.0,0.0,0.94,0.0,0.0,0.93,0.0,0.0,0.0,1.02,0.0,0.0,1.07,0.0,0.0,0.78,0.0,1.04,0.0,0.0,0.99,0.0,0.82,7.590000000000001
273,458,Sean Longstaff,NEW,MID,7.2,0.0,2.86,0.0,0.0,0.0,2.27,0.0,0.0,0.0,0.0,2.83,0.0,2.57,0.0,0.0,2.92,0.0,0.0,2.81,3.1,0.0,0.0,2.72,22.08
274,471,Wes Foderingham,SHU,GK,6.4,0.0,4.74,0.0,0.0,4.08,0.0,0.0,0.0,0.0,0.0,3.34,0.0,4.81,0.0,3.65,0.0,0.0,0.0,3.89,3.88,0.0,0.0,3.66,32.05
275,3187,Noni Madueke,CHE,MID,7.9,0.0,0.0,0.54,0.0,0.0,0.0,0.55,0.0,0.64,0.0,0.0,0.0,0.66,0.0,0.0,0.59,0.0,0.55,0.0,0.0,0.0,0.55,0.55,4.63
276,44,Matt Targett,NEW,DEF,7.5,0.0,0.54,0.0,0.0,0.0,0.42,0.0,0.0,0.0,0.0,0.51,0.0,0.46,0.0,0.0,0.54,0.0,0.0,0.53,0.57,0.0,0.0,0.51,4.08
277,23,Pierre-Emerick Aubameyang,CHE,FOR,8.0,0.0,0.0,0.57,0.0,0.0,0.0,0.57,0.0,0.68,0.0,0.0,0.0,0.71,0.0,0.0,0.63,0.0,0.57,0.0,0.0,0.0,0.57,0.58,4.88
278,1386,Gianluca Scamacca,WHU,FOR,7.8,0.0,0.94,0.0,0.0,0.0,0.0,0.91,0.0,0.0,0.77,0.0,0.89,0.0,0.0,0.7,0.0,0.0,0.0,0.75,1.07,0.0,0.0,0.81,6.84
279,492,Chris Basham,SHU,DEF,6.7,0.0,1.5,0.0,0.0,1.28,0.0,0.0,0.0,0.0,0.0,1.01,0.0,1.56,0.0,0.96,0.0,0.0,0.0,1.22,1.16,0.0,0.0,1.14,9.83
280,206,James Tomkins,CRY,DEF,6.5,0.0,0.78,0.0,0.0,0.0,0.0,0.0,0.66,0.0,0.7,0.0,0.0,0.0,0.82,0.7,0.0,0.0,0.77,0.0,0.66,0.0,0.0,0.82,5.91
281,3376,Benson Manuel,BUR,MID,7.0,0.93,0.0,0.0,0.0,0.0,0.0,0.0,0.0,0.0,0.0,1.16,0.0,1.29,0.0,0.0,0.0,1.1,1.19,0.0,0.87,0.0,0.0,1.2,7.74
282,404,James Garner,EVE,MID,6.5,0.0,0.52,0.0,0.0,0.0,0.0,0.45,0.0,0.0,0.53,0.0,0.0,0.51,0.0,0.46,0.0,0.0,0.46,0.0,0.55,0.0,0.0,0.55,4.029999999999999
283,372,Joël Matip,LIV,DEF,8.0,0.0,0.0,0.98,0.0,0.0,1.2,0.0,0.0,0.0,0.0,0.86,0.0,0.0,1.07,1.11,0.0,0.0,0.0,1.15,0.94,0.0,0.0,0.89,8.2
284,344,Kostas Tsimikas,LIV,DEF,7.2,0.0,0.0,0.66,0.0,0.0,0.8,0.0,0.0,0.0,0.0,0.59,0.0,0.0,0.71,0.73,0.0,0.0,0.0,0.75,0.65,0.0,0.0,0.61,5.500000000000001
285,186,Jeffrey Schlupp,CRY,MID,7.2,0.0,2.76,0.0,0.0,0.0,0.0,0.0,2.58,0.0,2.51,0.0,0.0,0.0,2.82,2.57,0.0,0.0,2.8,0.0,2.61,0.0,0.0,2.79,21.439999999999998
286,1282,Tyrell Malacia,MUN,DEF,7.7,0.0,0.0,0.0,1.4,0.0,1.01,0.0,0.0,0.0,1.36,0.0,0.0,0.0,0.88,1.13,0.0,0.0,1.19,0.0,1.36,0.0,0.0,1.22,9.55
287,2414,Anass Zaroury,BUR,MID,7.0,2.07,0.0,0.0,0.0,0.0,0.0,0.0,0.0,0.0,0.0,2.35,0.0,2.5,0.0,0.0,0.0,2.27,2.39,0.0,2.0,0.0,0.0,2.39,15.97
288,3417,Sai Sachdev,SHU,DEF,6.5,0.0,0.72,0.0,0.0,0.65,0.0,0.0,0.0,0.0,0.0,0.54,0.0,0.73,0.0,0.52,0.0,0.0,0.0,0.62,0.6,0.0,0.0,0.59,4.97
289,683,Arijanet Muric,BUR,GK,6.5,3.34,0.0,0.0,0.0,0.0,0.0,0.0,0.0,0.0,0.0,4.43,0.0,4.08,0.0,0.0,0.0,4.12,4.24,0.0,3.58,0.0,0.0,4.56,28.349999999999998
290,1692,Benoît Badiashile,CHE,DEF,8.4,0.0,0.0,0.75,0.0,0.0,0.0,0.81,0.0,0.95,0.0,0.0,0.0,0.93,0.0,0.0,0.86,0.0,0.84,0.0,0.0,0.0,0.81,0.85,6.799999999999999
291,1168,Vitaliy Mykolenko,EVE,DEF,7.6,0.0,3.05,0.0,0.0,0.0,0.0,2.7,0.0,0.0,3.56,0.0,0.0,3.13,0.0,2.28,0.0,0.0,2.45,0.0,3.71,0.0,0.0,3.43,24.310000000000002
292,450,Paul Dummett,NEW,DEF,6.5,0.0,0.81,0.0,0.0,0.0,0.6,0.0,0.0,0.0,0.0,0.76,0.0,0.68,0.0,0.0,0.81,0.0,0.0,0.8,0.87,0.0,0.0,0.76,6.09
293,297,Kalvin Phillips,MCI,MID,7.1,0.18,0.0,0.0,0.0,0.0,0.17,0.0,0.0,0.0,0.0,0.19,0.0,0.19,0.0,0.18,0.0,0.0,0.2,0.0,0.18,0.0,0.0,0.16,1.4499999999999997
294,475,Jack Robinson,SHU,DEF,6.7,0.0,2.52,0.0,0.0,2.11,0.0,0.0,0.0,0.0,0.0,1.67,0.0,2.51,0.0,1.57,0.0,0.0,0.0,2.01,1.9,0.0,0.0,1.88,16.169999999999998
295,727,Nathaniel Clyne,CRY,DEF,7.1,0.0,1.63,0.0,0.0,0.0,0.0,0.0,1.3,0.0,1.41,0.0,0.0,0.0,1.74,1.47,0.0,0.0,1.59,0.0,1.31,0.0,0.0,1.69,12.14
296,1245,Ryan Christie,BOU,MID,6.7,0.0,2.26,0.0,0.0,0.0,1.94,0.0,0.0,0.0,2.22,0.0,0.0,1.99,0.0,0.0,2.14,0.0,0.0,1.96,2.07,0.0,0.0,2.13,16.71
297,3406,Alfie Doughty,LUT,DEF,6.9,0.0,2.24,0.0,0.0,0.0,0.0,0.0,0.0,2.81,0.0,0.0,3.36,0.0,0.0,2.83,0.0,0.0,3.66,0.0,2.9,0.0,0.0,2.92,20.72
298,9,Emile Smith Rowe,ARS,MID,7.9,0.0,0.0,0.0,0.0,0.0,0.0,0.0,0.0,0.0,0.0,0.0,0.0,0.0,0.0,0.0,0.0,0.0,0.0,0.0,0.0,0.0,0.0,0.0,0.0
299,529,Dele Alli,EVE,MID,7.4,0.0,0.63,0.0,0.0,0.0,0.0,0.54,0.0,0.0,0.65,0.0,0.0,0.61,0.0,0.56,0.0,0.0,0.56,0.0,0.66,0.0,0.0,0.69,4.9
300,101,Neal Maupay,EVE,FOR,7.3,0.0,1.26,0.0,0.0,0.0,0.0,0.98,0.0,0.0,1.31,0.0,0.0,1.16,0.0,1.06,0.0,0.0,1.04,0.0,1.28,0.0,0.0,1.41,9.5
301,3399,Joseph Taylor,LUT,FOR,6.5,0.0,0.58,0.0,0.0,0.0,0.0,0.0,0.0,0.58,0.0,0.0,0.71,0.0,0.0,0.63,0.0,0.0,0.74,0.0,0.67,0.0,0.0,0.69,4.6
302,3401,Jordan Clark,LUT,MID,6.8,0.0,2.52,0.0,0.0,0.0,0.0,0.0,0.0,2.65,0.0,0.0,2.96,0.0,0.0,2.67,0.0,0.0,2.94,0.0,2.7,0.0,0.0,2.86,19.299999999999997
303,213,Ellis Simms,EVE,FOR,6.5,0.0,0.21,0.0,0.0,0.0,0.0,0.17,0.0,0.0,0.22,0.0,0.0,0.21,0.0,0.18,0.0,0.0,0.18,0.0,0.23,0.0,0.0,0.23,1.63
304,367,Harry Wilson,FUL,MID,7.4,0.0,1.06,0.0,0.0,0.0,1.0,0.0,0.0,0.0,0.88,0.0,0.0,0.76,0.0,1.13,0.0,0.0,0.92,0.0,0.0,0.0,0.98,1.13,7.86
305,1046,Trevoh Chalobah,CHE,DEF,7.9,0.0,0.0,1.34,0.0,0.0,0.0,1.62,0.0,1.89,0.0,0.0,0.0,2.12,0.0,0.0,1.67,0.0,1.61,0.0,0.0,0.0,1.48,1.57,13.3
306,1441,Idrissa Gana Gueye,EVE,MID,7.4,0.0,2.56,0.0,0.0,0.0,0.0,2.56,0.0,0.0,2.48,0.0,0.0,2.51,0.0,2.49,0.0,0.0,2.3,0.0,2.89,0.0,0.0,2.85,20.64
307,1109,Takehiro Tomiyasu,ARS,DEF,7.5,0.0,0.64,0.0,0.0,0.0,0.0,0.0,0.55,0.0,0.61,0.0,0.0,0.0,0.57,0.57,0.0,0.0,0.0,0.58,0.58,0.0,0.0,0.49,4.59
308,593,Josh Cullen,BUR,MID,7.0,2.97,0.0,0.0,0.0,0.0,0.0,0.0,0.0,0.0,0.0,3.74,0.0,4.21,0.0,0.0,0.0,3.2,3.89,0.0,2.37,0.0,0.0,3.59,23.970000000000002
309,1174,Philippe Coutinho,AVL,MID,7.7,0.0,0.52,0.0,0.0,0.0,0.0,0.75,0.0,0.0,0.0,0.61,0.0,0.0,0.54,0.65,0.0,0.0,0.56,0.0,0.64,0.0,0.0,0.62,4.89
310,1319,Moussa Niakhate,FOR,DEF,6.6,0.0,0.6,0.0,0.0,1.03,0.0,0.0,0.0,0.0,0.68,0.0,0.0,0.8,0.0,0.0,0.0,1.01,0.5,0.0,0.0,0.9,0.0,0.88,6.4
311,1407,Thilo Kehrer,WHU,DEF,7.4,0.0,3.26,0.0,0.0,0.0,0.0,3.36,0.0,0.0,2.37,0.0,3.52,0.0,0.0,2.39,0.0,0.0,0.0,2.23,3.78,0.0,0.0,2.86,23.77
312,1256,Jan Paul van Hecke,BHA,DEF,6.7,0.0,0.87,0.0,0.0,0.0,0.81,0.0,0.0,0.0,0.82,0.0,0.0,0.7,0.0,0.68,0.0,0.0,0.0,0.86,0.72,0.0,0.0,0.7,6.16
313,1047,Armando Broja,CHE,FOR,7.4,0.0,0.0,0.27,0.0,0.0,0.0,0.27,0.0,0.33,0.0,0.0,0.0,0.33,0.0,0.0,0.3,0.0,0.27,0.0,0.0,0.0,0.27,0.28,2.3200000000000003
314,1192,Toti Gomes,WOL,DEF,6.9,0.0,0.0,0.0,0.57,0.0,0.65,0.0,0.0,0.0,0.71,0.0,0.0,0.0,0.7,0.61,0.0,0.0,0.77,0.0,0.53,0.0,0.0,0.73,5.27
315,1434,Divin Mubama,WHU,FOR,6.5,0.0,0.83,0.0,0.0,0.0,0.0,0.81,0.0,0.0,0.69,0.0,0.79,0.0,0.0,0.62,0.0,0.0,0.0,0.67,0.94,0.0,0.0,0.72,6.069999999999999
316,880,Vitaly Janelt,BRE,MID,7.3,0.0,0.0,2.07,0.0,0.0,2.01,0.0,0.0,0.0,2.08,0.0,0.0,2.21,0.0,0.0,1.94,0.0,2.12,0.0,0.0,2.01,0.0,1.98,16.419999999999998
317,1237,David Brooks,BOU,MID,6.7,0.0,0.71,0.0,0.0,0.0,0.56,0.0,0.0,0.0,0.69,0.0,0.0,0.59,0.0,0.0,0.65,0.0,0.0,0.57,0.62,0.0,0.0,0.66,5.05
318,1346,Stefan Bajcetic,LIV,MID,7.0,0.0,0.0,0.35,0.0,0.0,0.45,0.0,0.0,0.0,0.0,0.33,0.0,0.0,0.38,0.39,0.0,0.0,0.0,0.42,0.37,0.0,0.0,0.35,3.0400000000000005
319,530,Davinson Sánchez,TOT,DEF,7.6,0.0,0.0,0.69,0.0,0.0,0.74,0.0,0.0,0.0,0.78,0.0,0.0,0.77,0.0,0.87,0.0,0.0,0.0,0.6,0.69,0.0,0.0,0.8,5.94
320,3420,Andre Brooks,SHU,MID,6.5,0.0,0.46,0.0,0.0,0.45,0.0,0.0,0.0,0.0,0.0,0.4,0.0,0.51,0.0,0.42,0.0,0.0,0.0,0.43,0.43,0.0,0.0,0.43,3.5300000000000007
321,436,Fred,MUN,MID,7.4,0.0,0.0,0.0,1.1,0.0,0.92,0.0,0.0,0.0,1.11,0.0,0.0,0.0,0.84,0.99,0.0,0.0,0.93,0.0,1.03,0.0,0.0,0.99,7.91
322,718,Ben Godfrey,EVE,DEF,7.1,0.0,0.72,0.0,0.0,0.0,0.0,0.63,0.0,0.0,0.77,0.0,0.0,0.72,0.0,0.59,0.0,0.0,0.62,0.0,0.79,0.0,0.0,0.77,5.609999999999999
323,117,Jóhann Berg Guðmundsson,BUR,MID,7.0,1.3,0.0,0.0,0.0,0.0,0.0,0.0,0.0,0.0,0.0,1.56,0.0,1.71,0.0,0.0,0.0,1.48,1.59,0.0,1.24,0.0,0.0,1.61,10.49
324,188,Wayne Hennessey,FOR,GK,6.0,0.0,0.73,0.0,0.0,0.85,0.0,0.0,0.0,0.0,0.82,0.0,0.0,0.82,0.0,0.0,0.0,0.84,0.67,0.0,0.0,0.81,0.0,0.81,6.35
325,3408,James Shea,LUT,GK,6.2,0.0,0.74,0.0,0.0,0.0,0.0,0.0,0.0,0.77,0.0,0.0,0.81,0.0,0.0,0.76,0.0,0.0,0.85,0.0,0.79,0.0,0.0,0.76,5.48
326,441,Javier Manquillo,NEW,DEF,6.5,0.0,0.81,0.0,0.0,0.0,0.59,0.0,0.0,0.0,0.0,0.76,0.0,0.68,0.0,0.0,0.81,0.0,0.0,0.8,0.87,0.0,0.0,0.76,6.08
327,3407,Aribim Pepple,LUT,FOR,6.5,0.0,0.59,0.0,0.0,0.0,0.0,0.0,0.0,0.59,0.0,0.0,0.73,0.0,0.0,0.64,0.0,0.0,0.75,0.0,0.68,0.0,0.0,0.7,4.68
328,1284,Scott McKenna,FOR,DEF,6.6,0.0,0.78,0.0,0.0,1.48,0.0,0.0,0.0,0.0,0.9,0.0,0.0,1.07,0.0,0.0,0.0,1.44,0.62,0.0,0.0,1.25,0.0,1.2,8.74
329,711,Elliot Anderson,NEW,MID,6.5,0.0,0.34,0.0,0.0,0.0,0.25,0.0,0.0,0.0,0.0,0.34,0.0,0.3,0.0,0.0,0.36,0.0,0.0,0.34,0.39,0.0,0.0,0.32,2.64
330,1438,Sasa Kalajdzic,WOL,FOR,6.7,0.0,0.0,0.0,0.63,0.0,0.71,0.0,0.0,0.0,0.73,0.0,0.0,0.0,0.63,0.69,0.0,0.0,0.72,0.0,0.57,0.0,0.0,0.7,5.38
331,484,Oliver Norwood,SHU,MID,7.0,0.0,3.78,0.0,0.0,2.77,0.0,0.0,0.0,0.0,0.0,2.73,0.0,3.52,0.0,3.13,0.0,0.0,0.0,3.38,3.3,0.0,0.0,3.14,25.75
332,3371,Dan Sassi,BUR,DEF,6.5,0.57,0.0,0.0,0.0,0.0,0.0,0.0,0.0,0.0,0.0,0.71,0.0,0.68,0.0,0.0,0.0,0.67,0.67,0.0,0.51,0.0,0.0,0.7,4.51
333,1934,Jakub Kiwior,ARS,DEF,7.6,0.0,0.81,0.0,0.0,0.0,0.0,0.0,0.72,0.0,0.77,0.0,0.0,0.0,0.72,0.73,0.0,0.0,0.0,0.74,0.75,0.0,0.0,0.64,5.879999999999999
334,3385,Fred Onyedinma,LUT,MID,6.6,0.0,0.27,0.0,0.0,0.0,0.0,0.0,0.0,0.28,0.0,0.0,0.31,0.0,0.0,0.29,0.0,0.0,0.31,0.0,0.3,0.0,0.0,0.3,2.06
335,3402,Gabriel Osho,LUT,DEF,6.9,0.0,1.54,0.0,0.0,0.0,0.0,0.0,0.0,1.9,0.0,0.0,2.3,0.0,0.0,1.97,0.0,0.0,2.57,0.0,2.06,0.0,0.0,2.01,14.35
336,594,Pablo Fornals,WHU,MID,7.4,0.0,1.62,0.0,0.0,0.0,0.0,1.58,0.0,0.0,1.38,0.0,1.58,0.0,0.0,1.27,0.0,0.0,0.0,1.35,1.8,0.0,0.0,1.43,12.01
337,553,Ryan Sessegnon,TOT,DEF,7.2,0.0,0.0,0.72,0.0,0.0,0.78,0.0,0.0,0.0,0.83,0.0,0.0,0.8,0.0,0.93,0.0,0.0,0.0,0.62,0.73,0.0,0.0,0.84,6.25
338,1242,Chris Mepham,BOU,DEF,6.7,0.0,3.43,0.0,0.0,0.0,1.88,0.0,0.0,0.0,2.74,0.0,0.0,2.38,0.0,0.0,3.05,0.0,0.0,2.0,2.36,0.0,0.0,2.72,20.56
339,624,Pedro Neto,WOL,MID,7.6,0.0,0.0,0.0,0.56,0.0,0.6,0.0,0.0,0.0,0.62,0.0,0.0,0.0,0.56,0.59,0.0,0.0,0.62,0.0,0.52,0.0,0.0,0.6,4.67
340,670,Jayden Bogle,SHU,DEF,6.7,0.0,1.06,0.0,0.0,0.92,0.0,0.0,0.0,0.0,0.0,0.71,0.0,1.12,0.0,0.69,0.0,0.0,0.0,0.87,0.83,0.0,0.0,0.82,7.0200000000000005
341,664,Jamal Lewis,NEW,DEF,6.5,0.0,1.56,0.0,0.0,0.0,0.93,0.0,0.0,0.0,0.0,1.5,0.0,1.21,0.0,0.0,1.65,0.0,0.0,1.5,1.81,0.0,0.0,1.41,11.57
342,1050,CJ Egan-Riley,BUR,DEF,6.5,0.55,0.0,0.0,0.0,0.0,0.0,0.0,0.0,0.0,0.0,0.7,0.0,0.68,0.0,0.0,0.0,0.67,0.66,0.0,0.49,0.0,0.0,0.7,4.45
343,958,Will Hughes,CRY,MID,6.6,0.0,0.47,0.0,0.0,0.0,0.0,0.0,0.43,0.0,0.43,0.0,0.0,0.0,0.48,0.43,0.0,0.0,0.47,0.0,0.43,0.0,0.0,0.49,3.63
344,812,Hugo Bueno,WOL,DEF,7.0,0.0,0.0,0.0,0.81,0.0,0.91,0.0,0.0,0.0,1.0,0.0,0.0,0.0,1.01,0.86,0.0,0.0,1.1,0.0,0.76,0.0,0.0,1.05,7.500000000000001
345,1450,Boubacar Traoré,WOL,MID,6.7,0.0,0.0,0.0,0.54,0.0,0.59,0.0,0.0,0.0,0.61,0.0,0.0,0.0,0.54,0.57,0.0,0.0,0.61,0.0,0.49,0.0,0.0,0.58,4.529999999999999
346,936,Emmanuel Dennis,FOR,FOR,7.1,0.0,0.47,0.0,0.0,0.65,0.0,0.0,0.0,0.0,0.49,0.0,0.0,0.49,0.0,0.0,0.0,0.63,0.41,0.0,0.0,0.58,0.0,0.49,4.21
347,507,Fraser Forster,TOT,GK,6.5,0.0,0.0,1.36,0.0,0.0,1.44,0.0,0.0,0.0,1.42,0.0,0.0,1.36,0.0,1.42,0.0,0.0,0.0,1.31,1.28,0.0,0.0,1.36,10.95
348,724,Rayan Aït Nouri,WOL,DEF,7.2,0.0,0.0,0.0,0.64,0.0,0.72,0.0,0.0,0.0,0.78,0.0,0.0,0.0,0.78,0.68,0.0,0.0,0.86,0.0,0.59,0.0,0.0,0.81,5.859999999999999
349,98,Adam Lallana,BHA,MID,6.8,0.0,0.91,0.0,0.0,0.0,0.81,0.0,0.0,0.0,0.88,0.0,0.0,0.7,0.0,0.7,0.0,0.0,0.0,0.98,0.68,0.0,0.0,0.76,6.42
350,129,Chris Wood,FOR,FOR,7.2,0.0,0.59,0.0,0.0,0.82,0.0,0.0,0.0,0.0,0.62,0.0,0.0,0.62,0.0,0.0,0.0,0.78,0.51,0.0,0.0,0.72,0.0,0.61,5.27
351,547,Alfie Devine,TOT,MID,6.5,0.0,0.0,0.55,0.0,0.0,0.6,0.0,0.0,0.0,0.62,0.0,0.0,0.58,0.0,0.68,0.0,0.0,0.0,0.52,0.58,0.0,0.0,0.61,4.74
352,3398,Cauley Woodrow,LUT,FOR,6.6,0.0,0.4,0.0,0.0,0.0,0.0,0.0,0.0,0.4,0.0,0.0,0.5,0.0,0.0,0.44,0.0,0.0,0.52,0.0,0.46,0.0,0.0,0.49,3.21
353,694,Bertrand Traoré,AVL,MID,6.6,0.0,0.58,0.0,0.0,0.0,0.0,0.9,0.0,0.0,0.0,0.71,0.0,0.0,0.62,0.76,0.0,0.0,0.64,0.0,0.76,0.0,0.0,0.72,5.6899999999999995
354,3207,João Gomes,WOL,MID,6.9,0.0,0.0,0.0,0.29,0.0,0.3,0.0,0.0,0.0,0.31,0.0,0.0,0.0,0.29,0.3,0.0,0.0,0.32,0.0,0.27,0.0,0.0,0.3,2.38
355,1105,Hwang Hee-chan,WOL,MID,7.3,0.0,0.0,0.0,0.96,0.0,1.06,0.0,0.0,0.0,1.1,0.0,0.0,0.0,0.96,1.04,0.0,0.0,1.09,0.0,0.86,0.0,0.0,1.05,8.120000000000001
356,3387,Reece Burke,LUT,DEF,6.6,0.0,0.57,0.0,0.0,0.0,0.0,0.0,0.0,0.7,0.0,0.0,0.82,0.0,0.0,0.72,0.0,0.0,0.9,0.0,0.75,0.0,0.0,0.73,5.1899999999999995
357,3404,Dan Potts,LUT,DEF,6.6,0.0,0.89,0.0,0.0,0.0,0.0,0.0,0.0,1.12,0.0,0.0,1.38,0.0,0.0,1.18,0.0,0.0,1.55,0.0,1.24,0.0,0.0,1.21,8.57
358,3213,Hamed Junior Traorè,BOU,MID,6.5,0.0,0.71,0.0,0.0,0.0,0.56,0.0,0.0,0.0,0.69,0.0,0.0,0.59,0.0,0.0,0.65,0.0,0.0,0.57,0.62,0.0,0.0,0.65,5.04
359,2319,Ben Doak,LIV,FOR,6.5,0.0,0.0,0.81,0.0,0.0,1.14,0.0,0.0,0.0,0.0,0.72,0.0,0.0,0.89,0.93,0.0,0.0,0.0,1.03,0.87,0.0,0.0,0.8,7.19
360,452,Martin Dúbravka,NEW,GK,6.3,0.0,0.89,0.0,0.0,0.0,0.8,0.0,0.0,0.0,0.0,0.85,0.0,0.92,0.0,0.0,0.89,0.0,0.0,0.88,0.91,0.0,0.0,0.88,7.02
361,1307,Ryan Yates,FOR,MID,6.8,0.0,1.39,0.0,0.0,1.61,0.0,0.0,0.0,0.0,1.44,0.0,0.0,1.46,0.0,0.0,0.0,1.56,1.28,0.0,0.0,1.49,0.0,1.46,11.689999999999998
362,878,Shandon Baptiste,BRE,MID,6.5,0.0,0.0,0.39,0.0,0.0,0.36,0.0,0.0,0.0,0.37,0.0,0.0,0.43,0.0,0.0,0.32,0.0,0.42,0.0,0.0,0.38,0.0,0.34,3.01
363,3162,David Datro Fofana,CHE,FOR,6.9,0.0,0.0,0.81,0.0,0.0,0.0,0.82,0.0,0.96,0.0,0.0,0.0,1.0,0.0,0.0,0.9,0.0,0.81,0.0,0.0,0.0,0.81,0.81,6.920000000000002
364,3400,Admiral Muskwe,LUT,FOR,6.5,0.0,0.57,0.0,0.0,0.0,0.0,0.0,0.0,0.57,0.0,0.0,0.69,0.0,0.0,0.61,0.0,0.0,0.72,0.0,0.65,0.0,0.0,0.67,4.48
365,3366,Lyle Foster,BUR,FOR,6.6,0.21,0.0,0.0,0.0,0.0,0.0,0.0,0.0,0.0,0.0,0.25,0.0,0.28,0.0,0.0,0.0,0.24,0.26,0.0,0.19,0.0,0.0,0.26,1.69
366,421,Brandon Williams,MUN,DEF,6.6,0.0,0.0,0.0,0.85,0.0,0.67,0.0,0.0,0.0,0.85,0.0,0.0,0.0,0.61,0.73,0.0,0.0,0.76,0.0,0.8,0.0,0.0,0.78,6.05
367,26,Reiss Nelson,ARS,MID,6.8,0.0,0.29,0.0,0.0,0.0,0.0,0.0,0.2,0.0,0.27,0.0,0.0,0.0,0.24,0.24,0.0,0.0,0.0,0.26,0.24,0.0,0.0,0.18,1.92
368,3367,Ameen Al-Dakhil,BUR,DEF,6.6,0.58,0.0,0.0,0.0,0.0,0.0,0.0,0.0,0.0,0.0,0.72,0.0,0.69,0.0,0.0,0.0,0.68,0.68,0.0,0.51,0.0,0.0,0.71,4.57
369,634,Willy Boly,FOR,DEF,6.8,0.0,0.4,0.0,0.0,0.6,0.0,0.0,0.0,0.0,0.44,0.0,0.0,0.49,0.0,0.0,0.0,0.59,0.35,0.0,0.0,0.54,0.0,0.52,3.93
370,3186,Dango Ouattara,BOU,MID,6.8,0.0,1.47,0.0,0.0,0.0,1.13,0.0,0.0,0.0,1.42,0.0,0.0,1.17,0.0,0.0,1.35,0.0,0.0,1.15,1.26,0.0,0.0,1.33,10.28
371,1344,Bobby Clark,LIV,FOR,6.5,0.0,0.0,0.61,0.0,0.0,0.8,0.0,0.0,0.0,0.0,0.56,0.0,0.0,0.66,0.68,0.0,0.0,0.0,0.73,0.64,0.0,0.0,0.61,5.290000000000001
372,682,Thiago Alcántara,LIV,MID,7.7,0.0,0.0,0.92,0.0,0.0,1.13,0.0,0.0,0.0,0.0,0.85,0.0,0.0,0.96,0.97,0.0,0.0,0.0,1.06,0.94,0.0,0.0,0.9,7.73
373,3372,Scott Twine,BUR,MID,6.6,0.33,0.0,0.0,0.0,0.0,0.0,0.0,0.0,0.0,0.0,0.42,0.0,0.46,0.0,0.0,0.0,0.4,0.43,0.0,0.31,0.0,0.0,0.43,2.7800000000000002
374,3151,Facundo Buonanotte,BHA,MID,7.0,0.0,0.62,0.0,0.0,0.0,0.54,0.0,0.0,0.0,0.59,0.0,0.0,0.47,0.0,0.48,0.0,0.0,0.0,0.64,0.46,0.0,0.0,0.51,4.31
375,156,Christian Pulisic,CHE,MID,7.6,0.0,0.0,0.78,0.0,0.0,0.0,0.79,0.0,0.93,0.0,0.0,0.0,0.95,0.0,0.0,0.86,0.0,0.79,0.0,0.0,0.0,0.79,0.79,6.680000000000001
376,1378,Harry Toffolo,FOR,DEF,6.6,0.0,0.5,0.0,0.0,0.82,0.0,0.0,0.0,0.0,0.56,0.0,0.0,0.64,0.0,0.0,0.0,0.81,0.41,0.0,0.0,0.73,0.0,0.69,5.16
377,488,John Fleck,SHU,MID,6.8,0.0,0.49,0.0,0.0,0.48,0.0,0.0,0.0,0.0,0.0,0.43,0.0,0.53,0.0,0.45,0.0,0.0,0.0,0.46,0.46,0.0,0.0,0.46,3.76
378,265,Tom Cairney,FUL,MID,6.7,0.0,0.88,0.0,0.0,0.0,0.83,0.0,0.0,0.0,0.73,0.0,0.0,0.64,0.0,0.94,0.0,0.0,0.77,0.0,0.0,0.0,0.82,0.94,6.549999999999999
379,155,Hakim Ziyech,CHE,MID,7.5,0.0,0.0,0.59,0.0,0.0,0.0,0.6,0.0,0.72,0.0,0.0,0.0,0.74,0.0,0.0,0.66,0.0,0.6,0.0,0.0,0.0,0.6,0.61,5.12
380,1225,Joe Rothwell,BOU,MID,6.5,0.0,0.56,0.0,0.0,0.0,0.51,0.0,0.0,0.0,0.56,0.0,0.0,0.52,0.0,0.0,0.55,0.0,0.0,0.52,0.53,0.0,0.0,0.55,4.3
381,1028,Frank Onyeka,BRE,MID,6.5,0.0,0.0,0.65,0.0,0.0,0.6,0.0,0.0,0.0,0.62,0.0,0.0,0.71,0.0,0.0,0.53,0.0,0.7,0.0,0.0,0.63,0.0,0.57,5.010000000000001
382,2077,Pablo Sarabia,WOL,MID,6.8,0.0,0.0,0.0,0.59,0.0,0.66,0.0,0.0,0.0,0.68,0.0,0.0,0.0,0.59,0.64,0.0,0.0,0.68,0.0,0.52,0.0,0.0,0.65,5.010000000000001
383,255,Mario Lemina,WOL,MID,7.0,0.0,0.0,0.0,0.71,0.0,0.72,0.0,0.0,0.0,0.71,0.0,0.0,0.0,0.73,0.72,0.0,0.0,0.77,0.0,0.64,0.0,0.0,0.73,5.729999999999999
384,668,Max Lowe,SHU,DEF,6.7,0.0,2.16,0.0,0.0,1.62,0.0,0.0,0.0,0.0,0.0,1.31,0.0,1.99,0.0,1.36,0.0,0.0,0.0,1.75,1.65,0.0,0.0,1.58,13.42
385,852,Daniel Jebbison,SHU,MID,6.5,0.0,0.45,0.0,0.0,0.41,0.0,0.0,0.0,0.0,0.0,0.34,0.0,0.55,0.0,0.37,0.0,0.0,0.0,0.4,0.38,0.0,0.0,0.38,3.28
386,984,Oliver Skipp,TOT,MID,6.9,0.0,0.0,0.7,0.0,0.0,0.73,0.0,0.0,0.0,0.75,0.0,0.0,0.71,0.0,0.75,0.0,0.0,0.0,0.69,0.72,0.0,0.0,0.76,5.81
387,103,Jack Cork,BUR,MID,6.7,1.57,0.0,0.0,0.0,0.0,0.0,0.0,0.0,0.0,0.0,1.75,0.0,1.8,0.0,0.0,0.0,1.7,1.77,0.0,1.6,0.0,0.0,1.79,11.98
388,33,Cédric Soares,ARS,DEF,7.2,0.0,0.87,0.0,0.0,0.0,0.0,0.0,0.76,0.0,0.83,0.0,0.0,0.0,0.77,0.78,0.0,0.0,0.0,0.79,0.8,0.0,0.0,0.67,6.27
389,1298,Sam Surridge,FOR,FOR,6.8,0.0,0.2,0.0,0.0,0.29,0.0,0.0,0.0,0.0,0.22,0.0,0.0,0.22,0.0,0.0,0.0,0.28,0.18,0.0,0.0,0.25,0.0,0.21,1.8499999999999999
390,597,Ben Johnson,WHU,DEF,7.2,0.0,0.71,0.0,0.0,0.0,0.0,0.72,0.0,0.0,0.57,0.0,0.74,0.0,0.0,0.57,0.0,0.0,0.0,0.54,0.78,0.0,0.0,0.65,5.28
391,1234,Jaidon Anthony,BOU,MID,7.0,0.0,1.07,0.0,0.0,0.0,0.87,0.0,0.0,0.0,1.04,0.0,0.0,0.9,0.0,0.0,0.99,0.0,0.0,0.88,0.95,0.0,0.0,0.98,7.68
392,360,Nathaniel Phillips,LIV,DEF,7.0,0.0,0.0,0.75,0.0,0.0,0.87,0.0,0.0,0.0,0.0,0.67,0.0,0.0,0.8,0.82,0.0,0.0,0.0,0.84,0.73,0.0,0.0,0.69,6.17
393,384,Scott Carson,MCI,GK,6.0,0.91,0.0,0.0,0.0,0.0,0.88,0.0,0.0,0.0,0.0,0.91,0.0,0.91,0.0,0.9,0.0,0.0,0.92,0.0,0.92,0.0,0.0,0.85,7.2
394,615,Ryan Fredericks,BOU,DEF,6.6,0.0,0.43,0.0,0.0,0.0,0.33,0.0,0.0,0.0,0.41,0.0,0.0,0.38,0.0,0.0,0.42,0.0,0.0,0.35,0.38,0.0,0.0,0.41,3.11
395,463,Jonjo Shelvey,FOR,MID,6.7,0.0,0.37,0.0,0.0,0.44,0.0,0.0,0.0,0.0,0.38,0.0,0.0,0.38,0.0,0.0,0.0,0.43,0.35,0.0,0.0,0.41,0.0,0.38,3.1399999999999997
396,671,Brandon Austin,TOT,GK,6.0,0.0,0.0,0.85,0.0,0.0,0.89,0.0,0.0,0.0,0.88,0.0,0.0,0.85,0.0,0.88,0.0,0.0,0.0,0.83,0.82,0.0,0.0,0.86,6.860000000000001
397,1308,Giulian Biancone,FOR,DEF,6.5,0.0,0.48,0.0,0.0,0.74,0.0,0.0,0.0,0.0,0.53,0.0,0.0,0.59,0.0,0.0,0.0,0.73,0.41,0.0,0.0,0.66,0.0,0.64,4.779999999999999
398,1,Calum Chambers,AVL,DEF,7.3,0.0,0.24,0.0,0.0,0.0,0.0,0.29,0.0,0.0,0.0,0.27,0.0,0.0,0.24,0.28,0.0,0.0,0.26,0.0,0.27,0.0,0.0,0.27,2.12
399,1126,Jeremy Sarmiento,BHA,MID,6.5,0.0,1.01,0.0,0.0,0.0,0.89,0.0,0.0,0.0,0.98,0.0,0.0,0.77,0.0,0.77,0.0,0.0,0.0,1.09,0.75,0.0,0.0,0.84,7.1
400,3378,Hjalmar Ekdal,BUR,DEF,6.6,0.58,0.0,0.0,0.0,0.0,0.0,0.0,0.0,0.0,0.0,0.73,0.0,0.7,0.0,0.0,0.0,0.69,0.69,0.0,0.52,0.0,0.0,0.73,4.64
401,3415,Ismaila Cheick Coulibaly,SHU,MID,6.6,0.0,0.43,0.0,0.0,0.41,0.0,0.0,0.0,0.0,0.0,0.38,0.0,0.47,0.0,0.39,0.0,0.0,0.0,0.4,0.4,0.0,0.0,0.4,3.28
402,3389,Luke Freeman,LUT,MID,6.6,0.0,0.56,0.0,0.0,0.0,0.0,0.0,0.0,0.56,0.0,0.0,0.69,0.0,0.0,0.61,0.0,0.0,0.72,0.0,0.65,0.0,0.0,0.67,4.46
403,3409,Allan Campbell,LUT,MID,6.7,0.0,2.19,0.0,0.0,0.0,0.0,0.0,0.0,2.29,0.0,0.0,2.44,0.0,0.0,2.27,0.0,0.0,2.41,0.0,2.27,0.0,0.0,2.37,16.24
404,728,Robin Olsen,AVL,GK,6.0,0.0,0.8,0.0,0.0,0.0,0.0,0.89,0.0,0.0,0.0,0.85,0.0,0.0,0.77,0.89,0.0,0.0,0.85,0.0,0.86,0.0,0.0,0.88,6.79
405,617,Leander Dendoncker,AVL,MID,6.7,0.0,0.33,0.0,0.0,0.0,0.0,0.39,0.0,0.0,0.0,0.36,0.0,0.0,0.34,0.37,0.0,0.0,0.34,0.0,0.36,0.0,0.0,0.36,2.8499999999999996
406,3418,Oliver Arblaster,SHU,MID,6.5,0.0,0.45,0.0,0.0,0.43,0.0,0.0,0.0,0.0,0.0,0.39,0.0,0.49,0.0,0.41,0.0,0.0,0.0,0.42,0.42,0.0,0.0,0.42,3.4299999999999997
407,214,Mason Holgate,EVE,DEF,7.2,0.0,0.77,0.0,0.0,0.0,0.0,0.67,0.0,0.0,0.83,0.0,0.0,0.77,0.0,0.63,0.0,0.0,0.66,0.0,0.84,0.0,0.0,0.82,5.99
408,828,Carney Chukwuemeka,CHE,MID,6.7,0.0,0.0,0.21,0.0,0.0,0.0,0.21,0.0,0.24,0.0,0.0,0.0,0.25,0.0,0.0,0.23,0.0,0.21,0.0,0.0,0.0,0.21,0.22,1.7799999999999998
409,1322,Flynn Downes,WHU,MID,6.6,0.0,0.42,0.0,0.0,0.0,0.0,0.41,0.0,0.0,0.38,0.0,0.41,0.0,0.0,0.36,0.0,0.0,0.0,0.37,0.44,0.0,0.0,0.38,3.17
410,861,William Osula,SHU,FOR,6.6,0.0,0.75,0.0,0.0,0.69,0.0,0.0,0.0,0.0,0.0,0.59,0.0,0.89,0.0,0.63,0.0,0.0,0.0,0.67,0.65,0.0,0.0,0.65,5.5200000000000005
411,690,Harrison Ashby,NEW,DEF,6.6,0.0,0.81,0.0,0.0,0.0,0.59,0.0,0.0,0.0,0.0,0.76,0.0,0.68,0.0,0.0,0.81,0.0,0.0,0.8,0.87,0.0,0.0,0.76,6.08
412,1401,Mikkel Damsgaard,BRE,MID,6.9,0.0,0.0,0.86,0.0,0.0,0.79,0.0,0.0,0.0,0.81,0.0,0.0,0.96,0.0,0.0,0.68,0.0,0.94,0.0,0.0,0.83,0.0,0.74,6.609999999999999
413,1278,Stefan Ortega,MCI,GK,6.6,0.91,0.0,0.0,0.0,0.0,0.89,0.0,0.0,0.0,0.0,0.91,0.0,0.91,0.0,0.9,0.0,0.0,0.93,0.0,0.92,0.0,0.0,0.86,7.23
414,1316,Pape Matar Sarr,TOT,MID,6.5,0.0,0.0,0.16,0.0,0.0,0.18,0.0,0.0,0.0,0.19,0.0,0.0,0.18,0.0,0.21,0.0,0.0,0.0,0.15,0.17,0.0,0.0,0.19,1.4299999999999997
415,3208,Illia Zabarnyi,BOU,DEF,6.6,0.0,0.69,0.0,0.0,0.0,0.47,0.0,0.0,0.0,0.63,0.0,0.0,0.58,0.0,0.0,0.66,0.0,0.0,0.51,0.58,0.0,0.0,0.64,4.76
416,453,Emil Krafth,NEW,DEF,6.7,0.0,0.81,0.0,0.0,0.0,0.59,0.0,0.0,0.0,0.0,0.76,0.0,0.68,0.0,0.0,0.81,0.0,0.0,0.8,0.87,0.0,0.0,0.76,6.08
417,133,Bailey Peacock-Farrell,BUR,GK,6.1,0.74,0.0,0.0,0.0,0.0,0.0,0.0,0.0,0.0,0.0,0.84,0.0,0.81,0.0,0.0,0.0,0.81,0.82,0.0,0.73,0.0,0.0,0.84,5.59
418,419,Donny van de Beek,MUN,MID,7.1,0.0,0.0,0.0,1.06,0.0,0.8,0.0,0.0,0.0,1.1,0.0,0.0,0.0,0.71,0.9,0.0,0.0,0.83,0.0,0.91,0.0,0.0,0.94,7.25
419,1165,Lewis Hall,CHE,MID,6.5,0.0,0.0,0.51,0.0,0.0,0.0,0.52,0.0,0.58,0.0,0.0,0.0,0.58,0.0,0.0,0.55,0.0,0.52,0.0,0.0,0.0,0.52,0.52,4.300000000000001
420,240,Neeskens Kebano,FUL,MID,6.6,0.0,0.73,0.0,0.0,0.0,0.69,0.0,0.0,0.0,0.6,0.0,0.0,0.52,0.0,0.79,0.0,0.0,0.63,0.0,0.0,0.0,0.68,0.79,5.43
421,199,Nathan Ferguson,CRY,MID,6.5,0.0,0.42,0.0,0.0,0.0,0.0,0.0,0.4,0.0,0.4,0.0,0.0,0.0,0.43,0.4,0.0,0.0,0.42,0.0,0.4,0.0,0.0,0.44,3.31
422,47,Tom Heaton,MUN,GK,6.1,0.0,0.0,0.0,0.9,0.0,0.81,0.0,0.0,0.0,0.89,0.0,0.0,0.0,0.78,0.86,0.0,0.0,0.85,0.0,0.88,0.0,0.0,0.86,6.83
423,3394,Luke Berry,LUT,MID,6.6,0.0,0.28,0.0,0.0,0.0,0.0,0.0,0.0,0.28,0.0,0.0,0.33,0.0,0.0,0.3,0.0,0.0,0.34,0.0,0.31,0.0,0.0,0.32,2.16
424,1302,Harry Arter,FOR,MID,6.5,0.0,0.43,0.0,0.0,0.55,0.0,0.0,0.0,0.0,0.45,0.0,0.0,0.45,0.0,0.0,0.0,0.53,0.39,0.0,0.0,0.5,0.0,0.45,3.7500000000000004
425,628,Jonny Castro,WOL,DEF,7.3,0.0,0.0,0.0,0.8,0.0,0.9,0.0,0.0,0.0,0.98,0.0,0.0,0.0,0.99,0.85,0.0,0.0,1.09,0.0,0.74,0.0,0.0,1.03,7.38
426,1387,Chris Richards,CRY,DEF,7.0,0.0,0.79,0.0,0.0,0.0,0.0,0.0,0.68,0.0,0.71,0.0,0.0,0.0,0.82,0.72,0.0,0.0,0.78,0.0,0.68,0.0,0.0,0.83,6.01
427,1392,Orel Mangala,FOR,MID,6.7,0.0,0.87,0.0,0.0,0.98,0.0,0.0,0.0,0.0,0.89,0.0,0.0,0.9,0.0,0.0,0.0,0.96,0.82,0.0,0.0,0.92,0.0,0.9,7.24
428,2214,Rhys Norrington-Davies,SHU,DEF,6.7,0.0,0.92,0.0,0.0,0.82,0.0,0.0,0.0,0.0,0.0,0.66,0.0,0.96,0.0,0.63,0.0,0.0,0.0,0.77,0.74,0.0,0.0,0.74,6.24
429,1329,Omar Richards,FOR,DEF,6.6,0.0,0.48,0.0,0.0,0.74,0.0,0.0,0.0,0.0,0.53,0.0,0.0,0.6,0.0,0.0,0.0,0.73,0.41,0.0,0.0,0.66,0.0,0.64,4.79
430,6,Mohamed Elneny,ARS,MID,6.5,0.0,0.61,0.0,0.0,0.0,0.0,0.0,0.49,0.0,0.57,0.0,0.0,0.0,0.54,0.54,0.0,0.0,0.0,0.56,0.55,0.0,0.0,0.46,4.32
431,1104,Maxwel Cornet,WHU,MID,7.2,0.0,0.2,0.0,0.0,0.0,0.0,0.19,0.0,0.0,0.17,0.0,0.2,0.0,0.0,0.15,0.0,0.0,0.0,0.16,0.23,0.0,0.0,0.17,1.47
432,1193,Chiquinho,WOL,MID,6.6,0.0,0.0,0.0,0.45,0.0,0.48,0.0,0.0,0.0,0.49,0.0,0.0,0.0,0.45,0.47,0.0,0.0,0.49,0.0,0.42,0.0,0.0,0.48,3.73
433,1201,Rodrigo Bentancur,TOT,MID,7.7,0.0,0.0,1.02,0.0,0.0,1.13,0.0,0.0,0.0,1.18,0.0,0.0,1.09,0.0,1.27,0.0,0.0,0.0,0.97,1.09,0.0,0.0,1.16,8.909999999999998
434,532,Japhet Tanganga,TOT,DEF,7.2,0.0,0.0,0.68,0.0,0.0,0.71,0.0,0.0,0.0,0.75,0.0,0.0,0.75,0.0,0.83,0.0,0.0,0.0,0.59,0.67,0.0,0.0,0.77,5.75
435,3373,Marcel Lewis,BUR,MID,6.6,0.43,0.0,0.0,0.0,0.0,0.0,0.0,0.0,0.0,0.0,0.5,0.0,0.53,0.0,0.0,0.0,0.49,0.51,0.0,0.42,0.0,0.0,0.5,3.38
436,197,Cheikhou Kouyaté,FOR,MID,6.8,0.0,0.46,0.0,0.0,0.57,0.0,0.0,0.0,0.0,0.48,0.0,0.0,0.48,0.0,0.0,0.0,0.55,0.42,0.0,0.0,0.52,0.0,0.48,3.96
437,663,Ryan Fraser,NEW,MID,6.8,0.0,0.93,0.0,0.0,0.0,0.61,0.0,0.0,0.0,0.0,0.92,0.0,0.76,0.0,0.0,0.99,0.0,0.0,0.89,1.08,0.0,0.0,0.85,7.029999999999999
438,1223,Mark Travers,BOU,GK,6.4,0.0,1.16,0.0,0.0,0.0,1.14,0.0,0.0,0.0,1.15,0.0,0.0,1.18,0.0,0.0,1.22,0.0,0.0,1.49,1.12,0.0,0.0,1.29,9.75
439,2068,Saša Lukić,FUL,MID,6.5,0.0,0.2,0.0,0.0,0.0,0.19,0.0,0.0,0.0,0.18,0.0,0.0,0.17,0.0,0.21,0.0,0.0,0.19,0.0,0.0,0.0,0.19,0.21,1.54
440,368,Caoimhín Kelleher,LIV,GK,6.1,0.0,0.0,0.91,0.0,0.0,0.91,0.0,0.0,0.0,0.0,0.87,0.0,0.0,0.89,0.91,0.0,0.0,0.0,0.89,0.88,0.0,0.0,0.97,7.2299999999999995
441,3375,Denis Franchi,BUR,GK,6.0,0.73,0.0,0.0,0.0,0.0,0.0,0.0,0.0,0.0,0.0,0.83,0.0,0.8,0.0,0.0,0.0,0.81,0.81,0.0,0.73,0.0,0.0,0.84,5.550000000000001
442,1250,Fabio Vieira,ARS,MID,7.8,0.0,0.59,0.0,0.0,0.0,0.0,0.0,0.43,0.0,0.55,0.0,0.0,0.0,0.5,0.5,0.0,0.0,0.0,0.53,0.5,0.0,0.0,0.39,3.9900000000000007
443,1246,Lewis Cook,BOU,MID,6.7,0.0,1.16,0.0,0.0,0.0,1.04,0.0,0.0,0.0,1.13,0.0,0.0,1.05,0.0,0.0,1.12,0.0,0.0,1.05,1.08,0.0,0.0,1.11,8.74
444,444,Mark Gillespie,NEW,GK,6.0,0.0,0.89,0.0,0.0,0.0,0.79,0.0,0.0,0.0,0.0,0.85,0.0,0.91,0.0,0.0,0.89,0.0,0.0,0.88,0.91,0.0,0.0,0.87,6.99
445,1735,Antoine Semenyo,BOU,MID,6.6,0.0,0.23,0.0,0.0,0.0,0.17,0.0,0.0,0.0,0.22,0.0,0.0,0.18,0.0,0.0,0.21,0.0,0.0,0.18,0.19,0.0,0.0,0.21,1.5899999999999999
446,3397,Jack Walton,LUT,GK,6.1,0.0,0.7,0.0,0.0,0.0,0.0,0.0,0.0,0.75,0.0,0.0,0.81,0.0,0.0,0.75,0.0,0.0,0.85,0.0,0.78,0.0,0.0,0.75,5.39
447,844,Anthony Elanga,MUN,MID,7.2,0.0,0.0,0.0,0.56,0.0,0.42,0.0,0.0,0.0,0.59,0.0,0.0,0.0,0.37,0.48,0.0,0.0,0.44,0.0,0.48,0.0,0.0,0.5,3.84
448,3201,Daniel Bentley,WOL,GK,6.1,0.0,0.0,0.0,0.91,0.0,0.91,0.0,0.0,0.0,0.9,0.0,0.0,0.0,0.85,0.8,0.0,0.0,0.84,0.0,0.77,0.0,0.0,0.85,6.83
449,3392,Louie Watson,LUT,MID,6.6,0.0,0.38,0.0,0.0,0.0,0.0,0.0,0.0,0.38,0.0,0.0,0.42,0.0,0.0,0.4,0.0,0.0,0.43,0.0,0.41,0.0,0.0,0.41,2.8300000000000005
450,1382,Joseph Hodge,WOL,MID,6.5,0.0,0.0,0.0,0.48,0.0,0.52,0.0,0.0,0.0,0.53,0.0,0.0,0.0,0.48,0.51,0.0,0.0,0.53,0.0,0.45,0.0,0.0,0.51,4.01
451,3197,Máximo Perrone,MCI,MID,6.7,0.56,0.0,0.0,0.0,0.0,0.52,0.0,0.0,0.0,0.0,0.58,0.0,0.6,0.0,0.56,0.0,0.0,0.63,0.0,0.57,0.0,0.0,0.5,4.5200000000000005
452,1395,Luke Harris,FUL,MID,6.5,0.0,0.77,0.0,0.0,0.0,0.73,0.0,0.0,0.0,0.63,0.0,0.0,0.54,0.0,0.82,0.0,0.0,0.66,0.0,0.0,0.0,0.71,0.82,5.68
453,3410,Casey Pettit,LUT,MID,6.6,0.0,0.43,0.0,0.0,0.0,0.0,0.0,0.0,0.43,0.0,0.0,0.49,0.0,0.0,0.46,0.0,0.0,0.51,0.0,0.47,0.0,0.0,0.48,3.27
454,3205,Yasin Ayari,BHA,MID,6.5,0.0,0.61,0.0,0.0,0.0,0.55,0.0,0.0,0.0,0.58,0.0,0.0,0.5,0.0,0.51,0.0,0.0,0.0,0.62,0.5,0.0,0.0,0.53,4.4
455,3153,Gustavo Scarpa,FOR,MID,6.5,0.0,0.54,0.0,0.0,0.74,0.0,0.0,0.0,0.0,0.57,0.0,0.0,0.57,0.0,0.0,0.0,0.71,0.48,0.0,0.0,0.66,0.0,0.57,4.84
456,1348,Keane Lewis-Potter,BRE,MID,7.2,0.0,0.0,0.75,0.0,0.0,0.68,0.0,0.0,0.0,0.7,0.0,0.0,0.84,0.0,0.0,0.57,0.0,0.82,0.0,0.0,0.72,0.0,0.63,5.709999999999999
457,3374,Samuel Bastien,BUR,MID,6.7,0.21,0.0,0.0,0.0,0.0,0.0,0.0,0.0,0.0,0.0,0.24,0.0,0.25,0.0,0.0,0.0,0.24,0.24,0.0,0.21,0.0,0.0,0.24,1.63
458,2342,Adam Davies,SHU,GK,6.1,0.0,0.85,0.0,0.0,0.81,0.0,0.0,0.0,0.0,0.0,0.73,0.0,0.86,0.0,0.75,0.0,0.0,0.0,0.79,0.78,0.0,0.0,0.76,6.33
459,1098,Andrew Moran,BHA,MID,6.5,0.0,1.1,0.0,0.0,0.0,0.97,0.0,0.0,0.0,1.07,0.0,0.0,0.84,0.0,0.84,0.0,0.0,0.0,1.2,0.82,0.0,0.0,0.92,7.760000000000001
460,1252,Matt Turner,ARS,GK,6.1,0.0,0.91,0.0,0.0,0.0,0.0,0.0,0.89,0.0,0.89,0.0,0.0,0.0,0.9,0.92,0.0,0.0,0.0,0.88,0.9,0.0,0.0,0.83,7.12
461,763,Jakub Moder,BHA,MID,6.7,0.0,0.79,0.0,0.0,0.0,0.7,0.0,0.0,0.0,0.76,0.0,0.0,0.62,0.0,0.63,0.0,0.0,0.0,0.83,0.61,0.0,0.0,0.67,5.61
462,1008,Omari Hutchinson,CHE,MID,6.5,0.0,0.0,0.75,0.0,0.0,0.0,0.76,0.0,0.9,0.0,0.0,0.0,0.93,0.0,0.0,0.83,0.0,0.76,0.0,0.0,0.0,0.76,0.77,6.459999999999999
463,3214,Naouirou Ahamada,CRY,MID,6.5,0.0,0.54,0.0,0.0,0.0,0.0,0.0,0.49,0.0,0.49,0.0,0.0,0.0,0.56,0.48,0.0,0.0,0.55,0.0,0.49,0.0,0.0,0.58,4.180000000000001
464,473,Ben Osborn,SHU,MID,6.7,0.0,0.55,0.0,0.0,0.53,0.0,0.0,0.0,0.0,0.0,0.48,0.0,0.6,0.0,0.5,0.0,0.0,0.0,0.52,0.51,0.0,0.0,0.51,4.2
465,1027,Albert Sambi Lokonga,ARS,MID,6.8,0.0,0.63,0.0,0.0,0.0,0.0,0.0,0.5,0.0,0.59,0.0,0.0,0.0,0.55,0.55,0.0,0.0,0.0,0.58,0.56,0.0,0.0,0.46,4.42
466,257,Marcus Bettinelli,CHE,GK,6.2,0.0,0.0,0.82,0.0,0.0,0.0,0.86,0.0,0.89,0.0,0.0,0.0,0.89,0.0,0.0,0.88,0.0,0.87,0.0,0.0,0.0,0.85,0.86,6.92
467,245,Marek Rodák,FUL,GK,6.1,0.0,0.91,0.0,0.0,0.0,0.86,0.0,0.0,0.0,0.83,0.0,0.0,0.79,0.0,0.87,0.0,0.0,0.87,0.0,0.0,0.0,0.89,0.87,6.89
468,1358,Thomas Strakosha,BRE,GK,6.1,0.0,0.0,0.87,0.0,0.0,0.85,0.0,0.0,0.0,0.89,0.0,0.0,0.9,0.0,0.0,0.87,0.0,0.91,0.0,0.0,0.88,0.0,0.94,7.109999999999999
469,342,Adrián,LIV,GK,6.1,0.0,0.0,0.91,0.0,0.0,0.91,0.0,0.0,0.0,0.0,0.87,0.0,0.0,0.89,0.91,0.0,0.0,0.0,0.89,0.88,0.0,0.0,0.97,7.2299999999999995
470,252,Tyrese Francois,FUL,MID,6.5,0.0,0.61,0.0,0.0,0.0,0.58,0.0,0.0,0.0,0.52,0.0,0.0,0.46,0.0,0.65,0.0,0.0,0.54,0.0,0.0,0.0,0.57,0.65,4.58
471,739,Karl Jakob Hein,ARS,GK,6.0,0.0,0.91,0.0,0.0,0.0,0.0,0.0,0.89,0.0,0.89,0.0,0.0,0.0,0.91,0.92,0.0,0.0,0.0,0.88,0.9,0.0,0.0,0.83,7.130000000000001
472,586,Darren Randolph,BOU,GK,6.0,0.0,0.86,0.0,0.0,0.0,0.83,0.0,0.0,0.0,0.85,0.0,0.0,0.86,0.0,0.0,0.89,0.0,0.0,1.05,0.83,0.0,0.0,0.93,7.1
473,3196,Jhon Durán,AVL,MID,6.7,0.0,0.0,0.0,0.0,0.0,0.0,0.0,0.0,0.0,0.0,0.0,0.0,0.0,0.0,0.0,0.0,0.0,0.0,0.0,0.0,0.0,0.0,0.0,0.0
474,1338,David Ozoh,CRY,MID,6.5,0.0,0.73,0.0,0.0,0.0,0.0,0.0,0.65,0.0,0.66,0.0,0.0,0.0,0.78,0.63,0.0,0.0,0.75,0.0,0.65,0.0,0.0,0.8,5.65
475,1309,Alexander Mighten,FOR,MID,6.5,0.0,0.59,0.0,0.0,0.83,0.0,0.0,0.0,0.0,0.62,0.0,0.0,0.62,0.0,0.0,0.0,0.8,0.51,0.0,0.0,0.73,0.0,0.62,5.319999999999999
476,821,Thomas Mcgill,BHA,GK,6.0,0.0,0.89,0.0,0.0,0.0,0.88,0.0,0.0,0.0,0.87,0.0,0.0,0.83,0.0,0.85,0.0,0.0,0.0,0.88,0.84,0.0,0.0,0.8,6.84
477,730,Facundo Pellistri,MUN,MID,6.5,0.0,0.0,0.0,0.94,0.0,0.73,0.0,0.0,0.0,0.97,0.0,0.0,0.0,0.65,0.81,0.0,0.0,0.76,0.0,0.81,0.0,0.0,0.84,6.51
478,3393,Elliot Thorpe,LUT,MID,6.6,0.0,0.43,0.0,0.0,0.0,0.0,0.0,0.0,0.44,0.0,0.0,0.49,0.0,0.0,0.46,0.0,0.0,0.5,0.0,0.47,0.0,0.0,0.48,3.27
479,198,Jaïro Riedewald,CRY,MID,6.6,0.0,0.56,0.0,0.0,0.0,0.0,0.0,0.51,0.0,0.51,0.0,0.0,0.0,0.58,0.5,0.0,0.0,0.56,0.0,0.51,0.0,0.0,0.59,4.32
480,1133,Matthew Cox,BRE,GK,6.1,0.0,0.0,0.87,0.0,0.0,0.85,0.0,0.0,0.0,0.89,0.0,0.0,0.9,0.0,0.0,0.87,0.0,0.91,0.0,0.0,0.88,0.0,0.94,7.109999999999999
481,788,Andy Lonergan,EVE,GK,6.1,0.0,0.81,0.0,0.0,0.0,0.0,0.8,0.0,0.0,0.86,0.0,0.0,0.82,0.0,0.76,0.0,0.0,0.79,0.0,0.85,0.0,0.0,0.85,6.539999999999999
482,3379,Darko Churlinov,BUR,MID,6.7,0.57,0.0,0.0,0.0,0.0,0.0,0.0,0.0,0.0,0.0,0.69,0.0,0.75,0.0,0.0,0.0,0.66,0.71,0.0,0.54,0.0,0.0,0.71,4.63
483,1457,Ethan Nwaneri,ARS,MID,6.5,0.0,1.21,0.0,0.0,0.0,0.0,0.0,0.83,0.0,1.11,0.0,0.0,0.0,0.99,0.99,0.0,0.0,0.0,1.08,1.01,0.0,0.0,0.75,7.970000000000001
