,sky_id,fbref_player,short_team,sky_pos,sky_value,MD_1_Pts,MD_2_Pts,MD_3_Pts,MD_4_Pts,MD_5_Pts,MD_6_Pts,MD_7_Pts,MD_8_Pts,MD_9_Pts,MD_10_Pts,MD_11_Pts,MD_12_Pts,MD_13_Pts,MD_14_Pts,MD_15_Pts,MD_16_Pts,MD_17_Pts,MD_18_Pts,MD_19_Pts,MD_20_Pts,MD_21_Pts,MD_22_Pts,MD_23_Pts,MD_24_Pts,MD_25_Pts,MD_26_Pts,MD_27_Pts,MD_28_Pts,MD_29_Pts,MD_30_Pts,MD_31_Pts,MD_32_Pts,MD_33_Pts,Total_Pts
0,1280,Erling Haaland,MCI,FOR,12.0,0.0,6.9,0.0,0.0,0.0,0.0,8.83,0.0,8.89,0.0,7.54,0.0,0.0,9.64,0.0,7.8,0.0,0.0,0.0,6.04,7.3,0.0,0.0,0.0,0.0,6.36,9.41,6.72,7.52,8.52,6.67,0.0,8.05,116.18999999999998
1,21,Bukayo Saka,ARS,MID,10.4,0.0,0.0,0.0,5.46,0.0,6.12,0.0,0.0,0.0,5.37,4.75,0.0,0.0,0.0,5.76,5.33,0.0,0.0,0.0,3.89,4.44,0.0,0.0,0.0,5.73,0.0,4.23,5.49,4.58,5.97,5.25,0.0,4.5,76.87
2,417,Marcus Rashford,MUN,MID,10.9,0.0,5.74,0.0,0.0,0.0,7.68,0.0,0.0,0.0,4.81,6.23,0.0,0.0,5.42,0.0,6.32,0.0,0.0,6.58,0.0,0.0,5.83,0.0,0.0,0.0,4.47,5.83,7.04,5.91,4.62,0.0,6.51,8.05,91.04
3,351,Mohamed Salah,LIV,MID,11.5,0.0,9.79,0.0,0.0,0.0,0.0,5.53,0.0,0.0,7.24,7.35,0.0,0.0,0.0,8.23,6.31,0.0,0.0,0.0,6.09,8.38,0.0,0.0,0.0,0.0,8.28,7.02,7.55,4.63,8.2,7.27,0.0,6.27,108.13999999999999
4,1175,Kieran Trippier,NEW,DEF,9.1,0.0,2.01,0.0,0.0,0.0,0.0,3.95,0.0,2.92,0.0,0.0,5.51,0.0,0.0,5.07,4.92,0.0,0.0,0.0,5.13,5.56,0.0,0.0,0.0,4.55,0.0,3.51,5.36,4.57,4.66,5.07,0.0,3.8,66.59
5,337,Trent Alexander-Arnold,LIV,DEF,10.0,0.0,7.77,0.0,0.0,0.0,0.0,3.51,0.0,0.0,5.4,5.84,0.0,0.0,0.0,6.69,4.28,0.0,0.0,0.0,3.49,6.33,0.0,0.0,0.0,0.0,6.52,6.15,5.51,2.29,5.76,6.03,0.0,5.6,81.16999999999999
6,1435,Alexander Isak,NEW,FOR,9.0,0.0,2.68,0.0,0.0,0.0,0.0,4.05,0.0,3.25,0.0,0.0,4.3,0.0,0.0,3.57,4.11,0.0,0.0,0.0,3.71,4.04,0.0,0.0,0.0,3.64,0.0,3.85,3.99,4.21,4.11,3.76,0.0,3.58,56.85
7,645,Ollie Watkins,AVL,FOR,9.3,0.0,0.0,7.36,0.0,0.0,0.0,5.25,0.0,0.0,4.62,5.8,0.0,0.0,4.76,0.0,5.83,0.0,0.0,5.18,0.0,0.0,6.3,0.0,0.0,6.31,0.0,5.44,6.76,4.97,5.67,4.32,0.0,5.46,84.02999999999999
8,100,Lewis Dunk,BHA,DEF,8.3,0.0,6.37,0.0,0.0,0.0,6.16,0.0,0.0,4.58,0.0,4.23,0.0,0.0,0.0,6.82,4.99,0.0,0.0,0.0,4.37,2.9,0.0,0.0,0.0,0.0,5.77,6.03,6.95,6.32,4.43,5.97,0.0,5.8,81.69000000000001
9,13,William Saliba,ARS,DEF,9.0,0.0,0.0,0.0,5.48,0.0,5.53,0.0,0.0,0.0,4.52,5.13,0.0,0.0,0.0,5.06,5.27,0.0,0.0,0.0,3.03,3.26,0.0,0.0,0.0,5.92,0.0,2.98,4.85,4.39,5.8,5.29,0.0,3.83,70.33999999999999
10,1406,Pervis Estupiñán,BHA,DEF,8.1,0.0,5.59,0.0,0.0,0.0,6.04,0.0,0.0,3.55,0.0,3.24,0.0,0.0,0.0,6.39,3.78,0.0,0.0,0.0,3.28,1.65,0.0,0.0,0.0,0.0,4.6,4.95,5.78,5.54,3.3,4.98,0.0,4.65,67.32000000000001
11,1558,André Onana,MUN,GK,7.3,0.0,3.59,0.0,0.0,0.0,5.28,0.0,0.0,0.0,3.13,4.68,0.0,0.0,4.26,0.0,4.96,0.0,0.0,4.66,0.0,0.0,5.04,0.0,0.0,0.0,3.14,4.1,5.66,5.14,3.74,0.0,4.37,5.5,67.25
12,483,Aaron Ramsdale,ARS,GK,7.5,0.0,0.0,0.0,5.42,0.0,5.06,0.0,0.0,0.0,4.49,4.37,0.0,0.0,0.0,2.89,3.07,0.0,0.0,0.0,1.99,2.27,0.0,0.0,0.0,2.9,0.0,2.86,3.57,5.18,6.16,5.64,0.0,4.85,60.720000000000006
13,121,Nick Pope,NEW,GK,7.6,0.0,3.29,0.0,0.0,0.0,0.0,4.27,0.0,4.78,0.0,0.0,5.22,0.0,0.0,5.3,5.43,0.0,0.0,0.0,4.79,5.49,0.0,0.0,0.0,5.25,0.0,4.42,5.32,4.94,5.02,5.56,0.0,4.22,73.3
14,810,Martin Ødegaard,ARS,MID,10.3,0.0,0.0,0.0,4.4,0.0,5.1,0.0,0.0,0.0,4.45,4.26,0.0,0.0,0.0,5.14,4.72,0.0,0.0,0.0,3.21,3.58,0.0,0.0,0.0,4.79,0.0,3.36,4.42,3.97,5.02,4.12,0.0,3.6,64.14
15,398,Rodri,MCI,MID,9.4,0.0,5.52,0.0,0.0,0.0,0.0,6.25,0.0,6.06,0.0,6.15,0.0,0.0,6.58,0.0,5.52,0.0,0.0,0.0,4.52,5.06,0.0,0.0,0.0,0.0,5.29,6.88,5.15,5.3,6.18,5.32,0.0,6.05,85.83
16,1275,Darwin Núñez,LIV,FOR,9.4,0.0,4.06,0.0,0.0,0.0,0.0,2.45,0.0,0.0,3.09,3.19,0.0,0.0,0.0,3.57,3.2,0.0,0.0,0.0,2.81,3.79,0.0,0.0,0.0,0.0,3.68,3.22,3.82,2.41,3.96,3.51,0.0,3.11,49.86999999999999
17,662,Callum Wilson,NEW,FOR,9.1,0.0,3.08,0.0,0.0,0.0,0.0,4.9,0.0,3.92,0.0,0.0,5.07,0.0,0.0,4.39,5.14,0.0,0.0,0.0,4.27,4.67,0.0,0.0,0.0,4.24,0.0,4.49,4.68,4.85,4.8,4.34,0.0,4.03,66.87
18,598,Declan Rice,ARS,MID,8.1,0.0,0.0,0.0,2.69,0.0,2.75,0.0,0.0,0.0,2.29,2.21,0.0,0.0,0.0,2.29,2.4,0.0,0.0,0.0,1.78,1.98,0.0,0.0,0.0,2.3,0.0,1.95,2.16,2.05,2.28,2.22,0.0,2.0,33.35
19,373,Ederson,MCI,GK,7.8,0.0,4.87,0.0,0.0,0.0,0.0,6.41,0.0,5.51,0.0,5.93,0.0,0.0,7.0,0.0,5.61,0.0,0.0,0.0,3.89,4.88,0.0,0.0,0.0,0.0,4.5,6.67,4.63,4.49,5.34,5.0,0.0,6.15,80.88000000000001
20,88,Alexis Mac Allister,LIV,MID,8.9,0.0,5.83,0.0,0.0,0.0,0.0,3.16,0.0,0.0,3.82,3.68,0.0,0.0,0.0,4.85,3.5,0.0,0.0,0.0,2.96,4.04,0.0,0.0,0.0,0.0,4.12,3.62,3.71,2.39,3.67,3.51,0.0,3.48,56.339999999999996
21,1260,Kaoru Mitoma,BHA,MID,8.0,0.0,3.99,0.0,0.0,0.0,4.12,0.0,0.0,3.41,0.0,3.25,0.0,0.0,0.0,4.43,3.28,0.0,0.0,0.0,3.43,2.56,0.0,0.0,0.0,0.0,3.73,3.54,4.03,3.67,3.32,3.74,0.0,3.85,54.35
22,425,Luke Shaw,MUN,DEF,8.8,0.0,3.5,0.0,0.0,0.0,5.68,0.0,0.0,0.0,1.72,3.06,0.0,0.0,3.11,0.0,4.88,0.0,0.0,4.36,0.0,0.0,4.55,0.0,0.0,0.0,2.04,3.59,5.39,4.3,2.26,0.0,3.46,5.53,57.42999999999999
23,412,Bruno Fernandes,MUN,MID,10.7,0.0,5.3,0.0,0.0,0.0,6.89,0.0,0.0,0.0,4.13,5.04,0.0,0.0,4.41,0.0,5.56,0.0,0.0,5.64,0.0,0.0,5.17,0.0,0.0,0.0,3.83,4.93,6.19,5.27,4.07,0.0,5.39,7.11,78.93
24,369,Virgil van Dijk,LIV,DEF,9.9,0.0,6.86,0.0,0.0,0.0,0.0,3.34,0.0,0.0,4.95,5.48,0.0,0.0,0.0,6.12,4.15,0.0,0.0,0.0,3.21,6.06,0.0,0.0,0.0,0.0,6.17,5.71,5.31,2.3,5.33,5.71,0.0,5.29,75.99000000000001
25,1364,Lisandro Martínez,MUN,DEF,8.5,0.0,2.95,0.0,0.0,0.0,5.24,0.0,0.0,0.0,1.51,2.79,0.0,0.0,2.86,0.0,4.31,0.0,0.0,3.67,0.0,0.0,3.92,0.0,0.0,0.0,1.79,2.94,4.62,3.55,1.91,0.0,2.95,4.68,49.69
26,2038,Nicolas Jackson,CHE,FOR,8.2,0.0,0.0,4.62,0.0,5.44,0.0,0.0,0.0,5.22,0.0,0.0,4.83,0.0,4.4,0.0,0.0,0.0,4.18,3.75,0.0,3.73,0.0,0.0,0.0,4.43,0.0,3.99,3.18,3.3,4.09,0.0,3.6,4.13,62.89
27,376,John Stones,MCI,DEF,9.2,0.0,3.98,0.0,0.0,0.0,0.0,5.31,0.0,4.98,0.0,5.16,0.0,0.0,6.13,0.0,4.63,0.0,0.0,0.0,2.67,3.4,0.0,0.0,0.0,0.0,3.62,5.94,3.45,3.42,4.53,3.85,0.0,4.95,66.02
28,347,Alisson,LIV,GK,8.0,0.0,6.32,0.0,0.0,0.0,0.0,4.51,0.0,0.0,5.28,5.86,0.0,0.0,0.0,5.82,4.47,0.0,0.0,0.0,5.32,6.27,0.0,0.0,0.0,0.0,5.77,5.65,5.6,3.76,5.36,5.84,0.0,5.51,81.34
29,20,Gabriel Dos Santos,ARS,DEF,9.3,0.0,0.0,0.0,4.73,0.0,4.89,0.0,0.0,0.0,3.91,4.59,0.0,0.0,0.0,4.49,4.67,0.0,0.0,0.0,2.5,2.76,0.0,0.0,0.0,5.28,0.0,2.61,4.5,3.65,5.11,4.56,0.0,3.21,61.46
30,182,Eberechi Eze,CRY,MID,8.2,0.0,0.0,0.0,4.59,0.0,4.35,0.0,0.0,0.0,5.3,3.84,0.0,0.0,5.0,0.0,3.95,0.0,0.0,4.88,0.0,3.57,0.0,0.0,4.63,0.0,0.0,4.17,4.91,4.52,4.45,5.03,0.0,4.24,67.42999999999999
31,327,James Maddison,TOT,MID,9.3,0.0,4.91,0.0,0.0,0.0,5.35,0.0,0.0,4.14,0.0,5.21,0.0,0.0,0.0,3.7,4.3,0.0,0.0,4.58,0.0,0.0,0.0,5.12,3.98,0.0,0.0,4.56,4.44,4.34,2.96,5.21,0.0,4.02,66.82
32,1900,Cody Gakpo,LIV,FOR,9.6,0.0,4.12,0.0,0.0,0.0,0.0,2.64,0.0,0.0,3.25,3.16,0.0,0.0,0.0,3.63,2.97,0.0,0.0,0.0,2.91,3.65,0.0,0.0,0.0,0.0,3.52,3.25,3.33,2.4,3.59,3.28,0.0,2.99,48.68999999999999
33,152,Mason Mount,MUN,MID,8.7,0.0,2.71,0.0,0.0,0.0,3.05,0.0,0.0,0.0,2.22,2.43,0.0,0.0,2.26,0.0,2.67,0.0,0.0,2.48,0.0,0.0,2.58,0.0,0.0,0.0,2.05,2.55,2.89,2.59,2.28,0.0,2.63,3.2,38.59
34,8,Emiliano Martínez,AVL,GK,7.1,0.0,0.0,5.74,0.0,0.0,0.0,4.37,0.0,0.0,3.13,4.9,0.0,0.0,3.68,0.0,4.76,0.0,0.0,4.62,0.0,0.0,4.88,0.0,0.0,5.3,0.0,4.79,4.69,3.56,4.82,3.16,0.0,3.64,66.03999999999999
35,394,Kevin De Bruyne,MCI,MID,10.9,0.0,0.0,0.0,0.0,0.0,0.0,0.0,0.0,0.0,0.0,0.0,0.0,0.0,0.0,0.0,0.0,0.0,0.0,0.0,0.0,0.0,0.0,0.0,0.0,0.0,0.0,0.0,0.0,0.0,0.0,0.0,0.0,0.0,0.0
36,525,Son Heung-min,TOT,MID,9.7,0.0,5.14,0.0,0.0,0.0,5.52,0.0,0.0,4.71,0.0,5.76,0.0,0.0,0.0,4.22,4.84,0.0,0.0,5.05,0.0,0.0,0.0,5.81,4.42,0.0,0.0,5.23,5.1,5.02,3.46,5.76,0.0,4.63,74.67
37,307,Harvey Barnes,NEW,MID,8.3,0.0,1.28,0.0,0.0,0.0,0.0,2.36,0.0,2.14,0.0,0.0,3.25,0.0,0.0,2.72,3.16,0.0,0.0,0.0,2.48,2.99,0.0,0.0,0.0,2.45,0.0,2.62,2.9,2.8,2.76,2.55,0.0,2.4,38.86
38,1097,Evan Ferguson,BHA,FOR,7.8,0.0,2.72,0.0,0.0,0.0,2.72,0.0,0.0,2.1,0.0,1.98,0.0,0.0,0.0,3.08,2.28,0.0,0.0,0.0,2.41,1.51,0.0,0.0,0.0,0.0,2.59,2.46,2.74,2.44,2.12,2.56,0.0,2.56,36.27000000000001
39,1283,Sven Botman,NEW,DEF,8.6,0.0,1.51,0.0,0.0,0.0,0.0,3.22,0.0,2.41,0.0,0.0,4.68,0.0,0.0,4.34,4.36,0.0,0.0,0.0,4.48,4.96,0.0,0.0,0.0,3.98,0.0,3.02,4.54,3.76,3.78,4.26,0.0,3.02,56.32
40,171,Reece James,CHE,DEF,9.1,0.0,0.0,0.0,0.0,0.0,0.0,0.0,0.0,0.63,0.0,0.0,1.77,0.0,3.47,0.0,0.0,0.0,3.51,3.22,0.0,2.44,0.0,0.0,0.0,3.97,0.0,3.07,2.1,2.46,3.11,0.0,2.74,4.19,36.68
41,1439,Manuel Akanji,MCI,DEF,9.2,0.0,2.82,0.0,0.0,0.0,0.0,4.03,0.0,3.69,0.0,3.42,0.0,0.0,3.72,0.0,2.64,0.0,0.0,0.0,2.03,2.56,0.0,0.0,0.0,0.0,2.05,3.65,2.72,2.78,3.77,3.18,0.0,4.06,47.120000000000005
42,149,Ben Chilwell,CHE,DEF,8.5,0.0,0.0,5.16,0.0,6.06,0.0,0.0,0.0,5.77,0.0,0.0,5.22,0.0,4.22,0.0,0.0,0.0,4.0,3.84,0.0,2.9,0.0,0.0,0.0,4.44,0.0,3.31,2.36,2.61,3.5,0.0,2.84,4.34,60.56999999999999
43,959,João Pedro,BHA,FOR,7.7,0.0,4.22,0.0,0.0,0.0,4.39,0.0,0.0,3.36,0.0,3.26,0.0,0.0,0.0,4.74,3.42,0.0,0.0,0.0,3.72,2.61,0.0,0.0,0.0,0.0,4.03,3.91,4.16,3.73,3.33,3.88,0.0,3.93,56.68999999999999
44,710,Rúben Dias,MCI,DEF,9.7,0.0,4.7,0.0,0.0,0.0,0.0,6.26,0.0,5.53,0.0,5.66,0.0,0.0,6.68,0.0,5.1,0.0,0.0,0.0,2.92,3.82,0.0,0.0,0.0,0.0,3.98,6.37,3.97,3.85,5.07,4.4,0.0,5.56,73.87
45,1198,Bruno Guimarães,NEW,MID,8.4,0.0,2.54,0.0,0.0,0.0,0.0,3.56,0.0,2.84,0.0,0.0,3.74,0.0,0.0,3.3,3.03,0.0,0.0,0.0,4.1,3.76,0.0,0.0,0.0,2.97,0.0,2.98,3.86,3.31,3.39,3.31,0.0,3.19,49.879999999999995
46,383,Phil Foden,MCI,MID,9.5,0.0,3.49,0.0,0.0,0.0,0.0,4.05,0.0,4.02,0.0,3.89,0.0,0.0,4.6,0.0,3.53,0.0,0.0,0.0,3.02,3.35,0.0,0.0,0.0,0.0,3.12,4.42,3.23,3.53,3.96,3.26,0.0,3.77,55.24
47,400,Kyle Walker,MCI,DEF,8.6,0.0,2.47,0.0,0.0,0.0,0.0,3.71,0.0,2.99,0.0,3.57,0.0,0.0,3.23,0.0,2.99,0.0,0.0,0.0,1.51,2.49,0.0,0.0,0.0,0.0,1.68,3.14,1.85,1.83,2.38,2.05,0.0,2.6,38.49
48,72,Pascal Groß,BHA,MID,8.2,0.0,4.44,0.0,0.0,0.0,5.39,0.0,0.0,3.42,0.0,3.66,0.0,0.0,0.0,5.6,3.61,0.0,0.0,0.0,3.59,2.6,0.0,0.0,0.0,0.0,4.0,4.55,4.55,4.7,3.39,4.31,0.0,3.55,61.35999999999999
49,93,Ben White,ARS,DEF,9.2,0.0,0.0,0.0,4.62,0.0,4.71,0.0,0.0,0.0,3.79,4.35,0.0,0.0,0.0,4.24,4.52,0.0,0.0,0.0,2.32,2.56,0.0,0.0,0.0,4.87,0.0,2.34,3.99,3.43,4.7,4.28,0.0,3.0,57.72
50,610,Jarrod Bowen,WHU,MID,8.8,0.0,0.0,3.88,0.0,0.0,3.22,0.0,3.73,0.0,0.0,2.91,0.0,0.0,0.0,3.24,3.99,0.0,0.0,0.0,3.39,0.0,3.02,0.0,0.0,0.0,4.1,3.39,4.12,3.38,3.71,3.36,0.0,3.48,52.919999999999995
51,42,Jack Grealish,MCI,MID,9.2,0.0,3.76,0.0,0.0,0.0,0.0,4.26,0.0,4.23,0.0,3.99,0.0,0.0,4.86,0.0,3.68,0.0,0.0,0.0,3.08,3.53,0.0,0.0,0.0,0.0,3.24,4.86,3.42,3.68,4.14,3.38,0.0,3.91,58.02000000000001
52,16,Martinelli,ARS,MID,10.2,0.0,0.0,0.0,3.99,0.0,4.72,0.0,0.0,0.0,4.11,3.77,0.0,0.0,0.0,4.32,3.84,0.0,0.0,0.0,3.01,3.29,0.0,0.0,0.0,4.3,0.0,3.18,4.25,3.57,4.58,3.83,0.0,3.38,58.13999999999999
53,3231,Moussa Diaby,AVL,MID,8.1,0.0,0.0,5.13,0.0,0.0,0.0,3.81,0.0,0.0,3.44,4.16,0.0,0.0,3.52,0.0,4.19,0.0,0.0,3.68,0.0,0.0,4.51,0.0,0.0,4.33,0.0,3.89,4.6,3.58,4.0,3.17,0.0,3.86,59.87
54,371,Andrew Robertson,LIV,DEF,9.1,0.0,6.38,0.0,0.0,0.0,0.0,2.93,0.0,0.0,4.34,4.73,0.0,0.0,0.0,5.5,3.56,0.0,0.0,0.0,2.87,5.33,0.0,0.0,0.0,0.0,5.41,5.0,4.39,1.95,4.55,4.87,0.0,4.55,66.36
55,1197,Luis Díaz,LIV,MID,9.6,0.0,5.38,0.0,0.0,0.0,0.0,3.33,0.0,0.0,4.13,4.23,0.0,0.0,0.0,4.73,3.71,0.0,0.0,0.0,3.6,4.63,0.0,0.0,0.0,0.0,4.49,4.01,4.31,2.88,4.6,4.14,0.0,3.69,61.86000000000001
56,895,Bryan Mbeumo,BRE,MID,8.3,0.0,4.54,0.0,0.0,0.0,4.39,0.0,0.0,5.09,0.0,0.0,3.41,0.0,4.71,0.0,0.0,4.32,0.0,3.59,0.0,4.47,0.0,0.0,0.0,3.81,0.0,4.72,3.77,4.06,4.82,3.7,0.0,4.24,63.640000000000015
57,1411,Casemiro,MUN,MID,8.1,0.0,4.39,0.0,0.0,0.0,4.8,0.0,0.0,0.0,3.27,3.67,0.0,0.0,3.2,0.0,4.61,0.0,0.0,4.07,0.0,0.0,4.06,0.0,0.0,0.0,2.86,3.88,4.61,3.97,3.36,0.0,3.95,5.18,59.88
58,464,Miguel Almirón,NEW,MID,8.5,0.0,2.47,0.0,0.0,0.0,0.0,3.35,0.0,2.74,0.0,0.0,3.48,0.0,0.0,3.01,3.53,0.0,0.0,0.0,3.08,3.24,0.0,0.0,0.0,3.01,0.0,3.17,3.4,3.43,3.38,3.13,0.0,2.99,47.41000000000001
59,262,Aleksandar Mitrović,FUL,FOR,8.3,0.0,3.1,0.0,0.0,0.0,2.82,0.0,0.0,2.33,0.0,3.31,0.0,0.0,2.91,0.0,0.0,0.0,3.07,3.37,0.0,0.0,0.0,2.89,0.0,0.0,2.67,3.03,2.68,3.37,2.65,3.4,0.0,3.25,44.849999999999994
60,1359,Levi Colwill,CHE,DEF,7.5,0.0,0.0,4.67,0.0,5.45,0.0,0.0,0.0,5.27,0.0,0.0,4.82,0.0,3.75,0.0,0.0,0.0,3.59,3.09,0.0,2.26,0.0,0.0,0.0,4.04,0.0,3.01,2.02,2.2,2.74,0.0,2.52,3.98,53.410000000000004
61,387,Nathan Aké,MCI,DEF,8.9,0.0,3.3,0.0,0.0,0.0,0.0,5.55,0.0,4.84,0.0,5.02,0.0,0.0,5.71,0.0,4.34,0.0,0.0,0.0,2.58,3.31,0.0,0.0,0.0,0.0,3.53,5.74,3.31,3.36,4.47,3.78,0.0,4.85,63.69000000000001
62,111,Ben Mee,BRE,DEF,8.0,0.0,2.8,0.0,0.0,0.0,3.75,0.0,0.0,4.0,0.0,0.0,2.04,0.0,3.71,0.0,0.0,3.38,0.0,2.06,0.0,3.61,0.0,0.0,0.0,2.35,0.0,3.58,1.87,2.39,4.34,2.22,0.0,3.66,45.75999999999999
63,76,Dan Burn,NEW,DEF,8.5,0.0,1.61,0.0,0.0,0.0,0.0,3.33,0.0,2.58,0.0,0.0,4.31,0.0,0.0,4.22,4.25,0.0,0.0,0.0,4.27,4.7,0.0,0.0,0.0,3.9,0.0,3.13,4.48,3.93,3.8,4.05,0.0,2.99,55.55
64,784,Morgan Gibbs-White,FOR,MID,7.9,4.48,0.0,0.0,0.0,0.0,3.21,0.0,0.0,3.09,0.0,0.0,0.0,3.99,2.64,0.0,0.0,3.8,0.0,3.06,0.0,3.82,0.0,0.0,0.0,0.0,2.88,3.52,3.41,3.58,4.07,3.4,0.0,3.48,52.43
65,377,Oleksandr Zinchenko,ARS,DEF,8.8,0.0,0.0,0.0,0.92,0.0,1.75,0.0,0.0,0.0,3.14,4.79,0.0,0.0,0.0,4.79,4.9,0.0,0.0,0.0,2.59,2.84,0.0,0.0,0.0,5.41,0.0,2.62,4.31,3.84,5.23,4.71,0.0,3.36,55.20000000000001
66,230,Richarlison,TOT,FOR,8.0,0.0,4.9,0.0,0.0,0.0,5.15,0.0,0.0,4.28,0.0,5.37,0.0,0.0,0.0,3.9,4.48,0.0,0.0,4.53,0.0,0.0,0.0,5.36,4.14,0.0,0.0,4.8,4.65,4.64,3.21,5.33,0.0,4.3,69.03999999999999
67,813,Moisés Caicedo,CHE,MID,8.0,0.0,0.0,0.39,0.0,1.01,0.0,0.0,0.0,1.66,0.0,0.0,3.09,0.0,3.23,0.0,0.0,0.0,3.08,2.48,0.0,2.46,0.0,0.0,0.0,3.47,0.0,3.32,2.25,2.56,2.59,0.0,2.92,3.38,37.89
68,3412,Sandro Tonali,NEW,MID,8.2,0.0,2.27,0.0,0.0,0.0,0.0,3.09,0.0,2.66,0.0,0.0,3.49,0.0,0.0,2.97,3.07,0.0,0.0,0.0,3.46,3.24,0.0,0.0,0.0,2.74,0.0,2.87,3.14,3.09,3.09,2.97,0.0,2.84,44.99000000000001
69,1320,Julián Álvarez,MCI,FOR,8.6,0.0,3.53,0.0,0.0,0.0,0.0,4.01,0.0,4.05,0.0,3.44,0.0,0.0,4.13,0.0,3.49,0.0,0.0,0.0,2.81,3.42,0.0,0.0,0.0,0.0,3.07,4.47,3.31,3.52,3.87,3.22,0.0,3.7,54.04
70,1085,Raphaël Varane,MUN,DEF,8.3,0.0,2.64,0.0,0.0,0.0,4.87,0.0,0.0,0.0,1.46,2.74,0.0,0.0,2.96,0.0,3.98,0.0,0.0,3.55,0.0,0.0,3.68,0.0,0.0,0.0,1.87,2.85,4.48,3.39,1.88,0.0,2.94,4.45,47.74
71,2079,Pau Torres,AVL,DEF,8.1,0.0,0.0,5.42,0.0,0.0,0.0,3.33,0.0,0.0,1.67,4.63,0.0,0.0,2.36,0.0,3.1,0.0,0.0,3.78,0.0,0.0,4.87,0.0,0.0,5.03,0.0,4.54,4.43,2.73,4.44,2.12,0.0,2.57,55.019999999999996
72,646,Kai Havertz,ARS,MID,9.2,0.0,0.0,0.0,4.15,0.0,5.05,0.0,0.0,0.0,4.28,3.78,0.0,0.0,0.0,4.47,3.95,0.0,0.0,0.0,2.95,3.22,0.0,0.0,0.0,4.38,0.0,3.04,4.37,3.62,4.76,3.9,0.0,3.39,59.30999999999999
73,70,Solly March,BHA,MID,8.1,0.0,4.8,0.0,0.0,0.0,5.15,0.0,0.0,3.92,0.0,3.81,0.0,0.0,0.0,5.42,3.85,0.0,0.0,0.0,4.33,2.93,0.0,0.0,0.0,0.0,4.58,4.16,4.84,4.28,3.91,4.46,0.0,4.44,64.88000000000001
74,261,Tim Ream,FUL,DEF,7.5,0.0,3.1,0.0,0.0,0.0,1.17,0.0,0.0,0.83,0.0,3.61,0.0,0.0,2.99,0.0,0.0,0.0,2.2,3.38,0.0,0.0,0.0,1.98,0.0,0.0,1.59,2.16,2.17,3.48,1.3,3.99,0.0,3.68,37.63
75,1469,Enzo Fernández,CHE,MID,8.4,0.0,0.0,5.48,0.0,5.53,0.0,0.0,0.0,5.15,0.0,0.0,5.46,0.0,4.68,0.0,0.0,0.0,4.62,3.35,0.0,3.43,0.0,0.0,0.0,4.64,0.0,4.62,3.34,3.75,3.72,0.0,4.3,4.72,66.78999999999999
76,469,Fabian Schär,NEW,DEF,8.7,0.0,1.67,0.0,0.0,0.0,0.0,3.81,0.0,2.83,0.0,0.0,5.16,0.0,0.0,4.73,5.11,0.0,0.0,0.0,4.57,5.32,0.0,0.0,0.0,4.4,0.0,3.61,4.94,4.44,4.33,4.61,0.0,3.32,62.849999999999994
77,236,Jordan Pickford,EVE,GK,7.0,0.0,0.0,3.63,0.0,0.0,4.72,0.0,0.0,4.68,0.0,2.97,0.0,0.0,3.73,0.0,4.67,0.0,0.0,4.43,0.0,2.84,0.0,0.0,0.0,0.0,3.81,4.26,4.14,3.82,4.26,3.6,0.0,3.69,59.24999999999999
78,36,Tyrone Mings,AVL,DEF,8.0,0.0,0.0,0.0,0.0,0.0,0.0,0.0,0.0,0.0,0.0,0.0,0.0,0.0,0.0,0.0,0.0,0.0,0.0,0.0,0.0,0.0,0.0,0.0,0.0,0.0,0.0,0.0,0.0,0.0,0.0,0.0,0.0,0.0,0.0
79,396,Gabriel Jesus,ARS,FOR,10.0,0.0,0.0,0.0,0.0,0.0,0.0,0.0,0.0,0.0,1.57,4.44,0.0,0.0,0.0,5.46,4.82,0.0,0.0,0.0,3.51,4.03,0.0,0.0,0.0,5.54,0.0,3.75,5.34,4.41,5.94,4.75,0.0,4.09,57.64999999999999
80,392,Bernardo Silva,MCI,MID,8.3,0.0,2.44,0.0,0.0,0.0,0.0,3.98,0.0,3.74,0.0,4.16,0.0,0.0,4.44,0.0,3.17,0.0,0.0,0.0,2.42,2.71,0.0,0.0,0.0,0.0,2.94,4.5,2.95,2.94,3.9,3.02,0.0,3.54,50.85
81,3382,Dominik Szoboszlai,LIV,MID,9.0,0.0,4.91,0.0,0.0,0.0,0.0,3.0,0.0,0.0,3.52,3.69,0.0,0.0,0.0,4.11,3.17,0.0,0.0,0.0,3.11,3.89,0.0,0.0,0.0,0.0,3.81,3.54,3.59,2.56,3.86,3.52,0.0,3.24,53.52000000000001
82,975,Marc Guéhi,CRY,DEF,8.0,0.0,0.0,0.0,2.59,0.0,4.0,0.0,0.0,0.0,5.12,3.24,0.0,0.0,4.51,0.0,2.68,0.0,0.0,5.33,0.0,2.23,0.0,0.0,3.85,0.0,0.0,3.49,5.09,4.88,4.69,5.21,0.0,2.57,59.48
83,438,Aaron Wan-Bissaka,MUN,DEF,8.0,0.0,0.72,0.0,0.0,0.0,1.28,0.0,0.0,0.0,0.69,1.07,0.0,0.0,1.19,0.0,1.4,0.0,0.0,1.36,0.0,0.0,1.48,0.0,0.0,0.0,0.86,1.23,1.81,1.31,0.94,0.0,1.33,1.65,18.32
84,633,Diogo Jota,LIV,MID,9.1,0.0,4.89,0.0,0.0,0.0,0.0,3.13,0.0,0.0,3.76,4.09,0.0,0.0,0.0,4.38,3.47,0.0,0.0,0.0,3.47,4.54,0.0,0.0,0.0,0.0,4.41,4.1,4.21,2.68,4.43,3.98,0.0,3.49,59.03
85,48,Ezri Konsa,AVL,DEF,7.9,0.0,0.0,4.61,0.0,0.0,0.0,3.01,0.0,0.0,1.5,3.92,0.0,0.0,2.01,0.0,2.67,0.0,0.0,3.14,0.0,0.0,3.89,0.0,0.0,4.22,0.0,3.48,3.4,2.07,3.42,1.88,0.0,2.24,45.46
86,1905,Jurriën Timber,ARS,DEF,8.7,0.0,0.0,0.0,0.0,0.0,0.0,0.0,0.0,0.0,0.0,0.0,0.0,0.0,0.0,0.0,0.0,0.0,0.0,0.0,0.0,0.0,0.0,0.0,0.0,0.0,0.0,0.0,0.0,0.0,0.0,0.0,0.0,0.0,0.0
87,85,Leandro Trossard,ARS,MID,8.7,0.0,0.0,0.0,1.64,0.0,2.09,0.0,0.0,0.0,1.74,1.34,0.0,0.0,0.0,1.59,1.43,0.0,0.0,0.0,1.12,1.25,0.0,0.0,0.0,1.77,0.0,1.26,1.86,1.44,1.83,1.58,0.0,1.38,23.319999999999997
88,465,Joelinton,NEW,MID,8.0,0.0,2.45,0.0,0.0,0.0,0.0,3.54,0.0,2.91,0.0,0.0,3.37,0.0,0.0,3.1,3.4,0.0,0.0,0.0,3.12,3.3,0.0,0.0,0.0,2.89,0.0,3.09,3.32,3.47,3.39,3.09,0.0,2.98,47.419999999999995
89,348,Taiwo Awoniyi,FOR,FOR,7.5,3.83,0.0,0.0,0.0,0.0,2.91,0.0,0.0,2.94,0.0,0.0,0.0,3.71,2.42,0.0,0.0,3.66,0.0,2.83,0.0,3.58,0.0,0.0,0.0,0.0,2.66,3.23,3.06,3.35,3.82,3.2,0.0,3.28,48.480000000000004
90,3,Bernd Leno,FUL,GK,6.8,0.0,5.15,0.0,0.0,0.0,3.37,0.0,0.0,2.91,0.0,5.25,0.0,0.0,4.97,0.0,0.0,0.0,4.34,5.32,0.0,0.0,0.0,4.12,0.0,0.0,4.38,4.55,4.31,5.51,3.53,5.74,0.0,5.48,68.93
91,872,David Raya,ARS,GK,7.3,0.0,0.0,0.0,0.0,0.0,0.32,0.0,0.0,0.0,0.75,1.56,0.0,0.0,0.0,2.5,2.64,0.0,0.0,0.0,2.39,2.72,0.0,0.0,0.0,2.91,0.0,2.36,2.68,0.0,0.0,0.0,0.0,0.0,20.830000000000002
92,1247,Dominic Solanke,BOU,FOR,7.8,0.0,3.68,0.0,0.0,0.0,4.57,0.0,0.0,3.56,0.0,0.0,4.12,0.0,0.0,3.41,3.59,0.0,0.0,3.59,0.0,4.32,0.0,0.0,0.0,3.94,0.0,2.8,3.54,3.73,3.78,3.23,0.0,3.32,55.17999999999999
93,4,Eddie Nketiah,ARS,FOR,7.6,0.0,0.0,0.0,2.06,0.0,2.65,0.0,0.0,0.0,1.87,1.08,0.0,0.0,0.0,1.06,1.07,0.0,0.0,0.0,0.81,0.8,0.0,0.0,0.0,1.26,0.0,0.76,1.09,0.7,0.93,0.79,0.0,0.67,17.6
94,869,Rico Henry,BRE,DEF,7.8,0.0,2.9,0.0,0.0,0.0,3.64,0.0,0.0,3.73,0.0,0.0,1.8,0.0,3.54,0.0,0.0,3.3,0.0,1.78,0.0,3.55,0.0,0.0,0.0,2.15,0.0,3.44,1.56,2.15,4.38,1.98,0.0,3.63,43.53
95,104,James Tarkowski,EVE,DEF,7.8,0.0,0.0,2.26,0.0,0.0,3.78,0.0,0.0,3.58,0.0,1.57,0.0,0.0,2.19,0.0,4.05,0.0,0.0,3.53,0.0,1.15,0.0,0.0,0.0,0.0,2.55,2.21,2.91,2.1,3.1,2.08,0.0,2.41,39.47
96,1638,Joško Gvardiol,MCI,DEF,9.3,0.0,3.48,0.0,0.0,0.0,0.0,4.9,0.0,4.31,0.0,4.97,0.0,0.0,6.01,0.0,4.71,0.0,0.0,0.0,2.76,3.61,0.0,0.0,0.0,0.0,3.51,5.81,3.61,3.51,4.68,3.98,0.0,5.14,64.99
97,1076,Yoane Wissa,BRE,MID,7.6,0.0,4.02,0.0,0.0,0.0,3.93,0.0,0.0,4.63,0.0,0.0,2.95,0.0,4.14,0.0,0.0,3.79,0.0,3.19,0.0,3.92,0.0,0.0,0.0,3.42,0.0,4.3,3.24,3.57,4.24,3.3,0.0,3.75,56.39
98,1112,Odsonne Édouard,CRY,FOR,7.0,0.0,0.0,0.0,3.16,0.0,3.08,0.0,0.0,0.0,3.75,2.82,0.0,0.0,3.57,0.0,2.82,0.0,0.0,3.39,0.0,2.61,0.0,0.0,3.34,0.0,0.0,3.1,3.56,3.17,3.16,3.51,0.0,3.05,48.089999999999996
99,1285,Brennan Johnson,FOR,MID,8.0,3.57,0.0,0.0,0.0,0.0,2.58,0.0,0.0,2.63,0.0,0.0,0.0,3.24,2.26,0.0,0.0,3.1,0.0,2.48,0.0,3.17,0.0,0.0,0.0,0.0,2.41,2.95,2.79,2.88,3.24,2.76,0.0,2.81,42.870000000000005
100,1215,Alejandro Garnacho,MUN,MID,7.5,0.0,2.21,0.0,0.0,0.0,2.79,0.0,0.0,0.0,1.61,1.98,0.0,0.0,1.8,0.0,2.04,0.0,0.0,2.16,0.0,0.0,1.89,0.0,0.0,0.0,1.58,1.95,2.36,2.03,1.7,0.0,2.19,2.61,30.900000000000002
101,620,Max Kilman,WOL,DEF,7.7,0.0,2.28,0.0,0.0,0.0,3.48,0.0,0.0,0.0,3.4,1.78,0.0,0.0,3.86,0.0,1.2,0.0,0.0,2.73,0.0,3.61,0.0,0.0,0.0,1.98,0.0,3.66,2.55,2.64,1.03,3.3,0.0,4.12,41.61999999999999
102,46,Douglas Luiz,AVL,MID,8.0,0.0,0.0,4.47,0.0,0.0,0.0,2.88,0.0,0.0,2.93,3.65,0.0,0.0,3.01,0.0,3.0,0.0,0.0,2.74,0.0,0.0,3.96,0.0,0.0,3.43,0.0,3.35,3.32,3.08,3.7,2.45,0.0,2.83,48.800000000000004
103,653,Kenny Tete,FUL,DEF,7.4,0.0,3.46,0.0,0.0,0.0,1.5,0.0,0.0,0.86,0.0,4.11,0.0,0.0,3.22,0.0,0.0,0.0,2.66,3.71,0.0,0.0,0.0,2.05,0.0,0.0,1.87,2.33,2.42,3.45,1.62,3.44,0.0,3.26,39.96
104,35,Matty Cash,AVL,DEF,7.7,0.0,0.0,4.96,0.0,0.0,0.0,3.55,0.0,0.0,2.02,4.3,0.0,0.0,2.57,0.0,3.28,0.0,0.0,3.47,0.0,0.0,4.03,0.0,0.0,4.67,0.0,3.51,3.82,2.35,3.72,2.18,0.0,2.77,51.2
105,886,Ethan Pinnock,BRE,DEF,7.9,0.0,3.33,0.0,0.0,0.0,3.92,0.0,0.0,4.17,0.0,0.0,2.13,0.0,3.78,0.0,0.0,3.45,0.0,2.08,0.0,3.65,0.0,0.0,0.0,2.43,0.0,3.52,1.89,2.46,4.6,2.28,0.0,3.79,47.480000000000004
106,1440,Antony,MUN,MID,8.7,0.0,3.19,0.0,0.0,0.0,4.12,0.0,0.0,0.0,2.72,3.27,0.0,0.0,2.96,0.0,3.38,0.0,0.0,3.42,0.0,0.0,3.23,0.0,0.0,0.0,2.42,3.22,3.64,3.17,2.63,0.0,3.42,4.13,48.92000000000001
107,1315,Ivan Perišić,TOT,DEF,8.1,0.0,1.08,0.0,0.0,0.0,1.35,0.0,0.0,1.32,0.0,1.78,0.0,0.0,0.0,0.94,1.18,0.0,0.0,1.79,0.0,0.0,0.0,1.82,1.58,0.0,0.0,1.55,1.63,1.46,0.73,1.62,0.0,1.26,21.090000000000007
108,167,Thiago Silva,CHE,DEF,8.5,0.0,0.0,5.01,0.0,5.91,0.0,0.0,0.0,5.66,0.0,0.0,5.25,0.0,4.25,0.0,0.0,0.0,4.11,3.34,0.0,2.53,0.0,0.0,0.0,4.56,0.0,3.56,2.38,2.54,3.01,0.0,3.01,4.51,59.63
109,1011,José Sá,WOL,GK,6.9,0.0,4.87,0.0,0.0,0.0,4.97,0.0,0.0,0.0,4.63,3.7,0.0,0.0,4.82,0.0,3.05,0.0,0.0,4.22,0.0,4.63,0.0,0.0,0.0,3.99,0.0,4.98,4.08,4.13,3.31,4.84,0.0,5.06,65.28
110,1377,Rico Lewis,MCI,DEF,7.0,0.0,0.95,0.0,0.0,0.0,0.0,1.05,0.0,1.06,0.0,0.93,0.0,0.0,1.3,0.0,1.12,0.0,0.0,0.0,0.85,0.99,0.0,0.0,0.0,0.0,0.96,1.29,1.0,1.04,1.13,1.1,0.0,1.33,16.099999999999998
111,408,Diogo Dalot,MUN,DEF,8.2,0.0,2.81,0.0,0.0,0.0,4.97,0.0,0.0,0.0,1.84,3.09,0.0,0.0,3.14,0.0,4.11,0.0,0.0,3.58,0.0,0.0,3.78,0.0,0.0,0.0,2.06,3.05,4.84,3.47,2.19,0.0,3.3,4.69,50.91999999999999
112,71,Jason Steele,BHA,GK,7.0,0.0,4.81,0.0,0.0,0.0,4.03,0.0,0.0,2.97,0.0,2.35,0.0,0.0,0.0,2.57,1.94,0.0,0.0,0.0,1.86,1.44,0.0,0.0,0.0,0.0,2.93,2.17,2.76,2.99,2.39,2.91,0.0,3.18,41.300000000000004
113,3182,Mykhailo Mudryk,CHE,MID,8.2,0.0,0.0,2.61,0.0,3.05,0.0,0.0,0.0,2.59,0.0,0.0,2.41,0.0,2.31,0.0,0.0,0.0,2.32,2.21,0.0,2.12,0.0,0.0,0.0,2.35,0.0,2.16,1.76,1.94,2.34,0.0,2.1,2.36,34.63
114,1202,Dejan Kulusevski,TOT,MID,8.1,0.0,3.23,0.0,0.0,0.0,3.42,0.0,0.0,2.92,0.0,3.35,0.0,0.0,0.0,2.73,2.97,0.0,0.0,3.11,0.0,0.0,0.0,3.25,2.86,0.0,0.0,3.15,3.02,3.05,2.34,3.36,0.0,2.9,45.65999999999999
115,604,Aaron Cresswell,WHU,DEF,7.7,0.0,0.0,0.84,0.0,0.0,0.7,0.0,1.15,0.0,0.0,0.68,0.0,0.0,0.0,0.69,1.31,0.0,0.0,0.0,1.01,0.0,0.95,0.0,0.0,0.0,1.3,1.01,1.39,1.18,1.34,0.84,0.0,1.07,15.46
116,725,Danny Welbeck,BHA,FOR,7.5,0.0,2.37,0.0,0.0,0.0,2.42,0.0,0.0,2.04,0.0,1.92,0.0,0.0,0.0,2.9,1.83,0.0,0.0,0.0,2.21,1.47,0.0,0.0,0.0,0.0,2.37,2.19,2.57,2.43,2.12,2.55,0.0,2.54,33.93000000000001
117,175,Mateo Kovačić,MCI,MID,8.3,0.0,2.32,0.0,0.0,0.0,0.0,2.42,0.0,2.2,0.0,2.21,0.0,0.0,2.44,0.0,1.66,0.0,0.0,0.0,1.35,1.49,0.0,0.0,0.0,0.0,1.48,2.33,1.51,1.49,1.81,1.46,0.0,1.69,27.86
118,890,Mathias Jensen,BRE,MID,7.6,0.0,2.23,0.0,0.0,0.0,2.7,0.0,0.0,2.88,0.0,0.0,2.27,0.0,2.54,0.0,0.0,2.51,0.0,2.27,0.0,2.51,0.0,0.0,0.0,2.41,0.0,2.63,2.3,2.41,2.81,2.35,0.0,2.53,37.35000000000001
119,335,Youri Tielemans,AVL,MID,8.1,0.0,0.0,1.82,0.0,0.0,0.0,2.09,0.0,0.0,2.18,2.42,0.0,0.0,2.31,0.0,2.46,0.0,0.0,2.22,0.0,0.0,2.59,0.0,0.0,2.63,0.0,2.42,2.6,2.23,2.42,2.06,0.0,2.31,34.760000000000005
120,1326,Aaron Hickey,BRE,DEF,7.5,0.0,2.59,0.0,0.0,0.0,3.25,0.0,0.0,3.41,0.0,0.0,1.61,0.0,3.1,0.0,0.0,2.9,0.0,1.59,0.0,3.11,0.0,0.0,0.0,1.91,0.0,2.99,1.39,1.88,3.77,1.74,0.0,3.14,38.38
121,2405,Axel Disasi,CHE,DEF,8.4,0.0,0.0,4.17,0.0,4.69,0.0,0.0,0.0,4.65,0.0,0.0,4.16,0.0,3.2,0.0,0.0,0.0,3.04,2.83,0.0,2.08,0.0,0.0,0.0,3.41,0.0,2.55,1.83,1.96,2.48,0.0,2.14,3.4,46.589999999999996
122,340,Joe Gomez,LIV,DEF,8.2,0.0,1.17,0.0,0.0,0.0,0.0,0.81,0.0,0.0,1.24,1.34,0.0,0.0,0.0,1.38,0.98,0.0,0.0,0.0,1.05,1.66,0.0,0.0,0.0,0.0,1.67,1.62,1.58,0.78,1.55,1.62,0.0,1.44,19.89
123,1230,Jefferson Lerma,CRY,MID,7.0,0.0,0.0,0.0,2.53,0.0,2.68,0.0,0.0,0.0,2.81,2.36,0.0,0.0,2.7,0.0,2.24,0.0,0.0,2.88,0.0,2.16,0.0,0.0,2.56,0.0,0.0,2.21,2.72,2.65,3.03,3.01,0.0,2.37,38.90999999999999
124,222,Alex Iwobi,EVE,MID,7.8,0.0,0.0,3.02,0.0,0.0,3.19,0.0,0.0,3.01,0.0,2.75,0.0,0.0,2.71,0.0,3.0,0.0,0.0,3.22,0.0,2.72,0.0,0.0,0.0,0.0,2.91,2.91,2.85,2.89,2.85,2.78,0.0,2.96,43.77
125,3212,Pedro Porro,TOT,DEF,7.8,0.0,0.8,0.0,0.0,0.0,1.01,0.0,0.0,1.02,0.0,1.37,0.0,0.0,0.0,0.73,1.01,0.0,0.0,1.36,0.0,0.0,0.0,1.44,1.1,0.0,0.0,1.19,1.13,1.18,0.63,1.31,0.0,1.03,16.310000000000002
126,538,Ben Davies,TOT,DEF,7.8,0.0,0.3,0.0,0.0,0.0,0.43,0.0,0.0,0.44,0.0,0.71,0.0,0.0,0.0,0.39,0.46,0.0,0.0,0.68,0.0,0.0,0.0,0.69,0.58,0.0,0.0,0.57,0.68,0.57,0.34,0.6,0.0,0.5,7.9399999999999995
127,719,Joachim Andersen,CRY,DEF,7.8,0.0,0.0,0.0,2.53,0.0,3.8,0.0,0.0,0.0,5.13,3.1,0.0,0.0,4.21,0.0,2.54,0.0,0.0,5.08,0.0,2.15,0.0,0.0,3.61,0.0,0.0,3.44,4.74,4.58,4.44,5.01,0.0,2.45,56.809999999999995
128,374,João Cancelo,MCI,DEF,9.3,0.0,0.0,0.0,0.0,0.0,0.0,0.0,0.0,0.0,0.0,0.0,0.0,0.0,0.0,0.0,0.0,0.0,0.0,0.0,0.0,0.0,0.0,0.0,0.0,0.0,0.0,0.0,0.0,0.0,0.0,0.0,0.0,0.0,0.0
129,994,Ashley Young,EVE,DEF,7.2,0.0,0.0,2.0,0.0,0.0,2.89,0.0,0.0,2.82,0.0,1.48,0.0,0.0,1.85,0.0,3.05,0.0,0.0,2.69,0.0,1.25,0.0,0.0,0.0,0.0,2.05,1.88,2.34,1.86,2.48,1.85,0.0,2.07,32.56
130,734,Saïd Benrahma,WHU,MID,7.9,0.0,0.0,3.23,0.0,0.0,2.74,0.0,3.17,0.0,0.0,2.49,0.0,0.0,0.0,2.84,3.47,0.0,0.0,0.0,2.94,0.0,2.62,0.0,0.0,0.0,3.62,2.85,3.62,2.97,3.24,2.93,0.0,3.03,45.760000000000005
131,399,Raheem Sterling,CHE,MID,8.7,0.0,0.0,3.66,0.0,4.2,0.0,0.0,0.0,4.01,0.0,0.0,3.85,0.0,3.48,0.0,0.0,0.0,3.39,3.12,0.0,3.08,0.0,0.0,0.0,3.52,0.0,3.09,2.63,2.78,3.28,0.0,2.98,3.3,50.370000000000005
132,185,Tyrick Mitchell,CRY,DEF,7.7,0.0,0.0,0.0,2.43,0.0,3.05,0.0,0.0,0.0,4.19,2.84,0.0,0.0,3.36,0.0,2.24,0.0,0.0,3.94,0.0,2.19,0.0,0.0,2.77,0.0,0.0,3.23,3.84,4.12,3.56,4.04,0.0,2.38,48.18
133,58,Marvelous Nakamba,LUT,MID,6.6,0.0,0.0,0.0,0.0,4.04,0.0,0.0,3.88,0.0,0.0,3.41,0.0,0.0,3.33,0.0,3.03,0.0,0.0,3.4,0.0,2.66,0.0,0.0,0.0,3.33,0.0,3.53,3.57,3.79,3.08,3.4,0.0,2.87,47.31999999999999
134,178,Joel Ward,CRY,DEF,7.5,0.0,0.0,0.0,2.19,0.0,2.63,0.0,0.0,0.0,3.79,2.56,0.0,0.0,3.21,0.0,2.01,0.0,0.0,3.42,0.0,1.99,0.0,0.0,2.49,0.0,0.0,3.0,3.36,3.77,3.1,3.58,0.0,2.16,43.260000000000005
135,168,Conor Gallagher,CHE,MID,7.8,0.0,0.0,2.97,0.0,2.96,0.0,0.0,0.0,2.91,0.0,0.0,2.55,0.0,2.16,0.0,0.0,0.0,2.22,1.97,0.0,1.96,0.0,0.0,0.0,2.23,0.0,2.02,1.8,1.97,2.17,0.0,2.07,2.25,34.21
136,608,Issa Diop,FUL,DEF,7.3,0.0,3.4,0.0,0.0,0.0,1.21,0.0,0.0,0.89,0.0,3.65,0.0,0.0,3.1,0.0,0.0,0.0,2.32,3.82,0.0,0.0,0.0,2.13,0.0,0.0,1.6,2.14,2.19,3.51,1.35,4.09,0.0,3.83,39.230000000000004
137,59,John McGinn,AVL,MID,7.7,0.0,0.0,2.89,0.0,0.0,0.0,2.53,0.0,0.0,2.41,2.56,0.0,0.0,2.32,0.0,2.44,0.0,0.0,2.25,0.0,0.0,2.47,0.0,0.0,2.6,0.0,2.35,2.62,2.26,2.43,2.09,0.0,2.34,36.56
138,95,Robert Sánchez,CHE,GK,6.6,0.0,0.0,4.9,0.0,5.81,0.0,0.0,0.0,5.45,0.0,0.0,5.39,0.0,4.68,0.0,0.0,0.0,4.48,4.55,0.0,3.75,0.0,0.0,0.0,5.05,0.0,4.04,3.44,4.07,5.04,0.0,4.32,5.51,70.48
139,160,Kurt Zouma,WHU,DEF,7.4,0.0,0.0,2.48,0.0,0.0,1.52,0.0,3.47,0.0,0.0,1.35,0.0,0.0,0.0,1.18,3.75,0.0,0.0,0.0,2.23,0.0,2.0,0.0,0.0,0.0,3.39,2.21,3.63,2.8,3.34,1.62,0.0,2.41,37.379999999999995
140,531,Pierre Højbjerg,TOT,MID,8.1,0.0,0.82,0.0,0.0,0.0,0.9,0.0,0.0,0.86,0.0,1.01,0.0,0.0,0.0,0.96,1.01,0.0,0.0,1.04,0.0,0.0,0.0,1.06,1.03,0.0,0.0,1.02,0.95,0.92,0.8,0.96,0.0,0.89,14.23
141,345,Neco Williams,FOR,DEF,6.8,0.95,0.0,0.0,0.0,0.0,0.55,0.0,0.0,0.63,0.0,0.0,0.0,1.18,0.34,0.0,0.0,1.1,0.0,0.96,0.0,1.39,0.0,0.0,0.0,0.0,0.54,1.11,0.98,0.94,1.25,0.93,0.0,1.11,13.959999999999999
142,1437,Lucas Paquetá,WHU,MID,8.0,0.0,0.0,4.05,0.0,0.0,2.78,0.0,3.36,0.0,0.0,2.15,0.0,0.0,0.0,2.6,3.05,0.0,0.0,0.0,2.87,0.0,2.55,0.0,0.0,0.0,3.01,2.64,2.93,2.67,3.15,2.78,0.0,2.85,43.440000000000005
143,1689,Christopher Nkunku,CHE,FOR,9.4,0.0,0.0,0.0,0.0,0.0,0.0,0.0,0.0,0.0,0.0,0.0,0.0,0.0,0.0,0.0,0.0,0.0,0.0,0.0,0.0,0.0,0.0,0.0,0.0,0.0,0.0,0.0,0.0,0.0,0.0,0.0,0.0,0.0,0.0
144,1227,Philip Billing,BOU,MID,7.8,0.0,2.95,0.0,0.0,0.0,3.22,0.0,0.0,2.66,0.0,0.0,3.04,0.0,0.0,2.66,2.7,0.0,0.0,2.72,0.0,3.02,0.0,0.0,0.0,2.86,0.0,2.19,2.81,2.84,2.87,2.58,0.0,2.64,41.76
145,1408,Matheus Nunes,WOL,MID,7.6,0.0,3.06,0.0,0.0,0.0,2.83,0.0,0.0,0.0,2.99,2.94,0.0,0.0,3.09,0.0,2.29,0.0,0.0,2.73,0.0,2.93,0.0,0.0,0.0,2.66,0.0,2.72,2.82,2.76,2.61,2.74,0.0,2.82,41.99
146,1072,Cristian Romero,TOT,DEF,7.9,0.0,2.91,0.0,0.0,0.0,5.15,0.0,0.0,3.19,0.0,5.34,0.0,0.0,0.0,1.61,2.69,0.0,0.0,4.83,0.0,0.0,0.0,4.32,4.08,0.0,0.0,3.41,4.01,3.73,0.92,5.1,0.0,2.89,54.18
147,1069,Leon Bailey,AVL,MID,7.8,0.0,0.0,3.23,0.0,0.0,0.0,2.56,0.0,0.0,2.24,2.56,0.0,0.0,2.3,0.0,2.45,0.0,0.0,2.03,0.0,0.0,2.15,0.0,0.0,2.34,0.0,2.09,2.41,1.89,2.07,1.72,0.0,2.0,34.04
148,266,Bobby Reid,FUL,MID,6.7,0.0,0.98,0.0,0.0,0.0,0.83,0.0,0.0,0.67,0.0,0.94,0.0,0.0,0.89,0.0,0.0,0.0,0.99,1.05,0.0,0.0,0.0,1.04,0.0,0.0,0.93,1.03,1.0,1.16,0.98,1.18,0.0,1.13,14.8
149,1255,Julio César Enciso,BHA,MID,7.9,0.0,1.85,0.0,0.0,0.0,2.06,0.0,0.0,1.77,0.0,1.83,0.0,0.0,0.0,2.62,1.84,0.0,0.0,0.0,2.26,1.49,0.0,0.0,0.0,0.0,2.42,2.25,2.64,2.23,1.95,2.32,0.0,2.34,31.87
150,1002,Ibrahima Konaté,LIV,DEF,9.0,0.0,5.93,0.0,0.0,0.0,0.0,2.47,0.0,0.0,3.83,4.14,0.0,0.0,0.0,4.81,2.78,0.0,0.0,0.0,2.37,4.48,0.0,0.0,0.0,0.0,4.41,4.38,3.79,1.44,3.68,3.97,0.0,3.7,56.18
151,430,Andreas Pereira,FUL,MID,7.9,0.0,4.04,0.0,0.0,0.0,3.16,0.0,0.0,2.6,0.0,3.84,0.0,0.0,3.42,0.0,0.0,0.0,3.62,3.97,0.0,0.0,0.0,3.48,0.0,0.0,3.17,3.59,3.24,4.21,3.3,4.27,0.0,4.1,54.01
152,1659,Rasmus Højlund,MUN,FOR,9.1,0.0,0.0,0.0,0.0,0.0,0.0,0.0,0.0,0.0,0.0,0.0,0.0,0.0,0.0,0.0,0.0,0.0,0.0,0.0,0.0,0.0,0.0,0.0,0.0,0.0,0.0,0.0,0.0,0.0,0.0,0.0,0.0,0.0,0.0
153,588,Michail Antonio,WHU,FOR,7.7,0.0,0.0,3.2,0.0,0.0,2.65,0.0,3.03,0.0,0.0,2.38,0.0,0.0,0.0,2.63,3.22,0.0,0.0,0.0,2.74,0.0,2.38,0.0,0.0,0.0,3.28,2.66,3.28,2.76,2.96,2.69,0.0,2.8,42.65999999999999
154,1405,Iyenoma Udogie,TOT,DEF,7.7,0.0,3.39,0.0,0.0,0.0,4.26,0.0,0.0,3.46,0.0,4.65,0.0,0.0,0.0,2.05,2.83,0.0,0.0,4.26,0.0,0.0,0.0,4.06,3.46,0.0,0.0,3.48,3.85,3.7,1.4,4.23,0.0,3.11,52.19
155,570,Sam Johnstone,CRY,GK,6.5,0.0,0.0,0.0,3.79,0.0,4.43,0.0,0.0,0.0,5.46,4.06,0.0,0.0,4.62,0.0,4.02,0.0,0.0,4.89,0.0,3.78,0.0,0.0,4.07,0.0,0.0,4.67,5.35,5.11,4.41,4.92,0.0,3.68,67.26
156,511,Danny Ings,WHU,FOR,8.1,0.0,0.0,2.13,0.0,0.0,1.89,0.0,2.24,0.0,0.0,1.73,0.0,0.0,0.0,1.88,2.5,0.0,0.0,0.0,2.09,0.0,1.92,0.0,0.0,0.0,2.53,2.07,2.72,2.08,2.26,2.04,0.0,2.12,32.199999999999996
157,542,Serge Aurier,FOR,DEF,7.0,4.19,0.0,0.0,0.0,0.0,1.56,0.0,0.0,1.84,0.0,0.0,0.0,3.27,0.63,0.0,0.0,2.76,0.0,2.55,0.0,3.75,0.0,0.0,0.0,0.0,1.24,2.76,2.31,2.3,3.14,2.3,0.0,2.84,37.44
158,623,Raúl Jiménez,FUL,FOR,7.4,0.0,2.32,0.0,0.0,0.0,1.37,0.0,0.0,1.09,0.0,1.66,0.0,0.0,1.5,0.0,0.0,0.0,1.59,1.67,0.0,0.0,0.0,1.55,0.0,0.0,1.4,1.44,1.37,1.74,1.39,1.76,0.0,1.68,23.53
159,1113,Emerson,TOT,DEF,7.9,0.0,3.48,0.0,0.0,0.0,4.8,0.0,0.0,3.18,0.0,4.59,0.0,0.0,0.0,1.85,2.53,0.0,0.0,4.07,0.0,0.0,0.0,3.78,3.66,0.0,0.0,3.16,3.78,3.47,1.29,4.69,0.0,2.84,51.17
160,1269,João Palhinha,FUL,MID,7.9,0.0,0.35,0.0,0.0,0.0,1.09,0.0,0.0,2.35,0.0,4.1,0.0,0.0,4.0,0.0,0.0,0.0,3.81,3.5,0.0,0.0,0.0,3.59,0.0,0.0,3.1,3.64,3.39,3.27,3.32,3.3,0.0,4.03,46.84
161,613,Łukasz Fabiański,WHU,GK,6.8,0.0,0.0,0.4,0.0,0.0,0.4,0.0,0.63,0.0,0.0,0.43,0.0,0.0,0.0,0.49,0.7,0.0,0.0,0.0,0.68,0.0,0.6,0.0,0.0,0.0,0.84,0.84,0.83,0.77,0.86,0.68,0.0,0.72,9.87
162,713,Carlos Vinícius,FUL,FOR,6.9,0.0,0.39,0.0,0.0,0.0,0.31,0.0,0.0,0.35,0.0,0.62,0.0,0.0,0.49,0.0,0.0,0.0,0.56,0.62,0.0,0.0,0.0,0.55,0.0,0.0,0.5,0.66,0.61,0.69,0.55,0.7,0.0,0.66,8.260000000000002
163,346,James Milner,BHA,MID,6.6,0.0,1.26,0.0,0.0,0.0,1.37,0.0,0.0,1.2,0.0,1.16,0.0,0.0,0.0,1.32,1.21,0.0,0.0,0.0,1.32,1.17,0.0,0.0,0.0,0.0,1.33,1.31,1.31,1.38,1.3,1.35,0.0,1.37,19.360000000000003
164,1117,Mathias Jørgensen,BRE,DEF,6.6,0.0,0.0,0.0,0.0,0.0,0.0,0.0,0.0,0.0,0.0,0.0,0.0,0.0,0.0,0.0,0.0,0.0,0.0,0.0,0.0,0.0,0.0,0.0,0.0,0.0,0.0,0.0,0.0,0.0,0.0,0.0,0.0,0.0,0.0
165,622,Daniel Podence,WOL,MID,7.6,0.0,1.07,0.0,0.0,0.0,1.09,0.0,0.0,0.0,1.1,1.19,0.0,0.0,1.2,0.0,0.95,0.0,0.0,1.11,0.0,1.2,0.0,0.0,0.0,1.09,0.0,1.27,1.36,1.2,1.07,1.31,0.0,1.37,17.58
166,91,Joël Veltman,BHA,DEF,7.9,0.0,0.96,0.0,0.0,0.0,0.9,0.0,0.0,0.73,0.0,0.72,0.0,0.0,0.0,1.21,0.94,0.0,0.0,0.0,0.9,0.53,0.0,0.0,0.0,0.0,1.13,1.12,1.39,1.13,0.87,1.09,0.0,1.23,14.85
167,311,Demarai Gray,EVE,MID,7.7,0.0,0.0,1.74,0.0,0.0,1.96,0.0,0.0,1.77,0.0,1.7,0.0,0.0,1.65,0.0,2.02,0.0,0.0,2.05,0.0,1.62,0.0,0.0,0.0,0.0,1.91,1.91,1.74,2.04,2.1,1.88,0.0,2.05,28.14
168,224,Anthony Gordon,NEW,MID,7.8,0.0,1.42,0.0,0.0,0.0,0.0,1.53,0.0,1.31,0.0,0.0,1.5,0.0,0.0,1.45,1.57,0.0,0.0,0.0,1.4,1.51,0.0,0.0,0.0,1.43,0.0,1.5,1.5,1.73,1.72,1.59,0.0,1.49,22.649999999999995
169,716,Thomas Partey,ARS,MID,7.6,0.0,0.0,0.0,3.77,0.0,3.39,0.0,0.0,0.0,2.99,2.94,0.0,0.0,0.0,3.33,3.3,0.0,0.0,0.0,2.14,2.36,0.0,0.0,0.0,2.92,0.0,2.43,2.44,2.73,2.97,2.94,0.0,2.54,43.18999999999999
170,866,Emi Buendía,AVL,MID,7.9,0.0,0.0,0.0,0.0,0.0,0.0,0.0,0.0,0.0,0.0,0.0,0.0,0.0,0.0,0.0,0.0,0.0,0.0,0.0,0.0,0.0,0.0,0.0,0.0,0.0,0.0,0.0,0.0,0.0,0.0,0.0,0.0,0.0,0.0
171,115,Dwight McNeil,EVE,MID,7.9,0.0,0.0,0.0,0.0,0.0,0.0,0.0,0.0,0.0,0.0,0.0,0.0,0.0,0.0,0.0,0.0,0.0,0.0,0.0,0.0,0.0,0.0,0.0,0.0,0.0,0.0,0.0,0.0,0.0,0.0,0.0,0.0,0.0,0.0
172,56,Jacob Ramsey,AVL,MID,8.0,0.0,0.0,0.0,0.0,0.0,0.0,0.0,0.0,0.0,0.0,0.48,0.0,0.0,1.18,0.0,2.16,0.0,0.0,2.55,0.0,0.0,2.92,0.0,0.0,3.03,0.0,2.69,3.18,2.65,2.89,2.4,0.0,2.78,28.909999999999997
173,3178,Álex Moreno,AVL,DEF,7.9,0.0,0.0,0.0,0.0,0.0,0.0,0.0,0.0,0.0,0.27,2.94,0.0,0.0,2.12,0.0,2.71,0.0,0.0,2.9,0.0,0.0,3.28,0.0,0.0,3.89,0.0,2.92,3.32,2.02,3.02,1.99,0.0,2.39,33.769999999999996
174,3384,Carlton Morris,LUT,FOR,7.1,0.0,0.0,0.0,0.0,3.42,0.0,0.0,4.43,0.0,0.0,3.59,0.0,0.0,4.55,0.0,3.65,0.0,0.0,4.22,0.0,3.67,0.0,0.0,0.0,3.17,0.0,3.75,3.25,3.87,3.47,3.6,0.0,2.97,51.60999999999999
175,263,Antonee Robinson,FUL,DEF,7.7,0.0,3.35,0.0,0.0,0.0,1.32,0.0,0.0,0.78,0.0,4.05,0.0,0.0,3.22,0.0,0.0,0.0,2.46,3.71,0.0,0.0,0.0,1.99,0.0,0.0,1.75,2.21,2.4,3.6,1.49,3.87,0.0,3.65,39.849999999999994
176,844,Anthony Elanga,FOR,MID,7.2,1.07,0.0,0.0,0.0,0.0,0.84,0.0,0.0,0.84,0.0,0.0,0.0,1.1,0.82,0.0,0.0,1.06,0.0,0.92,0.0,1.19,0.0,0.0,0.0,0.0,0.88,1.01,1.01,1.03,1.14,0.98,0.0,1.0,14.89
177,84,Tariq Lamptey,BHA,DEF,7.4,0.0,0.48,0.0,0.0,0.0,0.49,0.0,0.0,0.54,0.0,0.44,0.0,0.0,0.0,0.75,0.58,0.0,0.0,0.0,0.55,0.37,0.0,0.0,0.0,0.0,0.7,0.74,0.89,0.73,0.57,0.71,0.0,0.78,9.319999999999999
178,386,Aymeric Laporte,MCI,DEF,8.6,0.0,0.37,0.0,0.0,0.0,0.0,0.56,0.0,0.84,0.0,0.9,0.0,0.0,1.27,0.0,1.28,0.0,0.0,0.0,0.91,1.03,0.0,0.0,0.0,0.0,0.96,1.31,1.12,1.08,1.18,1.15,0.0,1.4,15.360000000000001
179,1256,Jan Paul van Hecke,BHA,DEF,6.7,0.0,0.83,0.0,0.0,0.0,0.66,0.0,0.0,0.57,0.0,0.53,0.0,0.0,0.0,0.84,0.64,0.0,0.0,0.0,0.63,0.46,0.0,0.0,0.0,0.0,0.85,0.78,1.13,0.81,0.62,0.78,0.0,0.87,10.999999999999996
180,1397,Marcos Senesi,BOU,DEF,6.9,0.0,0.74,0.0,0.0,0.0,2.86,0.0,0.0,2.17,0.0,0.0,2.41,0.0,0.0,1.18,1.42,0.0,0.0,2.85,0.0,3.68,0.0,0.0,0.0,3.04,0.0,0.07,1.99,3.24,2.76,2.67,0.0,1.26,32.339999999999996
181,192,Jordan Ayew,CRY,FOR,7.6,0.0,0.0,0.0,2.63,0.0,2.42,0.0,0.0,0.0,2.75,2.37,0.0,0.0,2.67,0.0,2.32,0.0,0.0,2.51,0.0,2.19,0.0,0.0,2.58,0.0,0.0,2.46,2.6,2.62,2.52,2.64,0.0,2.46,37.74000000000001
182,237,Lucas Digne,AVL,DEF,7.6,0.0,0.0,4.57,0.0,0.0,0.0,3.38,0.0,0.0,1.82,1.8,0.0,0.0,1.09,0.0,1.41,0.0,0.0,1.45,0.0,0.0,1.52,0.0,0.0,1.75,0.0,1.49,1.62,0.99,1.34,0.95,0.0,1.13,26.309999999999995
183,405,Harry Maguire,MUN,DEF,8.0,0.0,0.39,0.0,0.0,0.0,0.64,0.0,0.0,0.0,0.46,0.7,0.0,0.0,0.8,0.0,0.8,0.0,0.0,0.85,0.0,0.0,1.0,0.0,0.0,0.0,0.65,0.8,1.2,0.97,0.68,0.0,0.95,1.19,12.079999999999998
184,148,Kepa Arrizabalaga,CHE,GK,7.2,0.0,0.0,0.0,0.0,0.0,0.0,0.0,0.0,0.0,0.0,0.0,0.0,0.0,0.0,0.0,0.0,0.0,0.0,0.0,0.0,0.0,0.0,0.0,0.0,0.0,0.0,0.0,0.0,0.0,0.0,0.0,0.0,0.0,0.0
185,599,Tomáš Souček,WHU,MID,7.7,0.0,0.0,2.81,0.0,0.0,2.47,0.0,2.78,0.0,0.0,2.2,0.0,0.0,0.0,2.51,2.77,0.0,0.0,0.0,2.53,0.0,2.35,0.0,0.0,0.0,2.81,2.41,2.77,2.44,2.67,2.45,0.0,2.51,38.480000000000004
186,1037,Jadon Sancho,MUN,MID,8.3,0.0,1.63,0.0,0.0,0.0,2.26,0.0,0.0,0.0,1.7,2.15,0.0,0.0,1.81,0.0,2.19,0.0,0.0,2.17,0.0,0.0,2.18,0.0,0.0,0.0,1.64,2.11,2.78,2.16,1.83,0.0,2.28,2.66,31.55
187,1001,Michael Olise,CRY,MID,7.9,0.0,0.0,0.0,0.0,0.0,0.0,0.0,0.0,0.0,0.0,0.0,0.0,0.0,0.34,0.0,0.54,0.0,0.0,0.75,0.0,0.58,0.0,0.0,0.7,0.0,0.0,0.8,0.82,0.71,0.68,0.72,0.0,0.65,7.29
188,741,James Trafford,BUR,GK,6.6,0.0,0.0,0.0,0.0,0.0,0.0,3.17,0.0,2.69,0.0,0.0,0.0,3.31,3.13,0.0,2.49,0.0,0.0,3.02,0.0,2.82,0.0,0.0,0.0,3.21,0.0,3.95,2.18,3.6,4.37,3.49,0.0,3.15,44.58
189,3377,Jordan Beyer,BUR,DEF,6.6,0.0,0.0,0.0,0.0,0.0,0.0,3.99,0.0,3.61,0.0,0.0,0.0,3.54,3.21,0.0,1.63,0.0,0.0,3.21,0.0,2.27,0.0,0.0,0.0,3.47,0.0,4.57,1.18,4.88,4.82,3.21,0.0,1.69,45.28
190,209,Dominic Calvert-Lewin,EVE,FOR,7.9,0.0,0.0,1.54,0.0,0.0,3.09,0.0,0.0,3.42,0.0,3.02,0.0,0.0,3.07,0.0,3.46,0.0,0.0,3.69,0.0,2.93,0.0,0.0,0.0,0.0,3.24,3.19,2.96,3.13,3.25,2.89,0.0,3.18,46.06
191,1317,Nayef Aguerd,WHU,DEF,7.3,0.0,0.0,2.86,0.0,0.0,1.74,0.0,3.93,0.0,0.0,1.48,0.0,0.0,0.0,1.36,4.17,0.0,0.0,0.0,2.53,0.0,2.23,0.0,0.0,0.0,3.89,2.46,4.13,3.08,3.79,1.85,0.0,2.7,42.2
192,24,Willian,FUL,MID,7.7,0.0,3.49,0.0,0.0,0.0,2.77,0.0,0.0,2.4,0.0,3.34,0.0,0.0,3.0,0.0,0.0,0.0,3.16,3.34,0.0,0.0,0.0,3.04,0.0,0.0,2.75,3.11,2.92,3.41,2.81,3.46,0.0,3.36,46.36000000000001
193,545,Eric Dier,TOT,DEF,8.0,0.0,0.53,0.0,0.0,0.0,0.39,0.0,0.0,0.48,0.0,0.53,0.0,0.0,0.0,0.34,0.41,0.0,0.0,0.72,0.0,0.0,0.0,0.65,0.66,0.0,0.0,0.61,0.6,0.65,0.39,0.68,0.0,0.57,8.21
194,19,Kieran Tierney,ARS,DEF,8.0,0.0,0.0,0.0,0.4,0.0,0.43,0.0,0.0,0.0,0.26,0.2,0.0,0.0,0.0,0.24,0.24,0.0,0.0,0.0,0.19,0.2,0.0,0.0,0.0,0.34,0.0,0.27,0.33,0.3,0.39,0.37,0.0,0.3,4.46
195,3421,Guglielmo Vicario,TOT,GK,7.0,0.0,4.46,0.0,0.0,0.0,5.08,0.0,0.0,4.41,0.0,5.36,0.0,0.0,0.0,3.51,3.72,0.0,0.0,5.02,0.0,0.0,0.0,4.71,4.75,0.0,0.0,4.44,5.12,4.59,3.02,4.85,0.0,4.36,67.39999999999999
196,490,George Baldock,SHU,DEF,6.9,2.48,0.0,0.0,0.0,0.0,0.0,1.31,0.0,3.45,0.0,1.08,0.0,0.0,0.0,2.06,1.74,0.0,0.0,1.77,0.0,0.0,2.17,0.0,0.0,0.68,0.0,3.29,1.16,3.18,2.13,1.88,0.0,2.62,31.0
197,1897,Mark Flekken,BRE,GK,6.9,0.0,4.63,0.0,0.0,0.0,5.15,0.0,0.0,5.36,0.0,0.0,4.05,0.0,5.59,0.0,0.0,5.11,0.0,4.24,0.0,5.01,0.0,0.0,0.0,4.35,0.0,5.07,3.76,4.11,5.63,4.82,0.0,5.36,72.24
198,1171,Nathan Patterson,EVE,DEF,7.2,0.0,0.0,2.37,0.0,0.0,3.28,0.0,0.0,3.24,0.0,1.69,0.0,0.0,2.05,0.0,3.58,0.0,0.0,3.07,0.0,1.43,0.0,0.0,0.0,0.0,2.4,2.14,2.66,2.09,2.65,2.1,0.0,2.36,37.11
199,397,Cole Palmer,MCI,MID,6.5,0.0,0.98,0.0,0.0,0.0,0.0,0.97,0.0,1.08,0.0,0.87,0.0,0.0,1.18,0.0,1.0,0.0,0.0,0.0,0.8,1.02,0.0,0.0,0.0,0.0,0.94,1.26,0.94,0.99,1.08,0.93,0.0,1.07,15.11
200,1252,Matt Turner,FOR,GK,6.1,5.1,0.0,0.0,0.0,0.0,3.25,0.0,0.0,3.13,0.0,0.0,0.0,4.43,2.21,0.0,0.0,4.18,0.0,3.79,0.0,4.69,0.0,0.0,0.0,0.0,2.56,3.87,3.6,4.25,4.9,3.49,0.0,4.34,57.790000000000006
201,154,Emerson Palmieri,WHU,DEF,7.1,0.0,0.0,2.54,0.0,0.0,1.69,0.0,3.36,0.0,0.0,1.47,0.0,0.0,0.0,1.42,3.38,0.0,0.0,0.0,2.23,0.0,1.98,0.0,0.0,0.0,3.18,2.11,3.16,2.53,3.04,1.7,0.0,2.29,36.080000000000005
202,66,Yves Bissouma,TOT,MID,7.3,0.0,4.68,0.0,0.0,0.0,5.49,0.0,0.0,3.53,0.0,4.84,0.0,0.0,0.0,3.47,3.91,0.0,0.0,4.76,0.0,0.0,0.0,4.75,4.75,0.0,0.0,4.33,3.01,2.76,1.96,4.0,0.0,2.42,58.66
203,3416,Anel Ahmedhodzic,SHU,DEF,7.1,2.59,0.0,0.0,0.0,0.0,0.0,1.36,0.0,3.73,0.0,1.1,0.0,0.0,0.0,2.32,1.92,0.0,0.0,1.93,0.0,0.0,2.45,0.0,0.0,0.6,0.0,3.88,1.15,3.82,2.33,2.13,0.0,3.02,34.33
204,445,Jacob Murphy,NEW,MID,7.0,0.0,0.66,0.0,0.0,0.0,0.0,0.98,0.0,0.82,0.0,0.0,1.05,0.0,0.0,1.01,1.05,0.0,0.0,0.0,0.96,1.12,0.0,0.0,0.0,0.99,0.0,1.05,1.03,1.12,1.12,1.04,0.0,0.98,14.98
205,1080,Romelu Lukaku,CHE,FOR,9.3,0.0,0.0,0.0,0.0,0.0,0.0,0.0,0.0,0.0,0.0,0.0,0.48,0.0,0.52,0.0,0.0,0.0,0.45,0.43,0.0,0.41,0.0,0.0,0.0,0.55,0.0,0.54,0.51,0.47,0.58,0.0,0.52,0.59,6.049999999999999
206,733,Craig Dawson,WOL,DEF,7.3,0.0,2.35,0.0,0.0,0.0,3.74,0.0,0.0,0.0,3.49,1.83,0.0,0.0,4.09,0.0,1.12,0.0,0.0,2.86,0.0,3.89,0.0,0.0,0.0,2.05,0.0,3.94,2.73,2.87,0.96,3.54,0.0,4.6,44.06
207,1254,Diego Carlos,AVL,DEF,7.3,0.0,0.0,1.7,0.0,0.0,0.0,1.64,0.0,0.0,1.01,1.65,0.0,0.0,1.07,0.0,1.5,0.0,0.0,1.53,0.0,0.0,1.74,0.0,0.0,2.02,0.0,1.7,1.96,1.15,1.62,1.13,0.0,1.35,22.77
208,898,Nathan Collins,BRE,DEF,7.3,0.0,2.35,0.0,0.0,0.0,2.79,0.0,0.0,2.9,0.0,0.0,1.67,0.0,2.94,0.0,0.0,2.9,0.0,1.69,0.0,3.15,0.0,0.0,0.0,2.03,0.0,3.24,1.55,2.03,3.83,1.89,0.0,3.23,38.190000000000005
209,77,Adam Webster,BHA,DEF,8.0,0.0,3.24,0.0,0.0,0.0,4.8,0.0,0.0,2.56,0.0,2.4,0.0,0.0,0.0,4.8,3.0,0.0,0.0,0.0,2.34,1.38,0.0,0.0,0.0,0.0,3.38,3.74,4.39,4.26,2.36,3.69,0.0,3.41,49.75
210,706,Nélson Semedo,WOL,DEF,7.5,0.0,2.1,0.0,0.0,0.0,3.01,0.0,0.0,0.0,3.11,1.67,0.0,0.0,3.43,0.0,0.95,0.0,0.0,2.43,0.0,3.09,0.0,0.0,0.0,1.85,0.0,3.11,2.08,2.32,0.89,3.0,0.0,3.53,36.57
211,1199,Christian Eriksen,MUN,MID,7.9,0.0,1.11,0.0,0.0,0.0,1.48,0.0,0.0,0.0,1.2,1.48,0.0,0.0,1.35,0.0,1.43,0.0,0.0,1.52,0.0,0.0,1.44,0.0,0.0,0.0,1.29,1.32,1.71,1.54,1.36,0.0,1.62,1.84,21.689999999999998
212,711,Elliot Anderson,NEW,MID,6.5,0.0,0.24,0.0,0.0,0.0,0.0,0.42,0.0,0.45,0.0,0.0,0.57,0.0,0.0,0.42,0.43,0.0,0.0,0.0,0.38,0.4,0.0,0.0,0.0,0.41,0.0,0.39,0.44,0.42,0.42,0.4,0.0,0.38,6.17
213,343,Curtis Jones,LIV,MID,7.3,0.0,1.78,0.0,0.0,0.0,0.0,1.29,0.0,0.0,1.41,1.41,0.0,0.0,0.0,1.47,1.25,0.0,0.0,0.0,1.23,1.48,0.0,0.0,0.0,0.0,1.42,1.44,1.43,1.13,1.52,1.44,0.0,1.36,21.06
214,186,Jeffrey Schlupp,CRY,MID,7.2,0.0,0.0,0.0,2.74,0.0,2.53,0.0,0.0,0.0,2.94,2.42,0.0,0.0,2.78,0.0,2.45,0.0,0.0,2.57,0.0,2.32,0.0,0.0,2.64,0.0,0.0,2.52,2.68,2.81,2.65,2.81,0.0,2.6,39.46
215,159,Jorginho,ARS,MID,7.6,0.0,0.0,0.0,0.5,0.0,0.55,0.0,0.0,0.0,0.59,0.49,0.0,0.0,0.0,0.57,0.62,0.0,0.0,0.0,0.53,0.61,0.0,0.0,0.0,0.69,0.0,0.62,0.77,0.64,0.72,0.68,0.0,0.64,9.22
216,3361,Justin Kluivert,BOU,MID,7.8,0.0,1.38,0.0,0.0,0.0,2.21,0.0,0.0,2.47,0.0,0.0,2.75,0.0,0.0,1.92,1.93,0.0,0.0,1.74,0.0,2.03,0.0,0.0,0.0,2.03,0.0,1.36,1.76,1.94,1.94,1.67,0.0,1.73,28.860000000000003
217,1333,Cheick Doucouré,CRY,MID,6.9,0.0,0.0,0.0,2.73,0.0,2.53,0.0,0.0,0.0,2.88,2.6,0.0,0.0,2.84,0.0,2.58,0.0,0.0,2.76,0.0,2.45,0.0,0.0,2.82,0.0,0.0,2.5,2.82,2.9,3.01,3.08,0.0,2.67,41.17
218,1400,Amadou Onana,EVE,MID,7.4,0.0,0.0,0.96,0.0,0.0,0.99,0.0,0.0,1.1,0.0,0.98,0.0,0.0,1.04,0.0,1.19,0.0,0.0,1.2,0.0,1.13,0.0,0.0,0.0,0.0,1.17,1.2,1.17,1.28,1.29,1.22,0.0,1.29,17.21
219,879,Christian Nørgaard,BRE,MID,6.9,0.0,2.61,0.0,0.0,0.0,2.46,0.0,0.0,2.65,0.0,0.0,2.18,0.0,2.27,0.0,0.0,2.23,0.0,2.2,0.0,2.15,0.0,0.0,0.0,2.33,0.0,2.37,2.23,2.1,2.45,2.06,0.0,2.17,34.46
220,1030,Kristoffer Ajer,BRE,DEF,6.6,0.0,0.84,0.0,0.0,0.0,0.95,0.0,0.0,1.03,0.0,0.0,0.64,0.0,1.02,0.0,0.0,1.09,0.0,0.72,0.0,1.15,0.0,0.0,0.0,0.78,0.0,0.99,0.64,0.8,1.29,0.76,0.0,1.12,13.82
221,370,Harvey Elliott,LIV,MID,7.5,0.0,1.46,0.0,0.0,0.0,0.0,1.04,0.0,0.0,1.29,1.31,0.0,0.0,0.0,1.36,1.19,0.0,0.0,0.0,1.28,1.59,0.0,0.0,0.0,0.0,1.44,1.38,1.49,1.09,1.52,1.42,0.0,1.3,20.16
222,456,Matt Ritchie,NEW,DEF,6.5,0.0,0.0,0.0,0.0,0.0,0.0,0.0,0.0,0.29,0.0,0.0,0.45,0.0,0.0,0.49,0.57,0.0,0.0,0.0,0.4,0.53,0.0,0.0,0.0,0.42,0.0,0.46,0.37,0.38,0.38,0.36,0.0,0.31,5.409999999999999
223,217,Michael Keane,EVE,DEF,7.3,0.0,0.0,2.4,0.0,0.0,3.94,0.0,0.0,3.68,0.0,1.77,0.0,0.0,2.38,0.0,4.01,0.0,0.0,3.72,0.0,1.36,0.0,0.0,0.0,0.0,2.83,2.36,2.96,2.24,3.31,2.17,0.0,2.47,41.6
224,649,Abdoulaye Doucouré,EVE,MID,7.3,0.0,0.0,3.18,0.0,0.0,3.55,0.0,0.0,3.36,0.0,2.93,0.0,0.0,2.89,0.0,3.39,0.0,0.0,3.54,0.0,2.9,0.0,0.0,0.0,0.0,3.15,3.11,2.97,3.13,3.16,2.91,0.0,3.18,47.35
225,1110,Marc Cucurella,CHE,DEF,8.3,0.0,0.0,0.48,0.0,0.81,0.0,0.0,0.0,0.75,0.0,0.0,0.59,0.0,0.57,0.0,0.0,0.0,0.61,0.59,0.0,0.53,0.0,0.0,0.0,0.66,0.0,0.49,0.47,0.52,0.63,0.0,0.53,0.69,8.92
226,3461,Calvin Bassey,FUL,DEF,7.5,0.0,1.05,0.0,0.0,0.0,0.64,0.0,0.0,0.53,0.0,1.66,0.0,0.0,1.26,0.0,0.0,0.0,1.15,1.71,0.0,0.0,0.0,0.97,0.0,0.0,0.97,1.12,1.16,1.67,0.8,1.62,0.0,1.41,17.72
227,1111,Connor Roberts,BUR,DEF,7.2,0.0,0.0,0.0,0.0,0.0,0.0,3.92,0.0,3.74,0.0,0.0,0.0,3.75,3.1,0.0,1.35,0.0,0.0,3.05,0.0,2.33,0.0,0.0,0.0,3.3,0.0,4.41,1.02,4.84,4.86,3.14,0.0,1.55,44.36
228,144,Billy Gilmour,BHA,MID,6.8,0.0,1.17,0.0,0.0,0.0,1.43,0.0,0.0,1.08,0.0,1.08,0.0,0.0,0.0,1.48,1.22,0.0,0.0,0.0,1.2,0.93,0.0,0.0,0.0,0.0,1.28,1.28,1.3,1.41,1.21,1.32,0.0,1.31,18.7
229,127,Jay Rodriguez,BUR,FOR,6.8,0.0,0.0,0.0,0.0,0.0,0.0,1.81,0.0,1.91,0.0,0.0,0.0,1.63,1.66,0.0,1.3,0.0,0.0,1.71,0.0,1.52,0.0,0.0,0.0,1.63,0.0,1.82,1.39,1.96,2.05,1.61,0.0,1.45,23.45
230,802,Jean-Philippe Mateta,CRY,FOR,6.7,0.0,0.0,0.0,1.32,0.0,1.3,0.0,0.0,0.0,1.59,1.31,0.0,0.0,1.54,0.0,1.29,0.0,0.0,1.58,0.0,1.23,0.0,0.0,1.53,0.0,0.0,1.45,1.63,1.56,1.51,1.67,0.0,1.45,21.959999999999997
231,3383,Elijah Adebayo,LUT,FOR,6.9,0.0,0.0,0.0,0.0,2.6,0.0,0.0,3.04,0.0,0.0,2.61,0.0,0.0,3.04,0.0,2.55,0.0,0.0,2.86,0.0,2.54,0.0,0.0,0.0,2.19,0.0,2.63,2.45,2.77,2.53,2.6,0.0,2.26,36.669999999999995
232,410,Anthony Martial,MUN,FOR,7.9,0.0,1.15,0.0,0.0,0.0,1.34,0.0,0.0,0.0,0.87,1.0,0.0,0.0,0.91,0.0,1.02,0.0,0.0,1.06,0.0,0.0,1.07,0.0,0.0,0.0,0.82,0.97,1.38,1.05,0.84,0.0,1.13,1.37,15.980000000000004
233,206,James Tomkins,CRY,DEF,6.5,0.0,0.0,0.0,0.0,0.0,0.18,0.0,0.0,0.0,0.32,0.31,0.0,0.0,0.41,0.0,0.33,0.0,0.0,0.43,0.0,0.38,0.0,0.0,0.46,0.0,0.0,0.49,0.48,0.54,0.45,0.51,0.0,0.39,5.68
234,3365,Vitinho,BUR,DEF,6.6,0.0,0.0,0.0,0.0,0.0,0.0,1.9,0.0,1.64,0.0,0.0,0.0,1.53,1.43,0.0,0.91,0.0,0.0,1.62,0.0,1.3,0.0,0.0,0.0,1.69,0.0,2.07,0.84,2.05,2.45,1.79,0.0,1.07,22.29
235,458,Sean Longstaff,NEW,MID,7.2,0.0,0.59,0.0,0.0,0.0,0.0,0.85,0.0,0.85,0.0,0.0,0.97,0.0,0.0,0.78,0.74,0.0,0.0,0.0,0.68,0.67,0.0,0.0,0.0,0.66,0.0,0.73,0.71,0.66,0.66,0.63,0.0,0.6,10.780000000000001
236,1286,Joe Worrall,FOR,DEF,6.8,3.86,0.0,0.0,0.0,0.0,1.13,0.0,0.0,1.43,0.0,0.0,0.0,3.15,0.3,0.0,0.0,2.56,0.0,2.32,0.0,3.61,0.0,0.0,0.0,0.0,0.87,2.51,2.05,2.05,2.99,2.05,0.0,2.66,33.540000000000006
237,429,Victor Lindelöf,MUN,DEF,7.9,0.0,0.37,0.0,0.0,0.0,0.75,0.0,0.0,0.0,0.45,0.66,0.0,0.0,0.79,0.0,0.86,0.0,0.0,0.87,0.0,0.0,0.91,0.0,0.0,0.0,0.64,0.86,1.16,0.85,0.63,0.0,0.84,1.02,11.66
238,101,Neal Maupay,EVE,FOR,7.3,0.0,0.0,2.44,0.0,0.0,1.87,0.0,0.0,1.19,0.0,1.04,0.0,0.0,1.0,0.0,1.19,0.0,0.0,1.46,0.0,1.06,0.0,0.0,0.0,0.0,1.15,1.15,1.11,1.2,1.26,1.1,0.0,1.22,19.44
239,2339,Tom Lockyer,LUT,DEF,7.1,0.0,0.0,0.0,0.0,1.5,0.0,0.0,2.99,0.0,0.0,2.11,0.0,0.0,3.59,0.0,2.4,0.0,0.0,2.12,0.0,2.59,0.0,0.0,0.0,1.8,0.0,1.7,1.23,3.15,1.97,1.61,0.0,1.1,29.86
240,259,Harrison Reed,FUL,MID,7.5,0.0,2.6,0.0,0.0,0.0,2.16,0.0,0.0,1.87,0.0,2.21,0.0,0.0,2.07,0.0,0.0,0.0,2.09,2.11,0.0,0.0,0.0,2.04,0.0,0.0,1.85,2.07,1.98,2.19,2.01,2.2,0.0,2.18,31.63
241,3364,Simon Adingra,BHA,MID,7.0,0.0,0.0,0.0,0.0,0.0,0.0,0.0,0.0,0.0,0.0,0.23,0.0,0.0,0.0,0.3,0.33,0.0,0.0,0.0,0.4,0.3,0.0,0.0,0.0,0.0,0.44,0.43,0.49,0.38,0.33,0.38,0.0,0.4,4.410000000000001
242,454,Jamaal Lascelles,NEW,DEF,6.6,0.0,0.19,0.0,0.0,0.0,0.0,0.37,0.0,0.36,0.0,0.0,0.52,0.0,0.0,0.57,0.62,0.0,0.0,0.0,0.51,0.6,0.0,0.0,0.0,0.55,0.0,0.53,0.55,0.55,0.53,0.55,0.0,0.44,7.44
243,606,Angelo Ogbonna,WHU,DEF,6.9,0.0,0.0,0.31,0.0,0.0,0.35,0.0,0.57,0.0,0.0,0.37,0.0,0.0,0.0,0.34,0.68,0.0,0.0,0.0,0.5,0.0,0.51,0.0,0.0,0.0,0.69,0.55,0.71,0.6,0.67,0.45,0.0,0.55,7.85
244,481,Sander Berge,BUR,MID,7.0,0.0,0.0,0.0,0.0,0.0,0.0,2.33,0.0,2.51,0.0,0.0,0.0,2.3,2.24,0.0,1.98,0.0,0.0,2.23,0.0,2.02,0.0,0.0,0.0,2.18,0.0,2.43,2.03,2.69,2.45,2.16,0.0,2.07,31.62
245,427,Scott McTominay,MUN,MID,6.8,0.0,0.31,0.0,0.0,0.0,0.64,0.0,0.0,0.0,0.66,0.91,0.0,0.0,0.86,0.0,1.05,0.0,0.0,0.98,0.0,0.0,1.05,0.0,0.0,0.0,0.84,1.02,1.22,1.03,0.9,0.0,1.09,1.24,13.8
246,1403,Remo Freuler,FOR,MID,6.5,0.6,0.0,0.0,0.0,0.0,0.59,0.0,0.0,0.64,0.0,0.0,0.0,0.72,0.63,0.0,0.0,0.73,0.0,0.6,0.0,0.76,0.0,0.0,0.0,0.0,0.7,0.78,0.71,0.72,0.75,0.71,0.0,0.72,10.360000000000001
247,1396,Neto,BOU,GK,6.6,0.0,3.29,0.0,0.0,0.0,4.19,0.0,0.0,4.22,0.0,0.0,4.34,0.0,0.0,4.22,3.58,0.0,0.0,4.93,0.0,5.16,0.0,0.0,0.0,4.67,0.0,2.79,4.23,4.96,4.45,4.39,0.0,3.9,63.31999999999999
248,372,Joël Matip,LIV,DEF,8.0,0.0,0.64,0.0,0.0,0.0,0.0,0.57,0.0,0.0,0.83,1.09,0.0,0.0,0.0,1.04,0.77,0.0,0.0,0.0,0.8,1.11,0.0,0.0,0.0,0.0,1.23,1.2,1.09,0.66,1.26,1.31,0.0,1.15,14.75
249,853,Valentino Livramento,NEW,DEF,8.3,0.0,0.16,0.0,0.0,0.0,0.0,0.35,0.0,0.34,0.0,0.0,0.46,0.0,0.0,0.55,0.55,0.0,0.0,0.0,0.5,0.53,0.0,0.0,0.0,0.48,0.0,0.45,0.44,0.45,0.44,0.44,0.0,0.36,6.500000000000002
250,367,Harry Wilson,FUL,MID,7.4,0.0,2.63,0.0,0.0,0.0,1.91,0.0,0.0,1.4,0.0,1.94,0.0,0.0,1.65,0.0,0.0,0.0,1.68,1.78,0.0,0.0,0.0,1.73,0.0,0.0,1.51,1.77,1.61,1.95,1.63,1.97,0.0,1.89,27.049999999999997
251,715,Vladimír Coufal,WHU,DEF,7.4,0.0,0.0,2.85,0.0,0.0,1.83,0.0,3.58,0.0,0.0,1.5,0.0,0.0,0.0,1.54,3.56,0.0,0.0,0.0,2.39,0.0,2.17,0.0,0.0,0.0,3.22,2.24,3.35,2.73,3.4,1.81,0.0,2.48,38.650000000000006
252,491,John Egan,SHU,DEF,7.1,2.4,0.0,0.0,0.0,0.0,0.0,1.4,0.0,3.27,0.0,1.1,0.0,0.0,0.0,2.09,1.78,0.0,0.0,1.82,0.0,0.0,2.21,0.0,0.0,0.65,0.0,3.5,1.16,3.5,2.25,1.99,0.0,2.83,31.949999999999996
253,559,Hugo Lloris,TOT,GK,6.9,0.0,0.0,0.0,0.0,0.0,0.0,0.0,0.0,0.0,0.0,0.0,0.0,0.0,0.0,0.0,0.0,0.0,0.0,0.0,0.0,0.0,0.0,0.0,0.0,0.0,0.0,0.0,0.0,0.0,0.0,0.0,0.0,0.0,0.0
254,3184,Danilo,FOR,MID,7.0,3.44,0.0,0.0,0.0,0.0,2.62,0.0,0.0,2.6,0.0,0.0,0.0,3.0,2.21,0.0,0.0,2.9,0.0,2.52,0.0,3.07,0.0,0.0,0.0,0.0,2.43,2.82,2.66,2.86,3.11,2.76,0.0,2.79,41.79
255,1253,Boubacar Kamara,AVL,MID,6.7,0.0,0.0,2.85,0.0,0.0,0.0,2.13,0.0,0.0,2.14,2.37,0.0,0.0,2.11,0.0,2.09,0.0,0.0,1.94,0.0,0.0,2.34,0.0,0.0,2.18,0.0,2.11,2.11,2.05,2.3,1.86,0.0,2.01,32.589999999999996
256,875,Mads Roerslev,BRE,DEF,6.8,0.0,0.28,0.0,0.0,0.0,0.42,0.0,0.0,0.56,0.0,0.0,0.33,0.0,0.59,0.0,0.0,0.61,0.0,0.43,0.0,0.63,0.0,0.0,0.0,0.53,0.0,0.65,0.44,0.51,0.78,0.49,0.0,0.68,7.930000000000001
257,44,Matt Targett,NEW,DEF,7.5,0.0,0.34,0.0,0.0,0.0,0.0,0.68,0.0,0.66,0.0,0.0,0.93,0.0,0.0,0.94,1.07,0.0,0.0,0.0,0.87,1.12,0.0,0.0,0.0,0.95,0.0,0.85,1.04,0.99,0.96,0.98,0.0,0.78,13.159999999999998
258,1249,Kieffer Moore,BOU,FOR,6.8,0.0,0.6,0.0,0.0,0.0,0.82,0.0,0.0,0.72,0.0,0.0,0.83,0.0,0.0,0.74,0.71,0.0,0.0,0.77,0.0,0.88,0.0,0.0,0.0,0.85,0.0,0.63,0.73,0.91,0.9,0.78,0.0,0.82,11.69
259,1109,Takehiro Tomiyasu,ARS,DEF,7.5,0.0,0.0,0.0,2.86,0.0,2.27,0.0,0.0,0.0,1.43,1.28,0.0,0.0,0.0,1.42,1.45,0.0,0.0,0.0,1.03,1.17,0.0,0.0,0.0,1.89,0.0,1.16,1.89,1.47,2.04,1.91,0.0,1.44,24.709999999999997
260,884,Ivan Toney,BRE,FOR,8.7,0.0,0.0,0.0,0.0,0.0,0.0,0.0,0.0,0.0,0.0,0.0,0.0,0.0,0.0,0.0,0.0,0.0,0.0,0.0,0.0,0.0,0.0,0.0,0.0,0.0,0.0,0.0,0.0,0.0,0.0,0.0,0.0,0.0,0.0
261,11,Joe Willock,NEW,MID,7.6,0.0,0.0,0.0,0.0,0.0,0.0,0.0,0.0,0.0,0.0,0.0,0.26,0.0,0.0,0.7,1.42,0.0,0.0,0.0,1.49,1.61,0.0,0.0,0.0,1.45,0.0,1.63,1.71,1.73,1.72,1.61,0.0,1.53,16.86
262,720,Tosin Adarabioyo,FUL,DEF,7.0,0.0,0.89,0.0,0.0,0.0,0.55,0.0,0.0,0.44,0.0,1.3,0.0,0.0,1.02,0.0,0.0,0.0,0.87,1.18,0.0,0.0,0.0,0.77,0.0,0.0,0.74,0.88,0.98,1.28,0.65,1.24,0.0,1.09,13.88
263,1404,Sergio Gómez,MCI,DEF,7.5,0.0,0.36,0.0,0.0,0.0,0.0,0.39,0.0,0.44,0.0,0.45,0.0,0.0,0.56,0.0,0.55,0.0,0.0,0.0,0.41,0.55,0.0,0.0,0.0,0.0,0.49,0.77,0.53,0.49,0.54,0.49,0.0,0.6,7.620000000000001
264,624,Pedro Neto,WOL,MID,7.6,0.0,2.43,0.0,0.0,0.0,2.25,0.0,0.0,0.0,2.23,2.27,0.0,0.0,2.31,0.0,1.79,0.0,0.0,2.14,0.0,2.15,0.0,0.0,0.0,2.04,0.0,2.31,2.24,2.15,1.95,2.3,0.0,2.41,32.97
265,655,Alphonse Areola,WHU,GK,6.6,0.0,0.0,3.92,0.0,0.0,4.09,0.0,4.52,0.0,0.0,2.94,0.0,0.0,0.0,3.18,4.76,0.0,0.0,0.0,3.83,0.0,3.5,0.0,0.0,0.0,4.88,3.89,4.67,3.94,4.44,3.4,0.0,3.68,59.63999999999999
266,1174,Philippe Coutinho,AVL,MID,7.7,0.0,0.0,1.44,0.0,0.0,0.0,1.29,0.0,0.0,1.41,1.43,0.0,0.0,1.07,0.0,1.11,0.0,0.0,0.95,0.0,0.0,1.22,0.0,0.0,1.22,0.0,1.01,1.29,1.07,1.18,0.96,0.0,1.14,17.790000000000003
267,130,Josh Brownhill,BUR,MID,7.1,0.0,0.0,0.0,0.0,0.0,0.0,2.36,0.0,2.31,0.0,0.0,0.0,2.1,2.2,0.0,1.9,0.0,0.0,2.2,0.0,1.85,0.0,0.0,0.0,2.02,0.0,2.33,1.9,2.44,2.44,2.08,0.0,1.99,30.12
268,1441,Idrissa Gana Gueye,EVE,MID,7.4,0.0,0.0,3.03,0.0,0.0,2.71,0.0,0.0,2.79,0.0,2.67,0.0,0.0,2.32,0.0,3.05,0.0,0.0,2.94,0.0,2.74,0.0,0.0,0.0,0.0,2.76,2.58,2.84,2.72,2.28,2.72,0.0,2.87,41.019999999999996
269,1383,Manor Solomon,TOT,MID,7.0,0.0,1.35,0.0,0.0,0.0,1.5,0.0,0.0,1.42,0.0,1.75,0.0,0.0,0.0,1.38,1.56,0.0,0.0,1.57,0.0,0.0,0.0,2.09,1.54,0.0,0.0,1.65,1.67,1.61,1.15,1.81,0.0,1.49,23.539999999999996
270,828,Carney Chukwuemeka,CHE,MID,6.7,0.0,0.0,2.58,0.0,1.84,0.0,0.0,0.0,1.01,0.0,0.0,0.87,0.0,0.74,0.0,0.0,0.0,0.83,0.74,0.0,0.71,0.0,0.0,0.0,0.82,0.0,0.84,0.73,0.68,0.8,0.0,0.73,0.8,14.720000000000002
271,450,Paul Dummett,NEW,DEF,6.5,0.0,0.0,0.0,0.0,0.0,0.0,0.0,0.0,0.0,0.0,0.0,0.22,0.0,0.0,0.0,0.28,0.0,0.0,0.0,0.2,0.0,0.0,0.0,0.0,0.21,0.0,0.19,0.0,0.0,0.0,0.0,0.0,0.0,1.0999999999999999
272,727,Nathaniel Clyne,CRY,DEF,7.1,0.0,0.0,0.0,0.42,0.0,0.61,0.0,0.0,0.0,0.76,0.65,0.0,0.0,0.83,0.0,0.62,0.0,0.0,0.91,0.0,0.66,0.0,0.0,0.76,0.0,0.0,0.9,0.96,1.05,0.86,0.97,0.0,0.71,11.670000000000002
273,10,Rob Holding,ARS,DEF,7.0,0.0,0.0,0.0,0.0,0.0,0.0,0.0,0.0,0.0,0.0,0.0,0.0,0.0,0.0,0.0,0.0,0.0,0.0,0.0,0.0,0.0,0.0,0.0,0.0,0.0,0.0,0.0,0.0,0.0,0.0,0.0,0.0,0.0,0.0
274,9,Emile Smith Rowe,ARS,MID,7.9,0.0,0.0,0.0,0.38,0.0,0.5,0.0,0.0,0.0,0.46,0.4,0.0,0.0,0.0,0.5,0.45,0.0,0.0,0.0,0.41,0.44,0.0,0.0,0.0,0.63,0.0,0.51,0.63,0.56,0.7,0.62,0.0,0.54,7.730000000000001
275,189,Vicente Guaita,CRY,GK,6.6,0.0,0.0,0.0,0.0,0.0,0.0,0.0,0.0,0.0,0.0,0.0,0.0,0.0,0.22,0.0,0.17,0.0,0.0,0.27,0.0,0.2,0.0,0.0,0.26,0.0,0.0,0.22,0.37,0.34,0.28,0.31,0.0,0.25,2.89
276,3362,Mahmoud Dahoud,BHA,MID,7.5,0.0,3.8,0.0,0.0,0.0,4.6,0.0,0.0,2.87,0.0,3.16,0.0,0.0,0.0,4.45,2.93,0.0,0.0,0.0,2.76,2.19,0.0,0.0,0.0,0.0,3.22,3.56,3.64,3.83,2.81,3.45,0.0,2.72,49.99
277,344,Kostas Tsimikas,LIV,DEF,7.2,0.0,0.29,0.0,0.0,0.0,0.0,0.26,0.0,0.0,0.34,0.36,0.0,0.0,0.0,0.44,0.33,0.0,0.0,0.0,0.35,0.52,0.0,0.0,0.0,0.0,0.51,0.56,0.47,0.3,0.49,0.5,0.0,0.45,6.170000000000001
278,1168,Vitaliy Mykolenko,EVE,DEF,7.6,0.0,0.0,1.0,0.0,0.0,1.33,0.0,0.0,1.4,0.0,0.8,0.0,0.0,1.04,0.0,1.63,0.0,0.0,1.43,0.0,0.7,0.0,0.0,0.0,0.0,1.19,1.1,1.29,1.03,1.35,1.03,0.0,1.13,17.45
279,3411,Issa Kaboré,LUT,DEF,7.0,0.0,0.0,0.0,0.0,1.71,0.0,0.0,3.1,0.0,0.0,2.22,0.0,0.0,3.63,0.0,2.49,0.0,0.0,2.26,0.0,2.67,0.0,0.0,0.0,1.92,0.0,1.84,1.39,3.26,2.06,1.73,0.0,1.17,31.450000000000003
280,530,Davinson Sánchez,TOT,DEF,7.6,0.0,0.48,0.0,0.0,0.0,0.48,0.0,0.0,0.42,0.0,0.46,0.0,0.0,0.0,0.34,0.39,0.0,0.0,0.61,0.0,0.0,0.0,0.59,0.56,0.0,0.0,0.48,0.66,0.55,0.34,0.58,0.0,0.49,7.430000000000001
281,3363,Bart Verbruggen,BHA,GK,6.9,0.0,0.49,0.0,0.0,0.0,0.94,0.0,0.0,1.25,0.0,1.88,0.0,0.0,0.0,2.57,2.54,0.0,0.0,0.0,2.21,1.71,0.0,0.0,0.0,0.0,1.94,3.17,3.32,2.25,1.87,2.21,0.0,2.38,30.73
282,3403,Amari'i Bell,LUT,DEF,7.1,0.0,0.0,0.0,0.0,1.72,0.0,0.0,2.77,0.0,0.0,1.92,0.0,0.0,3.01,0.0,2.11,0.0,0.0,1.88,0.0,2.21,0.0,0.0,0.0,1.75,0.0,1.6,1.32,2.89,1.85,1.58,0.0,1.15,27.760000000000005
283,3366,Lyle Foster,BUR,FOR,6.6,0.0,0.0,0.0,0.0,0.0,0.0,1.45,0.0,0.97,0.0,0.0,0.0,0.72,0.76,0.0,0.63,0.0,0.0,0.83,0.0,0.7,0.0,0.0,0.0,0.76,0.0,0.88,0.79,0.93,0.97,0.81,0.0,0.76,11.959999999999999
284,1237,David Brooks,BOU,MID,6.7,0.0,2.54,0.0,0.0,0.0,2.91,0.0,0.0,2.32,0.0,0.0,2.61,0.0,0.0,2.14,1.76,0.0,0.0,1.75,0.0,1.98,0.0,0.0,0.0,1.92,0.0,1.45,1.75,1.8,1.81,1.57,0.0,1.63,29.939999999999998
285,1434,Divin Mubama,WHU,FOR,6.5,0.0,0.0,0.0,0.0,0.0,0.2,0.0,0.29,0.0,0.0,0.23,0.0,0.0,0.0,0.33,0.43,0.0,0.0,0.0,0.4,0.0,0.4,0.0,0.0,0.0,0.55,0.44,0.51,0.42,0.44,0.4,0.0,0.42,5.460000000000001
286,1242,Chris Mepham,BOU,DEF,6.7,0.0,0.57,0.0,0.0,0.0,1.18,0.0,0.0,1.37,0.0,0.0,1.27,0.0,0.0,1.14,1.24,0.0,0.0,1.64,0.0,2.21,0.0,0.0,0.0,1.63,0.0,0.54,1.63,2.14,1.88,1.73,0.0,1.08,21.25
287,880,Vitaly Janelt,BRE,MID,7.3,0.0,2.33,0.0,0.0,0.0,2.25,0.0,0.0,2.37,0.0,0.0,1.95,0.0,2.16,0.0,0.0,2.15,0.0,2.0,0.0,2.12,0.0,0.0,0.0,2.13,0.0,2.17,2.03,2.07,2.31,2.03,0.0,2.14,32.21
288,885,Josh Dasilva,BRE,MID,6.9,0.0,0.95,0.0,0.0,0.0,0.8,0.0,0.0,0.97,0.0,0.0,0.86,0.0,1.05,0.0,0.0,1.03,0.0,0.89,0.0,0.96,0.0,0.0,0.0,0.97,0.0,1.15,0.95,1.05,1.2,1.03,0.0,1.1,14.959999999999999
289,984,Oliver Skipp,TOT,MID,6.9,0.0,1.18,0.0,0.0,0.0,1.13,0.0,0.0,1.03,0.0,1.04,0.0,0.0,0.0,1.03,1.0,0.0,0.0,1.15,0.0,0.0,0.0,1.13,1.06,0.0,0.0,1.0,0.89,0.74,0.66,0.77,0.0,0.72,14.530000000000003
290,404,James Garner,EVE,MID,6.5,0.0,0.0,1.87,0.0,0.0,1.93,0.0,0.0,2.09,0.0,1.76,0.0,0.0,1.79,0.0,2.1,0.0,0.0,2.08,0.0,1.88,0.0,0.0,0.0,0.0,2.05,1.97,1.98,2.0,2.0,1.92,0.0,2.02,29.44
291,668,Max Lowe,SHU,DEF,6.7,2.74,0.0,0.0,0.0,0.0,0.0,1.81,0.0,3.63,0.0,1.67,0.0,0.0,0.0,2.61,2.33,0.0,0.0,2.25,0.0,0.0,2.75,0.0,0.0,1.19,0.0,3.76,1.65,3.77,2.45,2.46,0.0,2.96,38.03
292,634,Willy Boly,FOR,DEF,6.8,3.2,0.0,0.0,0.0,0.0,1.08,0.0,0.0,1.18,0.0,0.0,0.0,2.24,0.36,0.0,0.0,1.91,0.0,1.72,0.0,2.56,0.0,0.0,0.0,0.0,0.81,1.85,1.64,1.3,1.84,1.3,0.0,1.64,24.630000000000006
293,492,Chris Basham,SHU,DEF,6.7,0.94,0.0,0.0,0.0,0.0,0.0,0.65,0.0,1.16,0.0,0.57,0.0,0.0,0.0,0.91,0.79,0.0,0.0,0.85,0.0,0.0,1.01,0.0,0.0,0.44,0.0,1.58,0.65,1.52,1.1,0.98,0.0,1.31,14.459999999999999
294,297,Kalvin Phillips,MCI,MID,7.1,0.0,0.5,0.0,0.0,0.0,0.0,0.5,0.0,0.53,0.0,0.49,0.0,0.0,0.61,0.0,0.54,0.0,0.0,0.0,0.51,0.56,0.0,0.0,0.0,0.0,0.56,0.69,0.59,0.57,0.61,0.55,0.0,0.61,8.42
295,172,Ross Barkley,LUT,MID,7.2,0.0,0.0,0.0,0.0,2.05,0.0,0.0,2.3,0.0,0.0,1.91,0.0,0.0,2.23,0.0,1.96,0.0,0.0,2.07,0.0,1.87,0.0,0.0,0.0,1.7,0.0,1.88,1.88,1.99,1.86,1.89,0.0,1.73,27.319999999999997
296,3432,Bénie Adama Traore,SHU,FOR,7.0,2.72,0.0,0.0,0.0,0.0,0.0,2.17,0.0,2.63,0.0,1.91,0.0,0.0,0.0,2.02,1.91,0.0,0.0,1.88,0.0,0.0,2.25,0.0,0.0,1.83,0.0,2.36,1.87,2.55,2.04,2.2,0.0,2.32,32.66
297,594,Pablo Fornals,WHU,MID,7.4,0.0,0.0,1.15,0.0,0.0,1.32,0.0,1.6,0.0,0.0,1.36,0.0,0.0,0.0,1.6,1.91,0.0,0.0,0.0,1.71,0.0,1.46,0.0,0.0,0.0,1.97,1.67,2.05,1.73,1.87,1.7,0.0,1.76,24.860000000000007
298,686,Dean Henderson,MUN,GK,6.6,0.0,0.0,0.0,0.0,0.0,0.0,0.0,0.0,0.0,0.0,0.0,0.0,0.0,0.0,0.0,0.0,0.0,0.0,0.0,0.0,0.0,0.0,0.0,0.0,0.0,0.0,0.19,0.0,0.0,0.0,0.0,0.0,0.0,0.19
299,3208,Illia Zabarnyi,BOU,DEF,6.6,0.0,0.82,0.0,0.0,0.0,2.91,0.0,0.0,2.18,0.0,0.0,2.37,0.0,0.0,1.28,1.51,0.0,0.0,2.82,0.0,3.61,0.0,0.0,0.0,3.05,0.0,0.3,1.99,3.15,2.68,2.54,0.0,1.29,32.5
300,1438,Sasa Kalajdzic,WOL,FOR,6.7,0.0,1.21,0.0,0.0,0.0,1.11,0.0,0.0,0.0,1.1,1.22,0.0,0.0,1.27,0.0,0.95,0.0,0.0,1.14,0.0,1.33,0.0,0.0,0.0,1.15,0.0,1.22,1.48,1.36,1.19,1.52,0.0,1.61,18.86
301,3207,João Gomes,WOL,MID,6.9,0.0,2.14,0.0,0.0,0.0,2.11,0.0,0.0,0.0,2.27,2.16,0.0,0.0,2.3,0.0,1.7,0.0,0.0,1.99,0.0,2.23,0.0,0.0,0.0,1.93,0.0,2.08,2.06,2.05,1.96,2.0,0.0,2.0,30.979999999999997
302,1284,Scott McKenna,FOR,DEF,6.6,3.54,0.0,0.0,0.0,0.0,1.02,0.0,0.0,1.28,0.0,0.0,0.0,2.86,0.35,0.0,0.0,2.39,0.0,2.02,0.0,3.2,0.0,0.0,0.0,0.0,0.81,2.32,1.85,1.9,2.79,1.9,0.0,2.47,30.699999999999996
303,129,Chris Wood,FOR,FOR,7.2,0.36,0.0,0.0,0.0,0.0,0.31,0.0,0.0,0.34,0.0,0.0,0.0,0.44,0.38,0.0,0.0,0.46,0.0,0.45,0.0,0.52,0.0,0.0,0.0,0.0,0.4,0.52,0.46,0.48,0.54,0.46,0.0,0.47,6.589999999999999
304,724,Rayan Aït Nouri,WOL,DEF,7.2,0.0,0.44,0.0,0.0,0.0,0.49,0.0,0.0,0.0,0.56,0.48,0.0,0.0,0.77,0.0,0.45,0.0,0.0,0.63,0.0,0.68,0.0,0.0,0.0,0.59,0.0,0.75,0.57,0.61,0.41,0.77,0.0,0.79,8.990000000000002
305,505,James Ward-Prowse,WHU,MID,8.4,0.0,0.0,2.86,0.0,0.0,2.37,0.0,2.88,0.0,0.0,2.16,0.0,0.0,0.0,2.48,2.83,0.0,0.0,0.0,2.57,0.0,2.42,0.0,0.0,0.0,3.01,2.46,3.25,2.48,2.93,2.63,0.0,2.61,39.940000000000005
306,120,Charlie Taylor,BUR,DEF,6.8,0.0,0.0,0.0,0.0,0.0,0.0,1.56,0.0,1.26,0.0,0.0,0.0,1.42,1.26,0.0,0.79,0.0,0.0,1.27,0.0,1.19,0.0,0.0,0.0,1.4,0.0,1.83,0.62,1.73,2.08,1.54,0.0,0.87,18.82
307,1192,Toti Gomes,WOL,DEF,6.9,0.0,0.39,0.0,0.0,0.0,0.55,0.0,0.0,0.0,0.7,0.57,0.0,0.0,0.88,0.0,0.45,0.0,0.0,0.73,0.0,0.78,0.0,0.0,0.0,0.67,0.0,0.98,0.79,0.85,0.48,1.12,0.0,1.15,11.090000000000002
308,471,Wes Foderingham,SHU,GK,6.4,3.92,0.0,0.0,0.0,0.0,0.0,2.7,0.0,5.02,0.0,2.73,0.0,0.0,0.0,3.47,3.26,0.0,0.0,3.11,0.0,0.0,3.82,0.0,0.0,2.33,0.0,4.98,3.55,4.73,3.59,3.14,0.0,4.22,54.57000000000001
309,718,Ben Godfrey,EVE,DEF,7.1,0.0,0.0,0.7,0.0,0.0,1.0,0.0,0.0,1.15,0.0,0.73,0.0,0.0,0.91,0.0,1.44,0.0,0.0,1.36,0.0,0.66,0.0,0.0,0.0,0.0,1.1,0.97,1.17,0.96,1.23,0.95,0.0,1.05,15.380000000000003
310,1393,Marcus Tavernier,BOU,MID,7.2,0.0,0.0,0.0,0.0,0.0,0.0,0.0,0.0,0.0,0.0,0.0,0.0,0.0,0.0,0.63,0.99,0.0,0.0,1.68,0.0,1.75,0.0,0.0,0.0,1.63,0.0,1.4,1.6,1.78,1.79,1.61,0.0,1.66,16.52
311,1889,Arnaut Danjuma,EVE,MID,7.4,0.0,0.0,1.66,0.0,0.0,2.59,0.0,0.0,2.05,0.0,1.87,0.0,0.0,1.77,0.0,2.01,0.0,0.0,2.23,0.0,1.74,0.0,0.0,0.0,0.0,2.0,1.98,1.76,1.84,1.91,1.7,0.0,1.86,28.970000000000002
312,2319,Ben Doak,LIV,FOR,6.5,0.0,0.0,0.0,0.0,0.0,0.0,0.0,0.0,0.0,0.0,0.0,0.0,0.0,0.0,0.0,0.0,0.0,0.0,0.0,0.0,0.0,0.0,0.0,0.0,0.0,0.0,0.0,0.0,0.0,0.0,0.0,0.0,0.0,0.0
313,2095,Zeki Amdouni,BUR,FOR,7.1,0.0,0.0,0.0,0.0,0.0,0.0,3.05,0.0,3.1,0.0,0.0,0.0,2.66,2.83,0.0,2.14,0.0,0.0,2.69,0.0,2.29,0.0,0.0,0.0,2.55,0.0,2.94,2.29,3.12,3.22,2.6,0.0,2.35,37.830000000000005
314,3439,Milos Kerkez,BOU,DEF,6.7,0.0,1.0,0.0,0.0,0.0,2.42,0.0,0.0,1.99,0.0,0.0,2.45,0.0,0.0,1.44,1.64,0.0,0.0,2.4,0.0,3.38,0.0,0.0,0.0,3.09,0.0,0.41,2.1,3.09,2.69,2.49,0.0,1.36,31.950000000000003
315,493,Oliver McBurnie,SHU,FOR,7.0,1.44,0.0,0.0,0.0,0.0,0.0,2.51,0.0,3.44,0.0,2.49,0.0,0.0,0.0,2.62,2.51,0.0,0.0,2.46,0.0,0.0,2.91,0.0,0.0,2.23,0.0,3.34,2.37,3.47,2.51,2.86,0.0,3.07,40.23
316,3172,Kevin Schade,BRE,MID,6.5,0.0,2.74,0.0,0.0,0.0,2.88,0.0,0.0,3.3,0.0,0.0,2.27,0.0,3.19,0.0,0.0,2.94,0.0,2.49,0.0,3.1,0.0,0.0,0.0,2.68,0.0,3.2,2.44,2.81,3.37,2.65,0.0,2.99,43.050000000000004
317,526,Matt Doherty,WOL,DEF,7.5,0.0,0.51,0.0,0.0,0.0,0.67,0.0,0.0,0.0,0.74,0.68,0.0,0.0,1.04,0.0,0.56,0.0,0.0,0.86,0.0,0.92,0.0,0.0,0.0,0.76,0.0,1.09,0.92,0.87,0.57,1.1,0.0,1.14,12.43
318,1105,Hwang Hee-chan,WOL,MID,7.3,0.0,1.59,0.0,0.0,0.0,1.55,0.0,0.0,0.0,1.54,1.68,0.0,0.0,1.89,0.0,1.39,0.0,0.0,1.67,0.0,1.7,0.0,0.0,0.0,1.57,0.0,1.7,1.92,1.73,1.52,1.91,0.0,2.02,25.380000000000003
319,593,Josh Cullen,BUR,MID,7.0,0.0,0.0,0.0,0.0,0.0,0.0,2.39,0.0,2.54,0.0,0.0,0.0,2.48,2.15,0.0,1.83,0.0,0.0,2.05,0.0,1.91,0.0,0.0,0.0,2.32,0.0,2.35,1.86,3.11,2.43,2.02,0.0,1.93,31.37
320,1910,Micky van de Ven,TOT,DEF,7.9,0.0,3.13,0.0,0.0,0.0,4.41,0.0,0.0,3.05,0.0,4.67,0.0,0.0,0.0,1.45,2.26,0.0,0.0,4.07,0.0,0.0,0.0,3.74,3.43,0.0,0.0,2.99,3.7,3.45,0.98,4.77,0.0,2.66,48.760000000000005
321,475,Jack Robinson,SHU,DEF,6.7,1.16,0.0,0.0,0.0,0.0,0.0,0.79,0.0,1.73,0.0,0.6,0.0,0.0,0.0,1.15,0.91,0.0,0.0,1.02,0.0,0.0,1.26,0.0,0.0,0.39,0.0,1.95,0.68,2.33,1.66,1.43,0.0,1.99,19.049999999999997
322,352,Rhian Brewster,SHU,FOR,6.6,0.0,0.0,0.0,0.0,0.0,0.0,0.0,0.0,0.0,0.0,0.0,0.0,0.0,0.0,0.0,0.0,0.0,0.0,0.0,0.0,0.0,0.0,0.0,0.0,0.0,0.0,0.0,0.0,0.0,0.0,0.0,0.0,0.0,0.0
323,3405,Pelly Ruddock Mpanzu,LUT,MID,6.7,0.0,0.0,0.0,0.0,2.12,0.0,0.0,2.2,0.0,0.0,1.96,0.0,0.0,2.13,0.0,1.88,0.0,0.0,2.09,0.0,1.9,0.0,0.0,0.0,1.83,0.0,2.06,1.94,2.06,1.89,1.94,0.0,1.79,27.79
324,1346,Stefan Bajcetic,LIV,MID,7.0,0.0,0.41,0.0,0.0,0.0,0.0,0.34,0.0,0.0,0.4,0.45,0.0,0.0,0.0,0.43,0.4,0.0,0.0,0.0,0.48,0.57,0.0,0.0,0.0,0.0,0.59,0.57,0.53,0.45,0.6,0.57,0.0,0.52,7.3100000000000005
325,1450,Boubacar Traoré,WOL,MID,6.7,0.0,0.6,0.0,0.0,0.0,0.64,0.0,0.0,0.0,0.73,0.79,0.0,0.0,0.98,0.0,0.75,0.0,0.0,0.88,0.0,0.87,0.0,0.0,0.0,0.9,0.0,1.06,1.01,0.95,0.85,1.04,0.0,1.08,13.13
326,936,Emmanuel Dennis,FOR,FOR,7.1,0.0,0.0,0.0,0.0,0.0,0.0,0.0,0.0,0.0,0.0,0.0,0.0,0.0,0.0,0.0,0.0,0.0,0.0,0.0,0.0,0.0,0.0,0.0,0.0,0.0,0.0,0.0,0.0,0.0,0.0,0.0,0.0,0.0,0.0
327,980,Tahith Chong,LUT,MID,6.8,0.0,0.0,0.0,0.0,1.83,0.0,0.0,1.95,0.0,0.0,1.71,0.0,0.0,1.97,0.0,1.72,0.0,0.0,1.87,0.0,1.45,0.0,0.0,0.0,1.65,0.0,1.76,1.7,1.76,1.64,1.67,0.0,1.55,24.23
328,1407,Thilo Kehrer,WHU,DEF,7.4,0.0,0.0,0.74,0.0,0.0,0.66,0.0,1.18,0.0,0.0,0.65,0.0,0.0,0.0,0.67,1.33,0.0,0.0,0.0,1.0,0.0,0.87,0.0,0.0,0.0,1.31,0.94,1.32,1.13,1.29,0.79,0.0,1.02,14.899999999999999
329,682,Thiago Alcántara,LIV,MID,7.7,0.0,0.5,0.0,0.0,0.0,0.0,0.76,0.0,0.0,1.58,1.82,0.0,0.0,0.0,2.91,2.24,0.0,0.0,0.0,2.17,2.68,0.0,0.0,0.0,0.0,2.67,2.55,2.33,1.82,2.37,2.27,0.0,2.19,30.860000000000003
330,3458,Igor,BHA,DEF,7.6,0.0,0.93,0.0,0.0,0.0,0.64,0.0,0.0,0.62,0.0,0.57,0.0,0.0,0.0,0.95,0.69,0.0,0.0,0.0,0.72,0.43,0.0,0.0,0.0,0.0,0.83,0.83,0.92,0.91,0.69,0.87,0.0,0.98,11.58
331,421,Brandon Williams,MUN,DEF,6.6,0.0,0.0,0.0,0.0,0.0,0.32,0.0,0.0,0.0,0.25,0.37,0.0,0.0,0.42,0.0,0.47,0.0,0.0,0.4,0.0,0.0,0.52,0.0,0.0,0.0,0.35,0.45,0.66,0.51,0.39,0.0,0.51,0.61,6.2299999999999995
332,1307,Ryan Yates,FOR,MID,6.8,2.39,0.0,0.0,0.0,0.0,1.99,0.0,0.0,2.02,0.0,0.0,0.0,2.2,1.86,0.0,0.0,2.1,0.0,1.95,0.0,2.23,0.0,0.0,0.0,0.0,1.91,2.13,2.06,2.13,2.22,2.1,0.0,2.09,31.379999999999995
333,98,Adam Lallana,BHA,MID,6.8,0.0,0.81,0.0,0.0,0.0,1.11,0.0,0.0,0.97,0.0,1.04,0.0,0.0,0.0,1.53,1.12,0.0,0.0,0.0,1.18,0.92,0.0,0.0,0.0,0.0,1.52,1.34,1.46,1.31,1.15,1.34,0.0,1.37,18.17
334,1046,Trevoh Chalobah,CHE,DEF,7.9,0.0,0.0,0.0,0.0,0.0,0.0,0.0,0.0,0.0,0.0,0.0,0.0,0.0,0.0,0.0,0.0,0.0,0.0,0.0,0.0,0.0,0.0,0.0,0.0,0.0,0.0,0.0,0.0,0.0,0.0,0.0,0.0,0.0,0.0
335,812,Hugo Bueno,WOL,DEF,7.0,0.0,2.12,0.0,0.0,0.0,2.41,0.0,0.0,0.0,2.38,1.68,0.0,0.0,2.76,0.0,1.22,0.0,0.0,1.98,0.0,2.14,0.0,0.0,0.0,1.65,0.0,2.39,1.84,1.97,1.16,2.57,0.0,2.66,30.93
336,1231,Lloyd Kelly,BOU,DEF,6.7,0.0,0.0,0.0,0.0,0.0,0.0,0.0,0.0,0.0,0.0,0.0,0.0,0.0,0.0,0.0,0.0,0.0,0.0,0.0,0.0,0.0,0.0,0.0,0.0,0.0,0.0,0.0,0.0,0.0,0.0,0.0,0.0,0.0,0.0
337,1050,CJ Egan-Riley,BUR,DEF,6.5,0.0,0.0,0.0,0.0,0.0,0.0,0.0,0.0,0.17,0.0,0.0,0.0,0.18,0.2,0.0,0.15,0.0,0.0,0.2,0.0,0.23,0.0,0.0,0.0,0.23,0.0,0.24,0.15,0.24,0.27,0.21,0.0,0.16,2.63
338,963,Ryan John Giles,LUT,DEF,6.9,0.0,0.0,0.0,0.0,1.61,0.0,0.0,2.86,0.0,0.0,2.1,0.0,0.0,3.43,0.0,2.34,0.0,0.0,2.09,0.0,2.47,0.0,0.0,0.0,1.82,0.0,1.72,1.34,3.01,1.96,1.65,0.0,1.19,29.59
339,878,Shandon Baptiste,BRE,MID,6.5,0.0,0.51,0.0,0.0,0.0,0.53,0.0,0.0,0.54,0.0,0.0,0.53,0.0,0.68,0.0,0.0,0.71,0.0,0.63,0.0,0.7,0.0,0.0,0.0,0.67,0.0,0.76,0.68,0.7,0.8,0.69,0.0,0.74,9.870000000000001
340,255,Mario Lemina,WOL,MID,7.0,0.0,2.39,0.0,0.0,0.0,2.48,0.0,0.0,0.0,2.56,2.28,0.0,0.0,2.48,0.0,1.83,0.0,0.0,2.09,0.0,2.41,0.0,0.0,0.0,1.98,0.0,2.16,2.14,2.13,2.0,2.06,0.0,2.25,33.239999999999995
341,1282,Tyrell Malacia,MUN,DEF,7.7,0.0,0.0,0.0,0.0,0.0,0.0,0.0,0.0,0.0,0.0,0.0,0.0,0.0,0.0,0.0,0.0,0.0,0.0,0.0,0.0,0.0,0.0,0.0,0.0,0.0,0.0,0.0,0.0,0.0,0.0,0.0,0.0,0.0,0.0
342,225,Séamus Coleman,EVE,DEF,7.5,0.0,0.0,0.0,0.0,0.0,0.0,0.0,0.0,0.0,0.0,0.0,0.0,0.0,0.0,0.0,0.0,0.0,0.0,0.0,0.0,0.0,0.0,0.0,0.0,0.0,0.0,0.0,0.0,0.0,0.0,0.0,0.0,0.0,0.0
343,1225,Joe Rothwell,BOU,MID,6.5,0.0,1.32,0.0,0.0,0.0,0.81,0.0,0.0,0.72,0.0,0.0,0.81,0.0,0.0,0.83,0.7,0.0,0.0,0.76,0.0,0.87,0.0,0.0,0.0,0.78,0.0,0.78,0.82,0.81,0.8,0.75,0.0,0.78,12.34
344,419,Donny van de Beek,MUN,MID,7.1,0.0,0.27,0.0,0.0,0.0,0.54,0.0,0.0,0.0,0.45,0.61,0.0,0.0,0.66,0.0,0.73,0.0,0.0,0.81,0.0,0.0,0.78,0.0,0.0,0.0,0.69,0.75,1.0,0.77,0.63,0.0,0.81,0.97,10.470000000000002
345,441,Javier Manquillo,NEW,DEF,6.5,0.0,0.0,0.0,0.0,0.0,0.0,0.0,0.0,0.0,0.0,0.0,0.0,0.0,0.0,0.0,0.0,0.0,0.0,0.0,0.0,0.0,0.0,0.0,0.0,0.0,0.0,0.0,0.0,0.0,0.0,0.0,0.0,0.0,0.0
346,2077,Pablo Sarabia,WOL,MID,6.8,0.0,2.63,0.0,0.0,0.0,2.46,0.0,0.0,0.0,2.41,2.52,0.0,0.0,2.55,0.0,2.05,0.0,0.0,2.43,0.0,2.61,0.0,0.0,0.0,2.28,0.0,2.27,2.6,2.4,2.1,2.65,0.0,2.81,36.77
347,1316,Pape Matar Sarr,TOT,MID,6.5,0.0,0.74,0.0,0.0,0.0,0.86,0.0,0.0,0.81,0.0,1.05,0.0,0.0,0.0,0.83,0.88,0.0,0.0,1.04,0.0,0.0,0.0,1.1,0.92,0.0,0.0,0.92,0.8,0.66,0.54,0.71,0.0,0.63,12.490000000000004
348,360,Nathaniel Phillips,LIV,DEF,7.0,0.0,0.0,0.0,0.0,0.0,0.0,0.0,0.0,0.0,0.0,0.0,0.0,0.0,0.0,0.0,0.0,0.0,0.0,0.0,0.18,0.0,0.0,0.0,0.0,0.0,0.0,0.24,0.0,0.0,0.0,0.0,0.0,0.0,0.42
349,3407,Aribim Pepple,LUT,FOR,6.5,0.0,0.0,0.0,0.0,0.0,0.0,0.0,0.0,0.0,0.0,0.0,0.0,0.0,0.0,0.0,0.0,0.0,0.0,0.0,0.0,0.0,0.0,0.0,0.0,0.0,0.0,0.0,0.0,0.0,0.0,0.0,0.0,0.0,0.0
350,1401,Mikkel Damsgaard,BRE,MID,6.9,0.0,1.38,0.0,0.0,0.0,1.46,0.0,0.0,1.61,0.0,0.0,1.34,0.0,1.67,0.0,0.0,1.52,0.0,1.41,0.0,1.54,0.0,0.0,0.0,1.49,0.0,1.74,1.39,1.5,1.8,1.45,0.0,1.6,22.900000000000002
351,3398,Cauley Woodrow,LUT,FOR,6.6,0.0,0.0,0.0,0.0,0.0,0.0,0.0,0.0,0.0,0.0,0.0,0.0,0.0,0.0,0.0,0.0,0.0,0.0,0.19,0.0,0.18,0.0,0.0,0.0,0.16,0.0,0.18,0.17,0.18,0.17,0.17,0.0,0.16,1.5599999999999998
352,3381,Malo Gusto,CHE,DEF,6.8,0.0,0.0,4.52,0.0,5.36,0.0,0.0,0.0,4.87,0.0,0.0,4.1,0.0,3.11,0.0,0.0,0.0,2.61,1.93,0.0,1.3,0.0,0.0,0.0,1.52,0.0,0.99,0.73,0.79,0.97,0.0,0.81,1.06,34.67
353,3376,Benson Manuel,BUR,MID,7.0,0.0,0.0,0.0,0.0,0.0,0.0,1.43,0.0,2.25,0.0,0.0,0.0,1.64,1.61,0.0,1.31,0.0,0.0,1.62,0.0,1.37,0.0,0.0,0.0,1.42,0.0,1.72,1.32,1.81,1.88,1.49,0.0,1.35,22.22
354,1245,Ryan Christie,BOU,MID,6.7,0.0,2.46,0.0,0.0,0.0,2.65,0.0,0.0,2.19,0.0,0.0,2.46,0.0,0.0,2.1,1.76,0.0,0.0,1.8,0.0,1.95,0.0,0.0,0.0,1.76,0.0,1.43,1.7,1.69,1.69,1.5,0.0,1.55,28.69
355,3213,Hamed Junior Traorè,BOU,MID,6.5,0.0,1.42,0.0,0.0,0.0,1.53,0.0,0.0,1.35,0.0,0.0,1.52,0.0,0.0,1.11,1.09,0.0,0.0,0.97,0.0,1.14,0.0,0.0,0.0,1.06,0.0,0.83,1.0,1.08,1.07,0.93,0.0,0.97,17.070000000000004
356,3209,Felipe,FOR,DEF,6.7,0.0,0.0,0.0,0.0,0.0,0.0,0.0,0.0,0.0,0.0,0.0,0.0,0.0,0.0,0.0,0.0,0.0,0.0,0.0,0.0,0.0,0.0,0.0,0.0,0.0,0.0,0.0,0.0,0.0,0.0,0.0,0.0,0.0,0.0
357,1378,Harry Toffolo,FOR,DEF,6.6,0.48,0.0,0.0,0.0,0.0,0.36,0.0,0.0,0.42,0.0,0.0,0.0,0.72,0.31,0.0,0.0,0.7,0.0,0.55,0.0,0.76,0.0,0.0,0.0,0.0,0.37,0.68,0.55,0.65,0.83,0.64,0.0,0.74,8.76
358,2414,Anass Zaroury,BUR,MID,7.0,0.0,0.0,0.0,0.0,0.0,0.0,0.0,0.0,0.0,0.0,0.0,0.0,2.37,2.38,0.0,1.98,0.0,0.0,2.24,0.0,1.91,0.0,0.0,0.0,2.17,0.0,2.37,1.95,2.58,2.66,2.22,0.0,2.06,26.89
359,2068,Saša Lukić,FUL,MID,6.5,0.0,2.49,0.0,0.0,0.0,1.76,0.0,0.0,0.96,0.0,1.02,0.0,0.0,1.04,0.0,0.0,0.0,1.13,1.09,0.0,0.0,0.0,1.07,0.0,0.0,1.05,1.05,1.08,1.16,1.07,1.16,0.0,1.16,18.290000000000003
360,1934,Jakub Kiwior,ARS,DEF,7.6,0.0,0.0,0.0,1.28,0.0,1.29,0.0,0.0,0.0,0.91,0.79,0.0,0.0,0.0,0.91,1.04,0.0,0.0,0.0,0.77,0.79,0.0,0.0,0.0,1.32,0.0,0.83,1.34,1.1,1.5,1.39,0.0,1.07,16.33
361,155,Hakim Ziyech,CHE,MID,7.5,0.0,0.0,0.58,0.0,0.72,0.0,0.0,0.0,0.74,0.0,0.0,0.75,0.0,0.67,0.0,0.0,0.0,0.71,0.72,0.0,0.69,0.0,0.0,0.0,0.75,0.0,0.73,0.59,0.61,0.72,0.0,0.66,0.73,10.370000000000001
362,3400,Admiral Muskwe,LUT,FOR,6.5,0.0,0.0,0.0,0.0,0.0,0.0,0.0,0.0,0.0,0.0,0.0,0.0,0.0,0.0,0.0,0.0,0.0,0.0,0.0,0.0,0.0,0.0,0.0,0.0,0.0,0.0,0.0,0.0,0.0,0.0,0.0,0.0,0.0,0.0
363,3420,Andre Brooks,SHU,MID,6.5,0.0,0.0,0.0,0.0,0.0,0.0,0.0,0.0,0.0,0.0,0.0,0.0,0.0,0.0,0.0,0.0,0.0,0.0,0.0,0.0,0.0,0.0,0.0,0.0,0.0,0.0,0.0,0.0,0.0,0.0,0.0,0.0,0.0,0.0
364,3367,Ameen Al-Dakhil,BUR,DEF,6.6,0.0,0.0,0.0,0.0,0.0,0.0,1.08,0.0,0.92,0.0,0.0,0.0,1.09,0.97,0.0,0.59,0.0,0.0,1.06,0.0,0.81,0.0,0.0,0.0,0.95,0.0,1.38,0.5,1.26,1.52,1.13,0.0,0.68,13.939999999999998
365,1,Calum Chambers,AVL,DEF,7.3,0.0,0.0,0.91,0.0,0.0,0.0,0.92,0.0,0.0,0.62,0.89,0.0,0.0,0.63,0.0,0.74,0.0,0.0,0.78,0.0,0.0,0.89,0.0,0.0,1.01,0.0,0.91,0.99,0.64,0.85,0.63,0.0,0.72,12.13
366,1233,Adam Smith,BOU,DEF,6.9,0.0,0.0,0.0,0.0,0.0,0.0,0.0,0.0,0.0,0.0,0.0,0.0,0.0,0.0,0.0,0.0,0.0,0.0,0.0,0.0,0.0,0.0,0.0,0.0,0.0,0.0,0.0,0.0,0.0,0.0,0.0,0.0,0.0,0.0
367,861,William Osula,SHU,FOR,6.6,2.3,0.0,0.0,0.0,0.0,0.0,1.1,0.0,1.36,0.0,0.93,0.0,0.0,0.0,1.03,0.99,0.0,0.0,1.0,0.0,0.0,1.17,0.0,0.0,0.86,0.0,1.31,1.01,1.41,1.07,1.18,0.0,1.26,17.980000000000004
368,1234,Jaidon Anthony,BOU,MID,7.0,0.0,2.27,0.0,0.0,0.0,2.46,0.0,0.0,1.88,0.0,0.0,2.26,0.0,0.0,1.66,1.63,0.0,0.0,1.49,0.0,1.55,0.0,0.0,0.0,1.7,0.0,1.23,1.39,1.5,1.5,1.33,0.0,1.38,25.23
369,33,Cédric Soares,ARS,DEF,7.2,0.0,0.0,0.0,0.0,0.0,0.0,0.0,0.0,0.0,0.0,0.0,0.0,0.0,0.0,0.0,0.0,0.0,0.0,0.0,0.0,0.0,0.0,0.0,0.0,0.0,0.0,0.0,0.0,0.0,0.0,0.0,0.0,0.0,0.0
370,452,Martin Dúbravka,NEW,GK,6.3,0.0,0.0,0.0,0.0,0.0,0.0,0.0,0.0,0.0,0.0,0.0,0.0,0.0,0.0,0.0,0.0,0.0,0.0,0.0,0.21,0.0,0.0,0.0,0.0,0.0,0.0,0.2,0.22,0.22,0.21,0.22,0.0,0.18,1.46
371,709,Wesley Fofana,CHE,DEF,8.1,0.0,0.0,0.0,0.0,0.0,0.0,0.0,0.0,0.0,0.0,0.0,0.0,0.0,0.0,0.0,0.0,0.0,0.0,0.0,0.0,0.0,0.0,0.0,0.0,0.0,0.0,0.0,0.0,0.0,0.0,0.0,0.0,0.0,0.0
372,1250,Fabio Vieira,ARS,MID,7.8,0.0,0.0,0.0,0.2,0.0,0.37,0.0,0.0,0.0,0.39,0.25,0.0,0.0,0.0,0.33,0.34,0.0,0.0,0.0,0.25,0.34,0.0,0.0,0.0,0.49,0.0,0.3,0.44,0.29,0.35,0.32,0.0,0.28,4.94
373,1165,Lewis Hall,CHE,MID,6.5,0.0,0.0,0.19,0.0,0.3,0.0,0.0,0.0,0.25,0.0,0.0,0.21,0.0,0.17,0.0,0.0,0.0,0.0,0.16,0.0,0.19,0.0,0.0,0.0,0.21,0.0,0.2,0.21,0.22,0.24,0.0,0.23,0.24,3.0199999999999996
374,3151,Facundo Buonanotte,BHA,MID,7.0,0.0,1.44,0.0,0.0,0.0,1.53,0.0,0.0,1.37,0.0,1.39,0.0,0.0,0.0,1.99,1.48,0.0,0.0,0.0,1.62,1.17,0.0,0.0,0.0,0.0,1.81,1.78,2.01,1.81,1.6,1.85,0.0,1.9,24.75
375,3187,Noni Madueke,CHE,MID,7.9,0.0,0.0,1.1,0.0,1.92,0.0,0.0,0.0,2.12,0.0,0.0,2.04,0.0,1.76,0.0,0.0,0.0,1.71,1.55,0.0,1.47,0.0,0.0,0.0,1.76,0.0,1.54,1.31,1.36,1.63,0.0,1.47,1.64,24.38
376,3406,Alfie Doughty,LUT,DEF,6.9,0.0,0.0,0.0,0.0,0.82,0.0,0.0,1.13,0.0,0.0,0.83,0.0,0.0,1.22,0.0,0.93,0.0,0.0,0.96,0.0,1.04,0.0,0.0,0.0,0.87,0.0,0.9,0.71,1.24,0.88,0.79,0.0,0.59,12.91
377,214,Mason Holgate,EVE,DEF,7.2,0.0,0.0,0.77,0.0,0.0,1.19,0.0,0.0,1.21,0.0,0.79,0.0,0.0,1.02,0.0,1.59,0.0,0.0,1.42,0.0,0.76,0.0,0.0,0.0,0.0,1.18,1.05,1.18,1.05,1.32,1.01,0.0,1.12,16.66
378,260,Jay Stansfield,FUL,FOR,6.4,0.0,0.0,0.0,0.0,0.0,0.0,0.0,0.0,0.0,0.0,0.0,0.0,0.0,0.0,0.0,0.0,0.0,0.0,0.0,0.0,0.0,0.0,0.0,0.0,0.0,0.0,0.0,0.0,0.0,0.0,0.0,0.0,0.0,0.0
379,3386,Chiedozie Ogbene,LUT,FOR,6.8,0.0,0.0,0.0,0.0,1.18,0.0,0.0,1.29,0.0,0.0,1.08,0.0,0.0,1.33,0.0,1.1,0.0,0.0,1.23,0.0,1.14,0.0,0.0,0.0,1.14,0.0,1.23,1.18,1.27,1.19,1.21,0.0,1.11,16.68
380,507,Fraser Forster,TOT,GK,6.5,0.0,0.0,0.0,0.0,0.0,0.0,0.0,0.0,0.0,0.0,0.0,0.0,0.0,0.0,0.0,0.0,0.0,0.0,0.0,0.0,0.0,0.0,0.0,0.0,0.0,0.0,0.0,0.0,0.0,0.0,0.0,0.0,0.0,0.0
381,484,Oliver Norwood,SHU,MID,7.0,3.04,0.0,0.0,0.0,0.0,0.0,2.85,0.0,3.53,0.0,2.99,0.0,0.0,0.0,3.18,3.09,0.0,0.0,2.99,0.0,0.0,3.45,0.0,0.0,2.78,0.0,3.41,2.99,3.8,2.81,3.29,0.0,3.13,47.330000000000005
382,117,Jóhann Berg Guðmundsson,BUR,MID,7.0,0.0,0.0,0.0,0.0,0.0,0.0,1.18,0.0,1.11,0.0,0.0,0.0,0.95,0.93,0.0,0.77,0.0,0.0,0.97,0.0,0.82,0.0,0.0,0.0,0.92,0.0,0.98,0.82,1.04,1.08,0.91,0.0,0.85,13.329999999999998
383,45,Cameron Archer,AVL,FOR,7.2,0.0,0.0,1.01,0.0,0.0,0.0,1.19,0.0,0.0,1.28,1.69,0.0,0.0,1.37,0.0,1.74,0.0,0.0,1.51,0.0,0.0,1.67,0.0,0.0,1.79,0.0,1.61,1.9,1.34,1.49,1.2,0.0,1.43,22.219999999999995
384,728,Robin Olsen,AVL,GK,6.0,0.0,0.0,0.0,0.0,0.0,0.0,0.0,0.0,0.0,0.0,0.0,0.0,0.0,0.17,0.0,0.0,0.0,0.0,0.0,0.0,0.0,0.0,0.0,0.0,0.25,0.0,0.0,0.0,0.17,0.21,0.17,0.0,0.18,1.1500000000000001
385,1047,Armando Broja,CHE,FOR,7.4,0.0,0.0,0.0,0.0,0.0,0.0,0.0,0.0,0.0,0.0,0.0,0.0,0.0,0.0,0.0,0.0,0.0,0.79,0.95,0.0,1.12,0.0,0.0,0.0,1.32,0.0,1.12,0.93,1.06,1.3,0.0,1.16,1.32,11.070000000000002
386,529,Dele Alli,EVE,MID,7.4,0.0,0.0,0.0,0.0,0.0,0.0,0.0,0.0,0.0,0.0,0.0,0.0,0.0,0.0,0.0,0.0,0.0,0.0,0.0,0.0,0.0,0.0,0.0,0.0,0.0,0.0,0.0,0.0,0.0,0.0,0.0,0.0,0.0,0.0
387,958,Will Hughes,CRY,MID,6.6,0.0,0.0,0.0,0.0,0.0,0.0,0.0,0.0,0.0,0.0,0.0,0.0,0.0,0.0,0.0,0.0,0.0,0.0,0.0,0.0,0.0,0.0,0.0,0.0,0.0,0.0,0.0,0.0,0.0,0.0,0.0,0.0,0.0,0.0
388,1392,Orel Mangala,FOR,MID,6.7,2.07,0.0,0.0,0.0,0.0,1.73,0.0,0.0,1.69,0.0,0.0,0.0,1.83,1.61,0.0,0.0,1.8,0.0,1.67,0.0,1.81,0.0,0.0,0.0,0.0,1.65,1.75,1.71,1.69,1.74,1.67,0.0,1.68,26.1
389,696,Sergio Reguilón,TOT,DEF,7.6,0.0,0.0,0.0,0.0,0.0,0.0,0.0,0.0,0.0,0.0,0.0,0.0,0.0,0.0,0.0,0.0,0.0,0.0,0.0,0.0,0.0,0.0,0.0,0.0,0.0,0.0,0.0,0.0,0.0,0.0,0.0,0.0,0.0,0.0
390,555,Giovani Lo Celso,TOT,MID,7.6,0.0,1.55,0.0,0.0,0.0,1.82,0.0,0.0,1.69,0.0,2.0,0.0,0.0,0.0,1.47,1.68,0.0,0.0,1.87,0.0,0.0,0.0,2.09,1.68,0.0,0.0,1.84,1.7,1.69,1.24,1.9,0.0,1.58,25.799999999999997
391,597,Ben Johnson,WHU,DEF,7.2,0.0,0.0,0.2,0.0,0.0,0.22,0.0,0.44,0.0,0.0,0.3,0.0,0.0,0.0,0.3,0.67,0.0,0.0,0.0,0.44,0.0,0.46,0.0,0.0,0.0,0.72,0.53,0.75,0.57,0.63,0.43,0.0,0.52,7.18
392,1319,Moussa Niakhate,FOR,DEF,6.6,1.7,0.0,0.0,0.0,0.0,1.11,0.0,0.0,1.33,0.0,0.0,0.0,3.1,0.19,0.0,0.0,2.57,0.0,2.26,0.0,3.51,0.0,0.0,0.0,0.0,0.77,2.48,1.97,1.99,2.97,2.0,0.0,2.64,30.589999999999996
393,463,Jonjo Shelvey,FOR,MID,6.7,0.0,0.0,0.0,0.0,0.0,0.0,0.0,0.0,0.0,0.0,0.0,0.0,0.0,0.0,0.0,0.0,0.0,0.0,0.0,0.0,0.0,0.0,0.0,0.0,0.0,0.0,0.0,0.0,0.0,0.0,0.0,0.0,0.0,0.0
394,694,Bertrand Traoré,AVL,MID,6.6,0.0,0.0,0.0,0.0,0.0,0.0,0.0,0.0,0.0,0.0,0.0,0.0,0.0,0.0,0.0,0.0,0.0,0.0,0.0,0.0,0.0,0.0,0.0,0.0,0.0,0.0,0.0,0.0,0.0,0.0,0.0,0.0,0.0,0.0
395,3378,Hjalmar Ekdal,BUR,DEF,6.6,0.0,0.0,0.0,0.0,0.0,0.0,1.48,0.0,1.21,0.0,0.0,0.0,1.28,1.17,0.0,0.71,0.0,0.0,1.4,0.0,1.03,0.0,0.0,0.0,1.32,0.0,1.93,0.62,1.82,2.21,1.61,0.0,0.89,18.68
396,384,Scott Carson,MCI,GK,6.0,0.0,0.0,0.0,0.0,0.0,0.0,0.0,0.0,0.0,0.0,0.0,0.0,0.0,0.0,0.0,0.0,0.0,0.0,0.0,0.0,0.0,0.0,0.0,0.0,0.0,0.0,0.0,0.0,0.0,0.0,0.0,0.0,0.0,0.0
397,3372,Scott Twine,BUR,MID,6.6,0.0,0.0,0.0,0.0,0.0,0.0,0.83,0.0,0.93,0.0,0.0,0.0,0.7,0.76,0.0,0.63,0.0,0.0,0.8,0.0,0.72,0.0,0.0,0.0,0.87,0.0,1.03,0.67,0.96,1.01,0.81,0.0,0.74,11.459999999999999
398,663,Ryan Fraser,NEW,MID,6.8,0.0,0.0,0.0,0.0,0.0,0.0,0.0,0.0,0.0,0.0,0.0,0.27,0.0,0.0,0.3,0.28,0.0,0.0,0.0,0.29,0.31,0.0,0.0,0.0,0.24,0.0,0.25,0.31,0.27,0.27,0.25,0.0,0.24,3.2800000000000002
399,617,Leander Dendoncker,AVL,MID,6.7,0.0,0.0,0.0,0.0,0.0,0.0,0.0,0.0,0.0,0.0,0.0,0.0,0.0,0.0,0.0,0.0,0.0,0.0,0.0,0.0,0.0,0.0,0.0,0.0,0.0,0.0,0.0,0.0,0.0,0.0,0.0,0.0,0.0,0.0
400,3243,Thomas Kaminski,LUT,GK,6.3,0.0,0.0,0.0,0.0,2.51,0.0,0.0,3.57,0.0,0.0,2.76,0.0,0.0,4.42,0.0,3.52,0.0,0.0,2.79,0.0,3.3,0.0,0.0,0.0,2.55,0.0,2.36,2.55,3.83,2.93,2.32,0.0,1.87,41.28
401,3186,Dango Ouattara,BOU,MID,6.8,0.0,0.0,0.0,0.0,0.0,0.0,0.0,0.0,0.0,0.0,0.0,0.33,0.0,0.0,0.83,1.34,0.0,0.0,1.58,0.0,1.97,0.0,0.0,0.0,1.8,0.0,1.29,1.48,1.69,1.68,1.46,0.0,1.51,16.96
402,740,Folarin Balogun,ARS,FOR,7.3,0.0,0.0,0.0,0.0,0.0,0.0,0.0,0.0,0.0,0.0,0.0,0.0,0.0,0.0,0.0,0.0,0.0,0.0,0.0,0.0,0.0,0.0,0.0,0.0,0.0,0.0,0.0,0.0,0.0,0.0,0.0,0.0,0.0,0.0
403,188,Wayne Hennessey,FOR,GK,6.0,0.0,0.0,0.0,0.0,0.0,0.0,0.0,0.0,0.0,0.0,0.0,0.0,0.21,0.13,0.0,0.0,0.19,0.0,0.17,0.0,0.27,0.0,0.0,0.0,0.0,0.14,0.22,0.2,0.21,0.25,0.21,0.0,0.23,2.43
404,1308,Giulian Biancone,FOR,DEF,6.5,0.0,0.0,0.0,0.0,0.0,0.13,0.0,0.0,0.18,0.0,0.0,0.0,0.31,0.18,0.0,0.0,0.31,0.0,0.36,0.0,0.45,0.0,0.0,0.0,0.0,0.24,0.37,0.33,0.37,0.46,0.36,0.0,0.42,4.470000000000001
405,265,Tom Cairney,FUL,MID,6.7,0.0,1.34,0.0,0.0,0.0,0.99,0.0,0.0,0.73,0.0,0.94,0.0,0.0,0.81,0.0,0.0,0.0,0.92,0.94,0.0,0.0,0.0,0.9,0.0,0.0,0.9,0.96,0.9,1.05,0.89,1.07,0.0,1.02,14.360000000000001
406,1692,Benoît Badiashile,CHE,DEF,8.4,0.0,0.0,0.41,0.0,1.38,0.0,0.0,0.0,3.86,0.0,0.0,3.67,0.0,2.94,0.0,0.0,0.0,2.83,2.77,0.0,1.94,0.0,0.0,0.0,3.22,0.0,2.32,1.75,1.85,2.37,0.0,1.99,3.11,36.410000000000004
407,1387,Chris Richards,CRY,DEF,7.0,0.0,0.0,0.0,0.46,0.0,0.7,0.0,0.0,0.0,1.12,0.89,0.0,0.0,1.11,0.0,0.79,0.0,0.0,1.3,0.0,0.84,0.0,0.0,1.05,0.0,0.0,1.26,1.39,1.33,1.07,1.23,0.0,0.88,15.420000000000002
408,3408,James Shea,LUT,GK,6.2,0.0,0.0,0.0,0.0,0.0,0.0,0.0,0.0,0.0,0.0,0.19,0.0,0.0,0.22,0.0,0.24,0.0,0.0,0.2,0.0,0.28,0.0,0.0,0.0,0.27,0.0,0.24,0.23,0.4,0.32,0.29,0.0,0.27,3.15
409,26,Reiss Nelson,ARS,MID,6.8,0.0,0.0,0.0,0.0,0.0,0.36,0.0,0.0,0.0,0.33,0.26,0.0,0.0,0.0,0.36,0.32,0.0,0.0,0.0,0.3,0.38,0.0,0.0,0.0,0.32,0.0,0.36,0.44,0.41,0.53,0.46,0.0,0.39,5.22
410,1028,Frank Onyeka,BRE,MID,6.5,0.0,0.34,0.0,0.0,0.0,0.45,0.0,0.0,0.55,0.0,0.0,0.48,0.0,0.66,0.0,0.0,0.62,0.0,0.56,0.0,0.68,0.0,0.0,0.0,0.61,0.0,0.68,0.66,0.71,0.81,0.7,0.0,0.75,9.26
411,1104,Maxwel Cornet,WHU,MID,7.2,0.0,0.0,0.87,0.0,0.0,0.96,0.0,1.27,0.0,0.0,1.06,0.0,0.0,0.0,1.18,1.6,0.0,0.0,0.0,1.4,0.0,1.22,0.0,0.0,0.0,1.76,1.47,1.9,1.56,1.69,1.53,0.0,1.59,21.060000000000002
412,103,Jack Cork,BUR,MID,6.7,0.0,0.0,0.0,0.0,0.0,0.0,0.86,0.0,0.81,0.0,0.0,0.0,0.81,0.85,0.0,0.73,0.0,0.0,0.83,0.0,0.78,0.0,0.0,0.0,0.78,0.0,0.9,0.79,0.93,0.96,0.86,0.0,0.81,11.700000000000001
413,1278,Stefan Ortega,MCI,GK,6.6,0.0,0.31,0.0,0.0,0.0,0.0,0.44,0.0,0.54,0.0,0.46,0.0,0.0,0.5,0.0,0.67,0.0,0.0,0.0,0.46,0.68,0.0,0.0,0.0,0.0,0.57,0.71,0.53,0.52,0.55,0.56,0.0,0.67,8.17
414,3401,Jordan Clark,LUT,MID,6.8,0.0,0.0,0.0,0.0,0.24,0.0,0.0,0.53,0.0,0.0,0.71,0.0,0.0,0.85,0.0,0.78,0.0,0.0,0.88,0.0,0.81,0.0,0.0,0.0,0.75,0.0,0.86,0.79,0.96,0.89,0.9,0.0,0.82,10.770000000000001
415,3375,Denis Franchi,BUR,GK,6.0,0.0,0.0,0.0,0.0,0.0,0.0,0.0,0.0,0.0,0.0,0.0,0.0,0.0,0.0,0.0,0.0,0.0,0.0,0.0,0.0,0.0,0.0,0.0,0.0,0.0,0.0,0.0,0.0,0.0,0.0,0.0,0.0,0.0,0.0
416,553,Ryan Sessegnon,TOT,DEF,7.2,0.0,0.0,0.0,0.0,0.0,0.0,0.0,0.0,0.0,0.0,0.0,0.0,0.0,0.0,0.0,0.0,0.0,0.0,0.0,0.0,0.0,0.0,0.0,0.0,0.0,0.0,0.0,0.0,0.0,0.0,0.0,0.0,0.0,0.0
417,683,Arijanet Muric,BUR,GK,6.5,0.0,0.0,0.0,0.0,0.0,0.0,1.43,0.0,1.23,0.0,0.0,0.0,1.04,0.88,0.0,0.75,0.0,0.0,1.0,0.0,0.94,0.0,0.0,0.0,1.0,0.0,1.17,0.77,1.17,1.39,1.13,0.0,1.1,14.999999999999998
418,1302,Harry Arter,FOR,MID,6.5,0.0,0.0,0.0,0.0,0.0,0.0,0.0,0.0,0.0,0.0,0.0,0.0,0.0,0.0,0.0,0.0,0.0,0.0,0.0,0.0,0.0,0.0,0.0,0.0,0.0,0.0,0.0,0.0,0.0,0.0,0.0,0.0,0.0,0.0
419,3409,Allan Campbell,LUT,MID,6.7,0.0,0.0,0.0,0.0,0.62,0.0,0.0,0.5,0.0,0.0,0.45,0.0,0.0,0.48,0.0,0.51,0.0,0.0,0.52,0.0,0.57,0.0,0.0,0.0,0.51,0.0,0.55,0.51,0.6,0.57,0.57,0.0,0.54,7.499999999999999
420,6,Mohamed Elneny,ARS,MID,6.5,0.0,0.0,0.0,0.0,0.0,0.0,0.0,0.0,0.0,0.0,0.0,0.0,0.0,0.0,0.0,0.0,0.0,0.0,0.0,0.0,0.0,0.0,0.0,0.0,0.0,0.0,0.0,0.0,0.0,0.0,0.0,0.0,0.0,0.0
421,453,Emil Krafth,NEW,DEF,6.7,0.0,0.0,0.0,0.0,0.0,0.0,0.0,0.0,0.0,0.0,0.0,0.0,0.0,0.0,0.0,0.0,0.0,0.0,0.0,0.0,0.45,0.0,0.0,0.0,0.42,0.0,0.34,0.46,0.34,0.33,0.34,0.0,0.28,2.96
422,1348,Keane Lewis-Potter,BRE,MID,7.2,0.0,1.41,0.0,0.0,0.0,1.27,0.0,0.0,1.5,0.0,0.0,1.06,0.0,1.53,0.0,0.0,1.5,0.0,1.28,0.0,1.52,0.0,0.0,0.0,1.2,0.0,1.56,1.27,1.37,1.62,1.3,0.0,1.45,20.84
423,671,Brandon Austin,TOT,GK,6.0,0.0,0.0,0.0,0.0,0.0,0.0,0.0,0.0,0.0,0.0,0.0,0.0,0.0,0.0,0.0,0.0,0.0,0.0,0.0,0.0,0.0,0.0,0.21,0.2,0.0,0.0,0.19,0.22,0.2,0.15,0.21,0.0,0.18,1.5599999999999998
424,1322,Flynn Downes,WHU,MID,6.6,0.0,0.0,0.42,0.0,0.0,0.44,0.0,0.41,0.0,0.0,0.35,0.0,0.0,0.0,0.4,0.51,0.0,0.0,0.0,0.5,0.0,0.5,0.0,0.0,0.0,0.59,0.5,0.56,0.52,0.53,0.5,0.0,0.51,7.239999999999999
425,1246,Lewis Cook,BOU,MID,6.7,0.0,0.94,0.0,0.0,0.0,1.71,0.0,0.0,1.63,0.0,0.0,1.87,0.0,0.0,1.69,1.62,0.0,0.0,1.61,0.0,1.66,0.0,0.0,0.0,1.66,0.0,1.51,1.65,1.72,1.72,1.61,0.0,1.66,24.259999999999998
426,150,Callum Hudson-Odoi,CHE,MID,7.7,0.0,0.0,0.49,0.0,0.72,0.0,0.0,0.0,0.74,0.0,0.0,0.85,0.0,0.71,0.0,0.0,0.0,0.76,0.72,0.0,0.69,0.0,0.0,0.0,0.8,0.0,0.68,0.66,0.57,0.67,0.0,0.61,0.68,10.349999999999998
427,3404,Dan Potts,LUT,DEF,6.6,0.0,0.0,0.0,0.0,0.0,0.0,0.0,0.0,0.0,0.0,0.0,0.0,0.0,0.0,0.0,0.0,0.0,0.0,0.0,0.0,0.0,0.0,0.0,0.0,0.0,0.0,0.0,0.0,0.0,0.0,0.0,0.0,0.0,0.0
428,532,Japhet Tanganga,TOT,DEF,7.2,0.0,0.0,0.0,0.0,0.0,0.0,0.0,0.0,0.0,0.0,0.0,0.0,0.0,0.0,0.0,0.0,0.0,0.0,0.0,0.0,0.0,0.0,0.0,0.0,0.0,0.0,0.0,0.0,0.0,0.0,0.0,0.0,0.0,0.0
429,1847,Edson Álvarez,WHU,MID,7.1,0.0,0.0,0.29,0.0,0.0,0.82,0.0,2.08,0.0,0.0,2.07,0.0,0.0,0.0,2.31,2.55,0.0,0.0,0.0,2.44,0.0,2.24,0.0,0.0,0.0,2.66,2.34,2.68,2.39,2.63,2.4,0.0,2.46,32.36
430,197,Cheikhou Kouyaté,FOR,MID,6.8,0.27,0.0,0.0,0.0,0.0,0.27,0.0,0.0,0.3,0.0,0.0,0.0,0.42,0.36,0.0,0.0,0.43,0.0,0.44,0.0,0.45,0.0,0.0,0.0,0.0,0.37,0.46,0.47,0.49,0.52,0.48,0.0,0.48,6.210000000000001
431,3389,Luke Freeman,LUT,MID,6.6,0.0,0.0,0.0,0.0,0.25,0.0,0.0,0.3,0.0,0.0,0.26,0.0,0.0,0.35,0.0,0.26,0.0,0.0,0.37,0.0,0.31,0.0,0.0,0.0,0.34,0.0,0.35,0.33,0.36,0.33,0.34,0.0,0.3,4.45
432,628,Jonny Castro,WOL,DEF,7.3,0.0,0.2,0.0,0.0,0.0,0.27,0.0,0.0,0.0,0.34,0.35,0.0,0.0,0.58,0.0,0.27,0.0,0.0,0.45,0.0,0.5,0.0,0.0,0.0,0.4,0.0,0.64,0.44,0.45,0.33,0.55,0.0,0.56,6.33
433,730,Facundo Pellistri,MUN,MID,6.5,0.0,0.0,0.0,0.0,0.0,0.24,0.0,0.0,0.0,0.0,0.0,0.0,0.0,0.0,0.0,0.0,0.0,0.0,0.22,0.0,0.0,0.0,0.0,0.0,0.0,0.18,0.21,0.26,0.0,0.0,0.0,0.0,0.0,1.1099999999999999
434,2395,Hwang Ui-jo,FOR,FOR,6.9,0.35,0.0,0.0,0.0,0.0,0.22,0.0,0.0,0.29,0.0,0.0,0.0,0.47,0.33,0.0,0.0,0.4,0.0,0.37,0.0,0.57,0.0,0.0,0.0,0.0,0.39,0.52,0.54,0.52,0.59,0.5,0.0,0.51,6.57
435,3402,Gabriel Osho,LUT,DEF,6.9,0.0,0.0,0.0,0.0,0.3,0.0,0.0,1.36,0.0,0.0,2.03,0.0,0.0,3.36,0.0,2.29,0.0,0.0,2.03,0.0,2.45,0.0,0.0,0.0,1.74,0.0,1.64,1.25,3.03,1.91,1.57,0.0,1.09,26.05
436,549,Tanguy Ndombele,TOT,MID,7.4,0.0,0.0,0.0,0.0,0.0,0.0,0.0,0.0,0.0,0.0,0.0,0.0,0.0,0.0,0.0,0.0,0.0,0.0,0.0,0.0,0.0,0.0,0.0,0.0,0.0,0.0,0.0,0.0,0.0,0.0,0.0,0.0,0.0,0.0
437,473,Ben Osborn,SHU,MID,6.7,2.12,0.0,0.0,0.0,0.0,0.0,1.83,0.0,1.98,0.0,1.76,0.0,0.0,0.0,1.85,1.79,0.0,0.0,1.62,0.0,0.0,2.13,0.0,0.0,1.65,0.0,2.06,1.79,2.41,1.93,2.08,0.0,2.19,29.189999999999994
438,368,Caoimhín Kelleher,LIV,GK,6.1,0.0,0.0,0.0,0.0,0.0,0.0,0.0,0.0,0.0,0.0,0.0,0.0,0.0,0.0,0.0,0.0,0.0,0.0,0.0,0.0,0.24,0.0,0.0,0.0,0.0,0.0,0.0,0.0,0.0,0.0,0.0,0.0,0.0,0.24
439,444,Mark Gillespie,NEW,GK,6.0,0.0,0.0,0.0,0.0,0.0,0.0,0.0,0.0,0.0,0.0,0.0,0.0,0.0,0.0,0.0,0.0,0.0,0.0,0.0,0.0,0.0,0.0,0.0,0.0,0.0,0.0,0.0,0.0,0.0,0.0,0.0,0.0,0.0,0.0
440,3394,Luke Berry,LUT,MID,6.6,0.0,0.0,0.0,0.0,0.0,0.0,0.0,0.0,0.0,0.0,0.0,0.0,0.0,0.0,0.0,0.0,0.0,0.0,0.0,0.0,0.0,0.0,0.0,0.0,0.0,0.0,0.0,0.0,0.0,0.0,0.0,0.0,0.0,0.0
441,488,John Fleck,SHU,MID,6.8,0.0,0.0,0.0,0.0,0.0,0.0,0.0,0.0,0.0,0.0,0.0,0.0,0.0,0.0,0.0,0.0,0.0,0.0,0.0,0.0,0.0,0.0,0.0,0.0,0.0,0.0,0.0,0.0,0.0,0.0,0.0,0.0,0.0,0.0
442,615,Ryan Fredericks,BOU,DEF,6.6,0.0,0.0,0.0,0.0,0.0,0.0,0.0,0.0,0.0,0.0,0.0,0.0,0.0,0.0,0.0,0.0,0.0,0.0,0.0,0.0,0.0,0.0,0.0,0.0,0.0,0.0,0.0,0.0,0.0,0.0,0.0,0.0,0.0,0.0
443,3387,Reece Burke,LUT,DEF,6.6,0.0,0.0,0.0,0.0,0.0,0.0,0.0,0.42,0.0,0.0,0.4,0.0,0.0,0.59,0.0,0.51,0.0,0.0,0.48,0.0,0.51,0.0,0.0,0.0,0.41,0.0,0.44,0.39,0.64,0.49,0.44,0.0,0.38,6.1000000000000005
444,3415,Ismaila Cheick Coulibaly,SHU,MID,6.6,0.14,0.0,0.0,0.0,0.0,0.0,0.32,0.0,0.57,0.0,0.48,0.0,0.0,0.0,0.47,0.49,0.0,0.0,0.52,0.0,0.0,0.59,0.0,0.0,0.58,0.0,0.62,0.6,0.69,0.62,0.63,0.0,0.65,7.969999999999999
445,1027,Albert Sambi Lokonga,ARS,MID,6.8,0.0,0.0,0.0,0.0,0.0,0.0,0.0,0.0,0.0,0.0,0.0,0.0,0.0,0.0,0.0,0.0,0.0,0.0,0.0,0.0,0.0,0.0,0.0,0.0,0.0,0.0,0.0,0.0,0.0,0.0,0.0,0.0,0.0,0.0
446,3477,Gustavo Hamer,SHU,MID,6.8,0.0,0.0,0.0,0.0,0.0,0.0,0.0,0.0,0.0,0.0,0.0,0.0,0.0,0.0,0.0,0.0,0.0,0.0,0.0,0.0,0.0,0.0,0.0,0.0,0.0,0.0,0.0,0.0,0.0,0.0,0.0,0.0,0.0,0.0
447,852,Daniel Jebbison,SHU,MID,6.5,0.56,0.0,0.0,0.0,0.0,0.0,0.54,0.0,0.75,0.0,0.5,0.0,0.0,0.0,0.54,0.55,0.0,0.0,0.6,0.0,0.0,0.71,0.0,0.0,0.52,0.0,0.86,0.62,0.89,0.67,0.73,0.0,0.78,9.82
448,47,Tom Heaton,MUN,GK,6.1,0.0,0.0,0.0,0.0,0.0,0.0,0.0,0.0,0.0,0.0,0.0,0.0,0.0,0.0,0.0,0.0,0.0,0.0,0.0,0.0,0.0,0.0,0.0,0.0,0.0,0.0,0.0,0.0,0.0,0.0,0.0,0.0,0.0,0.0
449,763,Jakub Moder,BHA,MID,6.7,0.0,0.45,0.0,0.0,0.0,0.45,0.0,0.0,0.5,0.0,0.57,0.0,0.0,0.0,0.74,0.59,0.0,0.0,0.0,0.66,0.58,0.0,0.0,0.0,0.0,0.75,0.69,0.91,0.75,0.67,0.75,0.0,0.78,9.84
450,1201,Rodrigo Bentancur,TOT,MID,7.7,0.0,0.0,0.0,0.0,0.0,0.0,0.0,0.0,0.0,0.0,0.0,0.0,0.0,0.0,0.0,0.0,0.0,0.0,0.0,0.0,0.0,0.0,0.0,0.0,0.0,0.0,0.26,0.67,1.36,1.08,1.47,0.0,1.3,6.14
451,739,Karl Jakob Hein,ARS,GK,6.0,0.0,0.0,0.0,0.0,0.0,0.0,0.0,0.0,0.0,0.0,0.0,0.0,0.0,0.0,0.0,0.0,0.0,0.0,0.0,0.0,0.0,0.0,0.0,0.0,0.0,0.0,0.0,0.0,0.0,0.0,0.0,0.0,0.0,0.0
452,916,Max Aarons,BOU,DEF,6.7,0.0,1.1,0.0,0.0,0.0,2.46,0.0,0.0,2.03,0.0,0.0,2.59,0.0,0.0,1.5,1.7,0.0,0.0,2.48,0.0,3.47,0.0,0.0,0.0,3.16,0.0,0.4,2.19,3.19,2.8,2.6,0.0,1.43,33.1
453,245,Marek Rodák,FUL,GK,6.1,0.0,0.0,0.0,0.0,0.0,0.0,0.0,0.0,0.0,0.0,0.0,0.0,0.0,0.0,0.0,0.0,0.0,0.0,0.0,0.0,0.0,0.0,0.0,0.0,0.0,0.0,0.0,0.0,0.0,0.0,0.0,0.0,0.0,0.0
454,1382,Joseph Hodge,WOL,MID,6.5,0.0,0.27,0.0,0.0,0.0,0.32,0.0,0.0,0.0,0.38,0.45,0.0,0.0,0.44,0.0,0.45,0.0,0.0,0.54,0.0,0.55,0.0,0.0,0.0,0.51,0.0,0.54,0.58,0.56,0.51,0.6,0.0,0.62,7.319999999999999
455,3197,Máximo Perrone,MCI,MID,6.7,0.0,0.0,0.0,0.0,0.0,0.0,0.0,0.0,0.0,0.0,0.17,0.0,0.0,0.0,0.0,0.0,0.0,0.0,0.0,0.0,0.17,0.0,0.0,0.0,0.0,0.16,0.2,0.17,0.17,0.18,0.17,0.0,0.19,1.5799999999999998
456,3201,Daniel Bentley,WOL,GK,6.1,0.0,0.0,0.0,0.0,0.0,0.0,0.0,0.0,0.0,0.0,0.0,0.0,0.0,0.0,0.0,0.0,0.0,0.0,0.0,0.0,0.0,0.0,0.0,0.0,0.0,0.0,0.0,0.0,0.0,0.0,0.0,0.0,0.0,0.0
457,670,Jayden Bogle,SHU,DEF,6.7,0.0,0.0,0.0,0.0,0.0,0.0,0.0,0.0,0.0,0.0,0.46,0.0,0.0,0.0,0.73,0.68,0.0,0.0,0.69,0.0,0.0,0.83,0.0,0.0,0.39,0.0,1.3,0.57,1.26,0.9,0.82,0.0,1.08,9.71
458,3214,Naouirou Ahamada,CRY,MID,6.5,0.0,0.0,0.0,1.03,0.0,1.09,0.0,0.0,0.0,1.34,1.14,0.0,0.0,1.4,0.0,1.12,0.0,0.0,1.24,0.0,1.1,0.0,0.0,1.32,0.0,0.0,1.32,1.41,1.41,1.34,1.41,0.0,1.3,18.970000000000002
459,1365,Djed Spence,TOT,DEF,7.1,0.0,0.0,0.0,0.0,0.0,0.0,0.0,0.0,0.0,0.0,0.0,0.0,0.0,0.0,0.0,0.17,0.0,0.0,0.22,0.0,0.0,0.0,0.21,0.23,0.0,0.0,0.19,0.25,0.2,0.14,0.21,0.0,0.18,1.9999999999999998
460,1329,Omar Richards,FOR,DEF,6.6,0.0,0.0,0.0,0.0,0.0,0.0,0.0,0.0,0.0,0.0,0.0,0.0,0.0,0.0,0.0,0.0,0.0,0.0,0.0,0.0,0.0,0.0,0.0,0.0,0.0,0.0,0.0,0.0,0.0,0.0,0.0,0.0,0.0,0.0
461,3471,Vinicius Souza,SHU,MID,6.7,2.15,0.0,0.0,0.0,0.0,0.0,2.02,0.0,2.36,0.0,2.03,0.0,0.0,0.0,2.12,2.08,0.0,0.0,2.0,0.0,0.0,2.26,0.0,0.0,1.89,0.0,2.27,2.01,2.34,1.97,2.13,0.0,2.1,31.729999999999997
462,198,Jaïro Riedewald,CRY,MID,6.6,0.0,0.0,0.0,0.22,0.0,0.31,0.0,0.0,0.0,0.43,0.45,0.0,0.0,0.53,0.0,0.49,0.0,0.0,0.55,0.0,0.49,0.0,0.0,0.61,0.0,0.0,0.57,0.64,0.66,0.63,0.66,0.0,0.61,7.8500000000000005
463,75,Steven Alzate,BHA,MID,6.6,0.0,0.0,0.0,0.0,0.0,0.0,0.0,0.0,0.0,0.0,0.0,0.0,0.0,0.0,0.0,0.0,0.0,0.0,0.0,0.0,0.0,0.0,0.0,0.0,0.0,0.0,0.0,0.0,0.0,0.0,0.0,0.0,0.0,0.0
464,252,Tyrese Francois,FUL,MID,6.5,0.0,0.0,0.0,0.0,0.0,0.0,0.0,0.0,0.0,0.0,0.0,0.0,0.0,0.0,0.0,0.0,0.0,0.0,0.0,0.0,0.0,0.0,0.0,0.0,0.0,0.0,0.0,0.0,0.0,0.0,0.0,0.0,0.0,0.0
465,257,Marcus Bettinelli,CHE,GK,6.2,0.0,0.0,0.0,0.0,0.0,0.0,0.0,0.0,0.0,0.0,0.0,0.0,0.0,0.0,0.0,0.0,0.0,0.0,0.0,0.0,0.0,0.0,0.0,0.0,0.0,0.0,0.0,0.0,0.0,0.0,0.0,0.0,0.0,0.0
466,342,Adrián,LIV,GK,6.1,0.0,0.0,0.0,0.0,0.0,0.0,0.0,0.0,0.0,0.0,0.0,0.0,0.0,0.0,0.0,0.0,0.0,0.0,0.0,0.0,0.0,0.0,0.0,0.0,0.0,0.0,0.0,0.0,0.0,0.0,0.0,0.0,0.0,0.0
467,1309,Alexander Mighten,FOR,MID,6.5,0.0,0.0,0.0,0.0,0.0,0.0,0.0,0.0,0.0,0.0,0.0,0.0,0.0,0.0,0.0,0.0,0.0,0.0,0.0,0.0,0.0,0.0,0.0,0.0,0.0,0.0,0.0,0.0,0.0,0.0,0.0,0.0,0.0,0.0
468,891,Sergi Canós,BRE,MID,6.8,0.0,0.0,0.0,0.0,0.0,0.0,0.0,0.0,0.0,0.0,0.0,0.0,0.0,0.0,0.0,0.0,0.0,0.0,0.0,0.0,0.0,0.0,0.0,0.0,0.0,0.0,0.0,0.0,0.0,0.0,0.0,0.0,0.0,0.0
469,3196,Jhon Durán,AVL,MID,6.7,0.0,0.0,0.0,0.0,0.0,0.0,0.0,0.0,0.0,0.0,0.66,0.0,0.0,0.62,0.0,0.74,0.0,0.0,0.71,0.0,0.0,0.77,0.0,0.0,0.88,0.0,0.71,0.82,0.65,0.72,0.59,0.0,0.69,8.56
470,640,Adama Traoré,FUL,MID,7.3,0.0,1.1,0.0,0.0,0.0,1.18,0.0,0.0,1.32,0.0,1.77,0.0,0.0,1.55,0.0,0.0,0.0,1.63,1.72,0.0,0.0,0.0,1.59,0.0,0.0,1.5,1.71,1.6,1.89,1.58,1.91,0.0,1.83,23.880000000000003
471,2214,Rhys Norrington-Davies,SHU,DEF,6.7,0.0,0.0,0.0,0.0,0.0,0.0,0.0,0.0,0.0,0.0,0.0,0.0,0.0,0.0,0.0,0.0,0.0,0.0,0.0,0.0,0.0,0.0,0.0,0.0,0.0,0.0,0.0,0.0,0.0,0.0,0.0,0.0,0.0,0.0
472,2342,Adam Davies,SHU,GK,6.1,0.0,0.0,0.0,0.0,0.0,0.0,0.0,0.0,0.0,0.0,0.0,0.0,0.0,0.0,0.0,0.0,0.0,0.0,0.0,0.0,0.0,0.17,0.0,0.0,0.13,0.0,0.23,0.18,0.22,0.18,0.16,0.0,0.2,1.4699999999999998
473,3153,Gustavo Scarpa,FOR,MID,6.5,0.0,0.0,0.0,0.0,0.0,0.17,0.0,0.0,0.2,0.0,0.0,0.0,0.3,0.25,0.0,0.0,0.32,0.0,0.31,0.0,0.34,0.0,0.0,0.0,0.0,0.3,0.35,0.34,0.4,0.44,0.38,0.0,0.39,4.489999999999999
474,3205,Yasin Ayari,BHA,MID,6.5,0.0,0.0,0.0,0.0,0.0,0.0,0.0,0.0,0.0,0.0,0.0,0.0,0.0,0.0,0.0,0.0,0.0,0.0,0.0,0.0,0.0,0.0,0.0,0.0,0.0,0.0,0.0,0.0,0.0,0.0,0.0,0.0,0.0,0.0
475,821,Thomas Mcgill,BHA,GK,6.0,0.0,0.0,0.0,0.0,0.0,0.0,0.0,0.0,0.0,0.0,0.0,0.0,0.0,0.0,0.0,0.0,0.0,0.0,0.0,0.0,0.0,0.0,0.0,0.0,0.0,0.0,0.0,0.0,0.0,0.0,0.0,0.0,0.0,0.0
476,586,Darren Randolph,BOU,GK,6.0,0.0,0.0,0.0,0.0,0.0,0.0,0.0,0.0,0.0,0.0,0.0,0.0,0.0,0.0,0.0,0.0,0.0,0.0,0.0,0.0,0.0,0.0,0.0,0.0,0.0,0.0,0.0,0.0,0.0,0.0,0.0,0.0,0.0,0.0
477,3374,Samuel Bastien,BUR,MID,6.7,0.0,0.0,0.0,0.0,0.0,0.0,0.0,0.0,0.0,0.0,0.0,0.0,0.0,0.0,0.0,0.0,0.0,0.0,0.0,0.0,0.0,0.0,0.0,0.0,0.0,0.0,0.0,0.0,0.0,0.0,0.0,0.0,0.0,0.0
478,3379,Darko Churlinov,BUR,MID,6.7,0.0,0.0,0.0,0.0,0.0,0.0,0.3,0.0,0.3,0.0,0.0,0.0,0.2,0.2,0.0,0.2,0.0,0.0,0.24,0.0,0.25,0.0,0.0,0.0,0.27,0.0,0.35,0.21,0.32,0.34,0.28,0.0,0.26,3.7199999999999998
479,1358,Thomas Strakosha,BRE,GK,6.1,0.0,0.0,0.0,0.0,0.0,0.0,0.0,0.0,0.0,0.0,0.0,0.0,0.0,0.0,0.0,0.0,0.0,0.0,0.0,0.0,0.0,0.0,0.0,0.0,0.0,0.0,0.0,0.16,0.17,0.25,0.18,0.0,0.23,0.99
480,1735,Antoine Semenyo,BOU,MID,6.6,0.0,0.0,0.0,0.0,0.0,0.22,0.0,0.0,0.22,0.0,0.0,0.3,0.0,0.0,0.3,0.3,0.0,0.0,0.28,0.0,0.31,0.0,0.0,0.0,0.35,0.0,0.23,0.35,0.3,0.29,0.26,0.0,0.27,3.98
481,3392,Louie Watson,LUT,MID,6.6,0.0,0.0,0.0,0.0,0.0,0.0,0.0,0.0,0.0,0.0,0.0,0.0,0.0,0.0,0.0,0.0,0.0,0.0,0.0,0.0,0.0,0.0,0.0,0.0,0.0,0.0,0.0,0.0,0.0,0.0,0.0,0.0,0.0,0.0
482,1463,Kobbie Mainoo,MUN,MID,7.0,0.0,0.0,0.0,0.0,0.0,0.0,0.0,0.0,0.0,0.0,0.0,0.0,0.0,0.0,0.0,0.0,0.0,0.0,0.0,0.0,0.0,0.0,0.0,0.0,0.0,0.0,0.0,0.0,0.0,0.0,0.0,0.0,0.0,0.0
483,3470,Alejo Véliz,TOT,FOR,7.2,0.0,0.37,0.0,0.0,0.0,0.45,0.0,0.0,0.45,0.0,0.5,0.0,0.0,0.0,0.45,0.51,0.0,0.0,0.62,0.0,0.0,0.0,0.62,0.49,0.0,0.0,0.62,0.6,0.66,0.47,0.74,0.0,0.61,8.16
484,757,Antwoine Hackford,SHU,FOR,6.5,0.33,0.0,0.0,0.0,0.0,0.0,0.0,0.0,0.0,0.0,0.0,0.0,0.0,0.0,0.0,0.0,0.0,0.0,0.0,0.0,0.0,0.0,0.0,0.0,0.0,0.0,0.0,0.0,0.0,0.0,0.0,0.0,0.0,0.33
485,788,Andy Lonergan,EVE,GK,6.1,0.0,0.0,0.0,0.0,0.0,0.0,0.0,0.0,0.0,0.0,0.0,0.0,0.0,0.0,0.0,0.0,0.0,0.0,0.0,0.0,0.0,0.0,0.0,0.0,0.0,0.0,0.0,0.0,0.0,0.0,0.0,0.0,0.0,0.0
486,3473,Jacob Brown,LUT,FOR,6.5,0.0,0.0,0.0,0.0,0.0,0.0,0.0,0.0,0.0,0.0,0.0,0.0,0.0,0.0,0.0,0.0,0.0,0.0,0.0,0.0,0.0,0.0,0.0,0.0,0.0,0.0,0.0,0.0,0.0,0.0,0.0,0.0,0.0,0.0
487,291,Jack Harrison,EVE,MID,7.7,0.0,0.0,1.71,0.0,0.0,1.92,0.0,0.0,1.77,0.0,1.51,0.0,0.0,1.52,0.0,1.73,0.0,0.0,1.8,0.0,1.51,0.0,0.0,0.0,0.0,1.53,1.58,1.53,1.63,1.68,1.52,0.0,1.64,24.58
